paper_id,title,authors,abstract,doi,year,venue,url,keyword,source_file,source_repos,abstract_quality,format_excluded,scope_excluded,c2,c3,fulltext_flag,c2_and_c3,disposition,advances_to_fulltext,primary_reason,val_reason,keyword_conditioned_context,keyword_conditioned_paragraph_count,focus_keyword,embedding_model,text_view,cluster_method,cluster,cluster_theme_terms,umap_x,umap_y,distance_to_centroid,representative_rank,is_representative_top3,medoid_rank,lda_topic,lda_topic_probability,lda_topic_words,cluster_label_candidate,distinguishing_evidence_terms,cluster_summary_candidate,design_knowledge_form,design_knowledge_action,design_knowledge_role,design_knowledge_contribution,facet_population_or_context,facet_stakeholder_or_population,facet_method_or_lens,facet_artifact_or_domain,facet_contribution_or_outcome,nearest_papers
4ac74ce3f335,Towards a framework for documentation design: an abstract model of computer-mediated activity,"van Loggem, Brigit","An abstract model is developed of ""computer-mediated activity"" or CMA. The CMA model is based on the existing literature and describes how people interact with software to fulfil an intention and how, over time, they may achieve full mastery of the software. Academic studies related to the design of user documentation for software are sparse, and no underlying reference framework is available within which design rationale could be expressed. The CMA model is intended as a first step towards the development of such a framework. Its implications for documentation design are discussed and its application is illustrated by describing a number of well-known documentation formats in terms of the model.",10.1145/2501907.2501953,2013,Proceedings of the 31st European Conference on Cognitive Ergonomics,https://doi.org/10.1145/2501907.2501953,Design rationale,design_rationale.bib,acm|engineering_village,full,False,False,True,True,True,True,advance_criteria,True,"Develops an abstract CMA model from existing literature as a framework within which design rationale can be expressed, satisfying C2 and plausibly C3; flagged for full-text confirmation of the definitional contribution.","The title and abstract indicate extraction of architectural patterns from frameworks and modeling their quality contributions, which is a categorizing/synthesis activity around reusable design knowledge, but no explicit definition is visible in the abstract.",,0,Design rationale,tfidf-svd,context,kmeans,0,"rationale, capture, software, claims, engineering, mechanical, argumentation, representations",0.543929,6.43479,0.6725441015266433,18,False,18,2,0.9602175784904156,"rationales, software, representations, documentation, computer, develop, explicit, assess",Cluster 0: Design Rationale through definition and conceptual framing,"Framework Communicating, Tradeoffs Interactive Tools, Feature Specification Evidence, Definitions Representations Capabilities","This cluster defines and conceptualizes design rationale, emphasizing how a design-knowledge construct is made explicit, organized, or put to work rather than only where it is applied. Conceptually, it treats design rationale as traceable decision rationale. Related forms include Design Frameworks, Design Knowledge. The shared move also involves synthesis of prior work and capture and transfer. Its contribution pattern is coded as Theoretical, Methodological, Artifact/System. Representative papers include Design rationale capture as knowledge acquisition: tradeoffs in the design of interactive tools; Feature, specification and evidence framework for communicating design rationale.",Design Rationale,defines and conceptualizes,Traceable Decision Rationale,defines and conceptualizes Design Rationale,,Designers,,Tool,"Theoretical, Methodological, Artifact/System","[{'paper_id': '296e021afe91', 'title': 'A generic model for reflective design', 'cluster': 0, 'distance': 0.3974832734397805}, {'paper_id': '7a42dd52852e', 'title': ""What's in design rationale?"", 'cluster': 0, 'distance': 0.8045644888037746}, {'paper_id': '4567075d70b4', 'title': 'Making Argumentation Serve Design', 'cluster': 0, 'distance': 0.8107339738924121}, {'paper_id': 'd5d39efbe945', 'title': 'Method rationale in method engineering', 'cluster': 0, 'distance': 0.8788972300894693}, {'paper_id': '75731fe2e6d1', 'title': 'Feature, specification and evidence framework for communicating design rationale', 'cluster': 0, 'distance': 0.9020786483852808}]"
12568f76ff90,Patterns or claims: do they help in communicating design advice?,"Abraham, George and Atwood, Michael E.","Past research asserts that patterns or claims will help capture and communicate interaction-design advice. Both structures attempt to provide advice in context along with the justifications for fit. These properties aim to make patterns or claims more concrete and comprehensible to novice designers than design guidelines. However, empirical work evaluating these promises is lacking. This research presents a controlled study that examines the value of structuring design advice as patterns or as claims. Patterns and claims seem different given their respective roots in architecture and design rationale. They also differ in their emphasis when capturing design decisions; patterns emphasize capturing a problem-solution pair in a certain context, whereas claims focus on capturing the positive and negative implications to a design decision. The findings from the study suggest it may be promising to combine the claim and pattern structures and that such a structure may facilitate discussions of design trade-offs.",10.1145/1738826.1738831,2009,Proceedings of the 21st Annual Conference of the Australian Computer-Human Interaction Special Interest Group: Design: Open 24/7,https://doi.org/10.1145/1738826.1738831,Design rationale,design_rationale.bib,acm|engineering_village,full,False,False,True,True,True,True,advance_criteria,True,"Empirically compares patterns versus claims as structures for communicating design advice, treating these design-knowledge constructs as the topic of study and distinguishing them from guidelines, plausibly satisfying C2/C3.","It empirically studies patterns and claims as forms of interaction-design advice, treating design-knowledge constructs as the topic, but the abstract does not clearly indicate a literature synthesis or explicit definition.",,0,Design rationale,tfidf-svd,context,kmeans,0,"rationale, capture, software, claims, engineering, mechanical, argumentation, representations",2.4097292,4.854682,0.6358132178764067,14,False,14,1,0.9301218181114993,"claims, communicating, evaluating, communicate, empirical, capture, justifications, rationale",Cluster 0: Design Rationale through definition and conceptual framing,"Framework Communicating, Tradeoffs Interactive Tools, Feature Specification Evidence, Definitions Representations Capabilities","This cluster defines and conceptualizes design rationale, emphasizing how a design-knowledge construct is made explicit, organized, or put to work rather than only where it is applied. Conceptually, it treats design rationale as traceable decision rationale. Related forms include Design Frameworks, Design Knowledge. The shared move also involves synthesis of prior work and capture and transfer. Its contribution pattern is coded as Theoretical, Methodological, Artifact/System. Representative papers include Design rationale capture as knowledge acquisition: tradeoffs in the design of interactive tools; Feature, specification and evidence framework for communicating design rationale.",Design Rationale,defines and conceptualizes,Traceable Decision Rationale,defines and conceptualizes Design Rationale,,Designers,,Tool,"Theoretical, Methodological, Artifact/System","[{'paper_id': '24bfa2182839', 'title': 'Designing claims for reuse in interactive systems design', 'cluster': 0, 'distance': 0.44378712074365945}, {'paper_id': 'edde6dc75b19', 'title': 'The language of design: Theory and computation', 'cluster': 0, 'distance': 0.5887034283614758}, {'paper_id': '75731fe2e6d1', 'title': 'Feature, specification and evidence framework for communicating design rationale', 'cluster': 0, 'distance': 0.8559270548743728}, {'paper_id': '19c286f4e44f', 'title': 'Scientific design rationale', 'cluster': 0, 'distance': 0.878619843300239}, {'paper_id': 'e875047efc35', 'title': 'Design rationale capture as knowledge acquisition: tradeoffs in the design of interactive tools', 'cluster': 0, 'distance': 0.9023436481221345}]"
296e021afe91,A generic model for reflective design,"Louridas, Panagiotis and Loucopoulos, Pericles","Rapid technological change has had an impact on the nature of software. This has led to new exigencies and to demands for software engineering paradigms that pay particular atttention to meeting them. We advocate that such demands can be met, at least in large parts, through the adoption of software engineering processes that are founded on a reflective stance. To this end, we turn our attention to the field of Design Rationale. We analyze and characterize Design Rationale approaches and show that despite surface differences between different approaches, they all tend to be variants of a relatively small set of static and dynamic affinities. We use the synthesis of static and dynamic affinities to develop a generic model for reflective design. The model is nonprescriptive and affects minimally the design process. It is context-independent and is intended to be used as a facilitator in participative design, supporting group communication and deliberation. The potential utility of the model is demonstrated through two examples, one from the world of business design and the other from programming language design",10.1145/350887.350895,2000,ACM Trans. Softw. Eng. Methodol.,https://doi.org/10.1145/350887.350895,Design rationale,design_rationale.bib,acm|engineering_village,full,False,False,True,True,False,True,advance_criteria,True,Analyzes and characterizes Design Rationale approaches from prior work (C2) and proposes a generic model defining the construct for reflective design (C3).,"Analyzes and characterizes design rationale approaches to propose a generic reflective design model, indicating synthesis of a design-knowledge construct, but whether it explicitly defines or adapts that construct is unclear from the abstract alone.",,0,Design rationale,tfidf-svd,context,kmeans,0,"rationale, capture, software, claims, engineering, mechanical, argumentation, representations",0.33759215,7.0350394,0.5970583533723949,12,False,12,3,0.9477284076886289,"rationale, software, engineering, questions, need, potential, nature, argumentation",Cluster 0: Design Rationale through definition and conceptual framing,"Framework Communicating, Tradeoffs Interactive Tools, Feature Specification Evidence, Definitions Representations Capabilities","This cluster defines and conceptualizes design rationale, emphasizing how a design-knowledge construct is made explicit, organized, or put to work rather than only where it is applied. Conceptually, it treats design rationale as traceable decision rationale. Related forms include Design Frameworks, Design Knowledge. The shared move also involves synthesis of prior work and capture and transfer. Its contribution pattern is coded as Theoretical, Methodological, Artifact/System. Representative papers include Design rationale capture as knowledge acquisition: tradeoffs in the design of interactive tools; Feature, specification and evidence framework for communicating design rationale.",Design Rationale,defines and conceptualizes,Traceable Decision Rationale,defines and conceptualizes Design Rationale,,Designers,,Tool,"Theoretical, Methodological, Artifact/System","[{'paper_id': '4ac74ce3f335', 'title': 'Towards a framework for documentation design: an abstract model of computer-mediated activity', 'cluster': 0, 'distance': 0.3974832734397805}, {'paper_id': 'd5d39efbe945', 'title': 'Method rationale in method engineering', 'cluster': 0, 'distance': 0.7580631328503616}, {'paper_id': '75731fe2e6d1', 'title': 'Feature, specification and evidence framework for communicating design rationale', 'cluster': 0, 'distance': 0.7810735562107353}, {'paper_id': '6d339b25d458', 'title': 'Shared Mental Models for Collaborative Mechanical Design in Mechanical Engineering', 'cluster': 0, 'distance': 0.7870454387722943}, {'paper_id': 'a60240423604', 'title': 'Reviewing the state-of-the-art design rationale definitions, representations and capabilities', 'cluster': 0, 'distance': 0.8355623371203124}]"
75731fe2e6d1,"Feature, specification and evidence framework for communicating design rationale","Mirabito, Y. (1); Tchatchouang Kayo, M.A. (2); Goucher-Lambert, K. (1)","Design rationale is the justification behind a product component, often captured via written reports and oral presentations. Research shows that the structure and information used to communicate and document rationale significantly influence human behavior. To better understand the influence of design rationale on engineering design, we investigate the information engineers and designers include in design rationales in written reports. Eight hundred and forty-six pages of student engineering design reports from 28 teams representing 116 individuals were analyzed using a mixed-methods approach and compared across project types. The rationales from the reports were coded inductively into concepts and later applied to five industry reports consisting of 218 pages. The findings reveal a spectrum of rationales underpinning design decisions. Grounded in the data, the feature, specification and evidence (FSE) framework emerged as a feature-based and low-effort capture approach. We discuss the need to improve design communication in engineering design, through structuring rationales (i.e., using the proposed FSE framework or other representations) and improving technical writing skills. Lastly, by enhancing design rationale communication and documentation practices, significant benefits can be realized for computational support tools such as automatic rationale extraction or generative approaches.",10.1017/dsj.2024.19,,Design Science,,Design rationale,design_rationale.csv,engineering_village,full,False,False,True,True,True,True,advance_criteria,True,"Investigates and proposes a framework for the information in design rationales and defines design rationale, treating the construct as the topic of study; flagged to confirm definitional framing.","Proposes a structured method for analyzing errors in design rationale to support robust artifact design; design rationale is central, but the abstract does not clearly indicate synthesis from prior literature or an explicit definition beyond background.",,0,Design rationale,tfidf-svd,context,kmeans,0,"rationale, capture, software, claims, engineering, mechanical, argumentation, representations",0.28672636,7.787885,0.47148284611555535,2,True,2,5,0.4345136962555088,"rationale, capture, reuse, argumentation, implies, claims, representations, limitations",Cluster 0: Design Rationale through definition and conceptual framing,"Framework Communicating, Tradeoffs Interactive Tools, Feature Specification Evidence, Definitions Representations Capabilities","This cluster defines and conceptualizes design rationale, emphasizing how a design-knowledge construct is made explicit, organized, or put to work rather than only where it is applied. Conceptually, it treats design rationale as traceable decision rationale. Related forms include Design Frameworks, Design Knowledge. The shared move also involves synthesis of prior work and capture and transfer. Its contribution pattern is coded as Theoretical, Methodological, Artifact/System. Representative papers include Design rationale capture as knowledge acquisition: tradeoffs in the design of interactive tools; Feature, specification and evidence framework for communicating design rationale.",Design Rationale,defines and conceptualizes,Traceable Decision Rationale,defines and conceptualizes Design Rationale,,Designers,,Tool,"Theoretical, Methodological, Artifact/System","[{'paper_id': '7a42dd52852e', 'title': ""What's in design rationale?"", 'cluster': 0, 'distance': 0.6659965715532348}, {'paper_id': '6d339b25d458', 'title': 'Shared Mental Models for Collaborative Mechanical Design in Mechanical Engineering', 'cluster': 0, 'distance': 0.669594160381868}, {'paper_id': 'ab97fa9e6ec7', 'title': '""Argumentative Design Rationale and the Object-Oriented Development Process: better analysis, better design""', 'cluster': 0, 'distance': 0.7153067392347894}, {'paper_id': '16b7f7939f93', 'title': 'Characterizing Design Rationales Using Computational Linguistics and Human Evaluations', 'cluster': 0, 'distance': 0.7292892366599207}, {'paper_id': '296e021afe91', 'title': 'A generic model for reflective design', 'cluster': 0, 'distance': 0.7810735562107353}]"
a60240423604,"Reviewing the state-of-the-art design rationale definitions, representations and capabilities","Sagoo, J. (1); Tiwari, A. (1); Alcock, J. (1)","This paper aims to identify how researchers have defined the concept of design rationale, report on the state-of-the-art design rationale representations and categorise the capabilities that design rationale currently has to offer. To guide this review of the literature, three research questions have been posed each addressing the specified aims of this paper. Design rationale is inherently linked to the explanation of a set of reasons or a logical basis for a course of action in the generic context of design. New methods for representing design rationale have been developed since year 2000, many extending the seminal issue-based information system method. There are 13 categories of design rationale capabilities that have been identified in this review.",10.1504/IJDE.2014.062377,,International Journal of Design Engineering,,Design rationale,design_rationale.csv,engineering_village,full,False,False,True,True,False,True,advance_criteria,True,"Explicitly reviews how researchers define design rationale and categorizes its representations and capabilities from prior literature, satisfying both C2 and C3.","This is explicitly a literature review that identifies definitions, reviews representations, and categorizes capabilities of design rationale, and it also states a definition of the concept in the abstract.",,0,Design rationale,tfidf-svd,context,kmeans,0,"rationale, capture, software, claims, engineering, mechanical, argumentation, representations",1.3844777,6.436001,0.5010946890860011,3,True,3,5,0.9505575203119546,"rationale, capture, reuse, argumentation, implies, claims, representations, limitations",Cluster 0: Design Rationale through definition and conceptual framing,"Framework Communicating, Tradeoffs Interactive Tools, Feature Specification Evidence, Definitions Representations Capabilities","This cluster defines and conceptualizes design rationale, emphasizing how a design-knowledge construct is made explicit, organized, or put to work rather than only where it is applied. Conceptually, it treats design rationale as traceable decision rationale. Related forms include Design Frameworks, Design Knowledge. The shared move also involves synthesis of prior work and capture and transfer. Its contribution pattern is coded as Theoretical, Methodological, Artifact/System. Representative papers include Design rationale capture as knowledge acquisition: tradeoffs in the design of interactive tools; Feature, specification and evidence framework for communicating design rationale.",Design Rationale,defines and conceptualizes,Traceable Decision Rationale,defines and conceptualizes Design Rationale,,Designers,,Tool,"Theoretical, Methodological, Artifact/System","[{'paper_id': '7a42dd52852e', 'title': ""What's in design rationale?"", 'cluster': 0, 'distance': 0.6313345419901332}, {'paper_id': '19c286f4e44f', 'title': 'Scientific design rationale', 'cluster': 0, 'distance': 0.6366260213107955}, {'paper_id': 'e875047efc35', 'title': 'Design rationale capture as knowledge acquisition: tradeoffs in the design of interactive tools', 'cluster': 0, 'distance': 0.7058646123056536}, {'paper_id': '4567075d70b4', 'title': 'Making Argumentation Serve Design', 'cluster': 0, 'distance': 0.7971625998622673}, {'paper_id': '75731fe2e6d1', 'title': 'Feature, specification and evidence framework for communicating design rationale', 'cluster': 0, 'distance': 0.797701179689331}]"
19c286f4e44f,Scientific design rationale,"Haynes, Steven R. (1, 2); Bach, Paula M. (1); Carroll, John M. (1)","Design rationale should be regarded both as a tool for the practice of design, and as a method to enable the science of design. Design rationale answers questions about why a given design takes the form that it does. Answers to these why questions represent a significant portion of the knowledge generated from design research. This knowledge, along with that from empirical studies of designs in use, contributes to what Simon called the sciences of the artificial. Most research on the nature and use of design rationale has been analytic or theoretical. In this article, we describe an empirical study of the roles that design rationale can play in the conduct of design research. We report results from an interview study with 16 design researchers investigating how they construe and carry out design as research. The results include an integrated framework of the affordances design rationale can contribute to design research. The framework and supporting qualitative data provide insight into how design rationale might be more effectively leveraged as a first-class methodology for research into the creation and use of artifacts. Copyright ¬© 2008 Cambridge University Press.",10.1017/S0890060408000243,2008,"Artificial Intelligence for Engineering Design, Analysis and Manufacturing: AIEDAM",,Design rationale,design_rationale.csv,engineering_village,full,False,False,True,True,True,True,advance_criteria,True,"Treats design rationale as the object of study, discussing it as knowledge from design research and likely defining it, satisfying C2 and plausibly C3.","Focuses on design rationale as a knowledge-generating concept and reports empirical work, but the abstract does not clearly show a synthesis from prior literature or an explicit definition, so full text is needed.",,0,Design rationale,tfidf-svd,context,kmeans,0,"rationale, capture, software, claims, engineering, mechanical, argumentation, representations",1.8284,7.053537,0.5491732017816899,8,False,8,3,0.9357340315099945,"rationale, software, engineering, questions, need, potential, nature, argumentation",Cluster 0: Design Rationale through definition and conceptual framing,"Framework Communicating, Tradeoffs Interactive Tools, Feature Specification Evidence, Definitions Representations Capabilities","This cluster defines and conceptualizes design rationale, emphasizing how a design-knowledge construct is made explicit, organized, or put to work rather than only where it is applied. Conceptually, it treats design rationale as traceable decision rationale. Related forms include Design Frameworks, Design Knowledge. The shared move also involves synthesis of prior work and capture and transfer. Its contribution pattern is coded as Theoretical, Methodological, Artifact/System. Representative papers include Design rationale capture as knowledge acquisition: tradeoffs in the design of interactive tools; Feature, specification and evidence framework for communicating design rationale.",Design Rationale,defines and conceptualizes,Traceable Decision Rationale,defines and conceptualizes Design Rationale,,Designers,,Tool,"Theoretical, Methodological, Artifact/System","[{'paper_id': 'a60240423604', 'title': 'Reviewing the state-of-the-art design rationale definitions, representations and capabilities', 'cluster': 0, 'distance': 0.6366260213107955}, {'paper_id': 'd5d39efbe945', 'title': 'Method rationale in method engineering', 'cluster': 0, 'distance': 0.6415793607656204}, {'paper_id': 'e875047efc35', 'title': 'Design rationale capture as knowledge acquisition: tradeoffs in the design of interactive tools', 'cluster': 0, 'distance': 0.7838311165471665}, {'paper_id': '4567075d70b4', 'title': 'Making Argumentation Serve Design', 'cluster': 0, 'distance': 0.799357790588584}, {'paper_id': '75731fe2e6d1', 'title': 'Feature, specification and evidence framework for communicating design rationale', 'cluster': 0, 'distance': 0.8076717222908856}]"
40034332988c,Redesigning the rationale for design rationale,"Atwood, Michael E. (1); Horner, John (1)","One goal of design rationale systems is to support designers by providing a means to record and communicate the argumentation and reasoning behind the design process. However, there are several inherent limitations to developing systems that effectively capture and utilize design rationale. The dynamic and contextual nature of design and our inability to exhaustively analyze all possible design issues results in cognitive, capture, retrieval, and usage limitations. In addition, there are the organizational limitations that ensue when systems are deployed. In this paper we analyze the essential problems that prevent the successful development and use of design rationale systems. We argue that useful and effective design rationale systems cannot be built unless we carefully redefine the goal of design rationale systems. ¬© Springer-Verlag Berlin Heidelberg 2007.",10.1007/978-3-540-73105-4_2,2007,Lecture Notes in Computer Science (including subseries Lecture Notes in Artificial Intelligence and Lecture Notes in Bioinformatics),,Design rationale,design_rationale.csv,engineering_village,full,False,False,True,True,True,True,advance_criteria,True,"Analyzes essential limitations of design rationale systems as its topic and likely characterizes/defines design rationale, satisfying C2 and plausibly C3, but full text needed to confirm definition.","Analyzes essential limitations of design rationale systems and the contextual nature of design rationale as the topic of study, suggesting a conceptual synthesis/categorization, but the abstract does not clearly state an explicit definition.",,0,Design rationale,tfidf-svd,context,kmeans,0,"rationale, capture, software, claims, engineering, mechanical, argumentation, representations",2.380015,5.6822743,0.5617990260420236,9,False,9,5,0.9880717644279968,"rationale, capture, reuse, argumentation, implies, claims, representations, limitations",Cluster 0: Design Rationale through definition and conceptual framing,"Framework Communicating, Tradeoffs Interactive Tools, Feature Specification Evidence, Definitions Representations Capabilities","This cluster defines and conceptualizes design rationale, emphasizing how a design-knowledge construct is made explicit, organized, or put to work rather than only where it is applied. Conceptually, it treats design rationale as traceable decision rationale. Related forms include Design Frameworks, Design Knowledge. The shared move also involves synthesis of prior work and capture and transfer. Its contribution pattern is coded as Theoretical, Methodological, Artifact/System. Representative papers include Design rationale capture as knowledge acquisition: tradeoffs in the design of interactive tools; Feature, specification and evidence framework for communicating design rationale.",Design Rationale,defines and conceptualizes,Traceable Decision Rationale,defines and conceptualizes Design Rationale,,Designers,,Tool,"Theoretical, Methodological, Artifact/System","[{'paper_id': '9378ab34b041', 'title': 'Redesigning the rationale for design rationale', 'cluster': 0, 'distance': 0.0}, {'paper_id': 'e875047efc35', 'title': 'Design rationale capture as knowledge acquisition: tradeoffs in the design of interactive tools', 'cluster': 0, 'distance': 0.8197813546040047}, {'paper_id': '4567075d70b4', 'title': 'Making Argumentation Serve Design', 'cluster': 0, 'distance': 0.858900926208568}, {'paper_id': '19c286f4e44f', 'title': 'Scientific design rationale', 'cluster': 0, 'distance': 0.8715135235888922}, {'paper_id': 'ab97fa9e6ec7', 'title': '""Argumentative Design Rationale and the Object-Oriented Development Process: better analysis, better design""', 'cluster': 0, 'distance': 0.8718205425813872}]"
9378ab34b041,Redesigning the rationale for design rationale,"Atwood, M.E. (1); Horner, J. (1)","One goal of design rationale systems is to support designers by providing a means to record and communicate the argumentation and reasoning behind the design process. However, there are several inherent limitations to developing systems that effectively capture and utilize design rationale. The dynamic and contextual nature of design and our inability to exhaustively analyze all possible design issues results in cognitive, capture, retrieval, and usage limitations. In addition, there are the organizational limitations that ensue when systems are deployed. In this paper we analyze the essential problems that prevent the successful development and use of design rationale systems. We argue that useful and effective design rationale systems cannot be built unless we carefully redefine the goal of design rationale systems.",,,"Human-Computer Interaction - Interaction Design and Usability. Proceedings 12th International Conference, HCI International 2007",,Design rationale,design_rationale.csv,engineering_village,full,False,False,True,True,True,True,advance_criteria,True,"Duplicate of prior entry; analyzes limitations of design rationale as topic and likely characterizes/defines it, satisfying C2 and plausibly C3, flagged for full-text confirmation.","Analyzes essential limitations of design rationale systems and the contextual nature of design rationale as the topic of study, suggesting a conceptual synthesis/categorization, but the abstract does not clearly state an explicit definition.",,0,Design rationale,tfidf-svd,context,kmeans,0,"rationale, capture, software, claims, engineering, mechanical, argumentation, representations",1.2927684,5.201566,0.5617990260420236,10,False,10,5,0.9880717644279968,"rationale, capture, reuse, argumentation, implies, claims, representations, limitations",Cluster 0: Design Rationale through definition and conceptual framing,"Framework Communicating, Tradeoffs Interactive Tools, Feature Specification Evidence, Definitions Representations Capabilities","This cluster defines and conceptualizes design rationale, emphasizing how a design-knowledge construct is made explicit, organized, or put to work rather than only where it is applied. Conceptually, it treats design rationale as traceable decision rationale. Related forms include Design Frameworks, Design Knowledge. The shared move also involves synthesis of prior work and capture and transfer. Its contribution pattern is coded as Theoretical, Methodological, Artifact/System. Representative papers include Design rationale capture as knowledge acquisition: tradeoffs in the design of interactive tools; Feature, specification and evidence framework for communicating design rationale.",Design Rationale,defines and conceptualizes,Traceable Decision Rationale,defines and conceptualizes Design Rationale,,Designers,,Tool,"Theoretical, Methodological, Artifact/System","[{'paper_id': '40034332988c', 'title': 'Redesigning the rationale for design rationale', 'cluster': 0, 'distance': 0.0}, {'paper_id': 'e875047efc35', 'title': 'Design rationale capture as knowledge acquisition: tradeoffs in the design of interactive tools', 'cluster': 0, 'distance': 0.8197813546040047}, {'paper_id': '4567075d70b4', 'title': 'Making Argumentation Serve Design', 'cluster': 0, 'distance': 0.858900926208568}, {'paper_id': '19c286f4e44f', 'title': 'Scientific design rationale', 'cluster': 0, 'distance': 0.8715135235888922}, {'paper_id': 'ab97fa9e6ec7', 'title': '""Argumentative Design Rationale and the Object-Oriented Development Process: better analysis, better design""', 'cluster': 0, 'distance': 0.8718205425813872}]"
16b7f7939f93,Characterizing Design Rationales Using Computational Linguistics and Human Evaluations,"Mirabito, Yakira (1); Liu, Xiaowen (2); Goucher-Lambert, Kosa (1)","Design rationales capture the explicit justifications behind design decisions. Often, rationales vary in the content and depth of information, making the study and comparison of rationales challenging. This project aims to characterize design rationales and develop a standardized approach to assess design rationale quality at scale. In total, 2250 rationales were machine-generated across two different representations and evaluated by two raters across five dimensions of quality. Rationales were then characterized using natural language processing techniques, resulting in 108 linguistic features for each rationale. The linguistic features were used to build predictive models for each quality dimension. The main results identify correlations between linguistic features and human evaluations, show that structured rationales were rated higher than unstructured rationales across the five dimensions, and present a model to predict rationale quality for new texts. These findings help inform strategies to improve human- and machine-generated rationales. The predictive tool offers a scalable method for evaluating different representations of rationale, thereby supporting more effective documentation practices. ¬© 2025 by ASME.",10.1115/1.4069232,2025,Journal of Mechanical Design,,Design rationale,design_rationale.csv,engineering_village,full,False,False,True,True,True,True,advance_criteria,True,"Characterizes design rationales and develops a standardized approach to assess their quality, treating the construct as the object of study and likely defining/operationalizing rationale dimensions; flagged to confirm C2/C3 in full text.","Evaluates the usefulness of a design rationale system in practice; design rationale is central, but the abstract does not confirm synthesis from prior work or an explicit definition, so full text is needed.",,0,Design rationale,tfidf-svd,context,kmeans,0,"rationale, capture, software, claims, engineering, mechanical, argumentation, representations",0.78455913,7.5986843,0.7299878330559142,20,False,20,2,0.9636814374417146,"rationales, software, representations, documentation, computer, develop, explicit, assess",Cluster 0: Design Rationale through definition and conceptual framing,"Framework Communicating, Tradeoffs Interactive Tools, Feature Specification Evidence, Definitions Representations Capabilities","This cluster defines and conceptualizes design rationale, emphasizing how a design-knowledge construct is made explicit, organized, or put to work rather than only where it is applied. Conceptually, it treats design rationale as traceable decision rationale. Related forms include Design Frameworks, Design Knowledge. The shared move also involves synthesis of prior work and capture and transfer. Its contribution pattern is coded as Theoretical, Methodological, Artifact/System. Representative papers include Design rationale capture as knowledge acquisition: tradeoffs in the design of interactive tools; Feature, specification and evidence framework for communicating design rationale.",Design Rationale,defines and conceptualizes,Traceable Decision Rationale,defines and conceptualizes Design Rationale,,Designers,,Tool,"Theoretical, Methodological, Artifact/System","[{'paper_id': '75731fe2e6d1', 'title': 'Feature, specification and evidence framework for communicating design rationale', 'cluster': 0, 'distance': 0.7292892366599207}, {'paper_id': 'a60240423604', 'title': 'Reviewing the state-of-the-art design rationale definitions, representations and capabilities', 'cluster': 0, 'distance': 0.8582033241778501}, {'paper_id': '7a42dd52852e', 'title': ""What's in design rationale?"", 'cluster': 0, 'distance': 0.8595068135233007}, {'paper_id': 'e875047efc35', 'title': 'Design rationale capture as knowledge acquisition: tradeoffs in the design of interactive tools', 'cluster': 0, 'distance': 0.8854307287571187}, {'paper_id': 'edde6dc75b19', 'title': 'The language of design: Theory and computation', 'cluster': 0, 'distance': 0.908224922793446}]"
0050f73e4373,Integrating different perspective on design rationale: Supporting the emergence of design rationale from design communication,"Shipman III, Frank M. (1); McCall, Raymond J. (1)","Design rationale is a topic that implies different things to different people. To some it implies argumentation and frameworks for argumentation. To others it implies the documentation of design, like that required for many types of industrial or government work. Still others describe design rationale as the capture and potential reuse of nodal communication about design. These perspectives of design rationale use different representations, which influence their ability to capture and to retrieve and use information. We propose an integrated approach to design rationale where design communication is captured and, over time, incrementally structured into argumentation and other formalisms to enable improved retrieval and use of this information. Two systems, PHIDIAS and the Hyper-Object Substrate, are used to demonstrate: (1) how to capture and integrate a variety of design information, (2) how to support the structuring of unstructured information, and (3) how to use design information to actively support design.",,1997,"Artificial Intelligence for Engineering Design, Analysis and Manufacturing: AIEDAM",,Design rationale,design_rationale.csv,engineering_village,full,False,False,True,True,True,True,advance_criteria,True,"Explicitly synthesizes differing perspectives on design rationale and proposes an integrated definitional approach, satisfying C2 and likely C3 about the construct of design rationale.","The paper treats design rationale as the topic and mentions integrating multiple perspectives, but the abstract does not clearly show a synthesis from prior literature or an explicit definition, so full text is needed.",,0,Design rationale,tfidf-svd,context,kmeans,0,"rationale, capture, software, claims, engineering, mechanical, argumentation, representations",1.2183855,5.8458686,0.533145502941963,4,False,4,5,0.9873550019033978,"rationale, capture, reuse, argumentation, implies, claims, representations, limitations",Cluster 0: Design Rationale through definition and conceptual framing,"Framework Communicating, Tradeoffs Interactive Tools, Feature Specification Evidence, Definitions Representations Capabilities","This cluster defines and conceptualizes design rationale, emphasizing how a design-knowledge construct is made explicit, organized, or put to work rather than only where it is applied. Conceptually, it treats design rationale as traceable decision rationale. Related forms include Design Frameworks, Design Knowledge. The shared move also involves synthesis of prior work and capture and transfer. Its contribution pattern is coded as Theoretical, Methodological, Artifact/System. Representative papers include Design rationale capture as knowledge acquisition: tradeoffs in the design of interactive tools; Feature, specification and evidence framework for communicating design rationale.",Design Rationale,defines and conceptualizes,Traceable Decision Rationale,defines and conceptualizes Design Rationale,,Designers,,Tool,"Theoretical, Methodological, Artifact/System","[{'paper_id': '4c8bdfbd1309', 'title': 'Integrating different perspectives on design rationale: supporting the emergence of design rationale from design communication', 'cluster': 0, 'distance': 0.013178520688063022}, {'paper_id': '4567075d70b4', 'title': 'Making Argumentation Serve Design', 'cluster': 0, 'distance': 0.7483172598568512}, {'paper_id': 'e875047efc35', 'title': 'Design rationale capture as knowledge acquisition: tradeoffs in the design of interactive tools', 'cluster': 0, 'distance': 0.7554920586114119}, {'paper_id': 'a60240423604', 'title': 'Reviewing the state-of-the-art design rationale definitions, representations and capabilities', 'cluster': 0, 'distance': 0.8211157461963083}, {'paper_id': '866d8935b9e0', 'title': 'Issues critical to the development of design history, design rationale and design intent systems', 'cluster': 0, 'distance': 0.8398355912045926}]"
4c8bdfbd1309,Integrating different perspectives on design rationale: supporting the emergence of design rationale from design communication,"Shipman, F.M., III (1); McCall, R.J.","Design rationale is a topic that implies different things to different people. To some it implies argumentation and frameworks for argumentation. To others it implies the documentation of design, like that required for many types of industrial or government work. Still others describe design rationale as the capture and potential reuse of normal communication about design. These perspectives of design rationale use different representations, which influence their ability to capture and to retrieve and use information. We propose an integrated approach to design rationale where design communication is captured and, over time, incrementally structured into argumentation and other formalisms to enable improved retrieval and use of this information. Two systems, PHIDIAS and the hyper-object substrate, are used to demonstrate: 1) how to capture and integrate a variety of design information, 2) how to support the structuring of unstructured information, and 3) how to use design information to actively support design.",10.1017/S089006040000192X,,"(AI EDAM) Artificial Intelligence for Engineering Design, Analysis and Manufacturing",,Design rationale,design_rationale.csv,engineering_village,full,False,False,True,True,True,True,advance_criteria,True,"Explicitly integrates different perspectives/definitions of design rationale as its topic and proposes an integrated approach, satisfying C2 and likely C3; flagged for confirmation.","The paper centers on integrating perspectives on design rationale, suggesting possible synthesis or definitional work, but the truncated abstract does not clearly confirm a literature-based synthesis or an explicit definition, so full text is needed.",,0,Design rationale,tfidf-svd,context,kmeans,0,"rationale, capture, software, claims, engineering, mechanical, argumentation, representations",1.7131095,5.8960514,0.5425319440370623,7,False,7,5,0.9877275017866162,"rationale, capture, reuse, argumentation, implies, claims, representations, limitations",Cluster 0: Design Rationale through definition and conceptual framing,"Framework Communicating, Tradeoffs Interactive Tools, Feature Specification Evidence, Definitions Representations Capabilities","This cluster defines and conceptualizes design rationale, emphasizing how a design-knowledge construct is made explicit, organized, or put to work rather than only where it is applied. Conceptually, it treats design rationale as traceable decision rationale. Related forms include Design Frameworks, Design Knowledge. The shared move also involves synthesis of prior work and capture and transfer. Its contribution pattern is coded as Theoretical, Methodological, Artifact/System. Representative papers include Design rationale capture as knowledge acquisition: tradeoffs in the design of interactive tools; Feature, specification and evidence framework for communicating design rationale.",Design Rationale,defines and conceptualizes,Traceable Decision Rationale,defines and conceptualizes Design Rationale,,Designers,,Tool,"Theoretical, Methodological, Artifact/System","[{'paper_id': '0050f73e4373', 'title': 'Integrating different perspective on design rationale: Supporting the emergence of design rationale from design communication', 'cluster': 0, 'distance': 0.013178520688063022}, {'paper_id': '4567075d70b4', 'title': 'Making Argumentation Serve Design', 'cluster': 0, 'distance': 0.7587158226663425}, {'paper_id': 'e875047efc35', 'title': 'Design rationale capture as knowledge acquisition: tradeoffs in the design of interactive tools', 'cluster': 0, 'distance': 0.7655941863318211}, {'paper_id': 'a60240423604', 'title': 'Reviewing the state-of-the-art design rationale definitions, representations and capabilities', 'cluster': 0, 'distance': 0.828506555545208}, {'paper_id': '866d8935b9e0', 'title': 'Issues critical to the development of design history, design rationale and design intent systems', 'cluster': 0, 'distance': 0.8464529685573536}]"
866d8935b9e0,"Issues critical to the development of design history, design rationale and design intent systems","Ullman, David G. (1)","Design is the evolution of information. This evolution usually begins with an ill-defined need for a product and ends with exact specifications for production, use and retirement or recycling. A number of researchers have hypothesized that capture and reuse of this evolving information has potential for improving the design process and the reuse of design information. Published work has used the terms design history, design rationale, design intent and corporate memory to describe the systems that manage the capture, storage and query of the evolving information. The development of these systems depends on attention to 13 outstanding issues identified in this paper.",,1994,"American Society of Mechanical Engineers, Design Engineering Division (Publication) DE",,Design rationale,design_rationale.csv,engineering_village|semantic_scholar,full,False,False,True,True,True,True,advance_criteria,True,"Reviews and distinguishes terms like design history, design rationale, and design intent from published work, satisfying C2 and plausibly providing definitions (C3).","Treats design history, design rationale, design intent, and related systems as the topic and appears to compare or categorize issues across prior work, but no explicit definition is clearly stated in the abstract.",,0,Design rationale,tfidf-svd,context,kmeans,0,"rationale, capture, software, claims, engineering, mechanical, argumentation, representations",0.49464014,5.545498,0.5678557183021327,11,False,11,5,0.8251454118028723,"rationale, capture, reuse, argumentation, implies, claims, representations, limitations",Cluster 0: Design Rationale through definition and conceptual framing,"Framework Communicating, Tradeoffs Interactive Tools, Feature Specification Evidence, Definitions Representations Capabilities","This cluster defines and conceptualizes design rationale, emphasizing how a design-knowledge construct is made explicit, organized, or put to work rather than only where it is applied. Conceptually, it treats design rationale as traceable decision rationale. Related forms include Design Frameworks, Design Knowledge. The shared move also involves synthesis of prior work and capture and transfer. Its contribution pattern is coded as Theoretical, Methodological, Artifact/System. Representative papers include Design rationale capture as knowledge acquisition: tradeoffs in the design of interactive tools; Feature, specification and evidence framework for communicating design rationale.",Design Rationale,defines and conceptualizes,Traceable Decision Rationale,defines and conceptualizes Design Rationale,,Designers,,Tool,"Theoretical, Methodological, Artifact/System","[{'paper_id': 'e875047efc35', 'title': 'Design rationale capture as knowledge acquisition: tradeoffs in the design of interactive tools', 'cluster': 0, 'distance': 0.7213381130454067}, {'paper_id': '6d339b25d458', 'title': 'Shared Mental Models for Collaborative Mechanical Design in Mechanical Engineering', 'cluster': 0, 'distance': 0.7703673615840572}, {'paper_id': '4567075d70b4', 'title': 'Making Argumentation Serve Design', 'cluster': 0, 'distance': 0.8044047760722977}, {'paper_id': 'ab97fa9e6ec7', 'title': '""Argumentative Design Rationale and the Object-Oriented Development Process: better analysis, better design""', 'cluster': 0, 'distance': 0.8105969373976584}, {'paper_id': 'a60240423604', 'title': 'Reviewing the state-of-the-art design rationale definitions, representations and capabilities', 'cluster': 0, 'distance': 0.8212743080094518}]"
7a42dd52852e,What's in design rationale?,"Lee, Jintae (1); Lai, Kum-Yew (1)","A few representations have been used for capturing design rationale. To understand their scope and adequacy, we need to know how to evaluate them. In this article, we develop a framework for evaluating the expressive adequacy of design rationale representations. This framework is built by progressively differentiating the elements of design rationale that, when made explicit, support an increasing number of the design tasks. Using this framework, we present and assess DRL (Decision Representation Language), a language for representing rationales that we believe is the most expressive of the existing representations. We also use the framework to assess the expressiveness of other design rationale representations and compare them to DRL. We conclude by pointing out the need for articulating other dimensions along which to evaluate design rationale representations.",,1991,Human-Computer Interaction,,Design rationale,design_rationale.csv,engineering_village,full,False,False,True,True,False,True,advance_criteria,True,"Develops a framework for evaluating design rationale representations, synthesizing its elements (C2) and defining the construct (C3).","Presents an extension to an existing model for recording design rationale and briefly notes related studies, but the abstract does not clearly establish a literature synthesis or explicit definition, so it should be checked in full text.",,0,Design rationale,tfidf-svd,context,kmeans,0,"rationale, capture, software, claims, engineering, mechanical, argumentation, representations",1.03286,6.8596754,0.5412809447177505,6,False,6,5,0.5395008232006001,"rationale, capture, reuse, argumentation, implies, claims, representations, limitations",Cluster 0: Design Rationale through definition and conceptual framing,"Framework Communicating, Tradeoffs Interactive Tools, Feature Specification Evidence, Definitions Representations Capabilities","This cluster defines and conceptualizes design rationale, emphasizing how a design-knowledge construct is made explicit, organized, or put to work rather than only where it is applied. Conceptually, it treats design rationale as traceable decision rationale. Related forms include Design Frameworks, Design Knowledge. The shared move also involves synthesis of prior work and capture and transfer. Its contribution pattern is coded as Theoretical, Methodological, Artifact/System. Representative papers include Design rationale capture as knowledge acquisition: tradeoffs in the design of interactive tools; Feature, specification and evidence framework for communicating design rationale.",Design Rationale,defines and conceptualizes,Traceable Decision Rationale,defines and conceptualizes Design Rationale,,Designers,,Tool,"Theoretical, Methodological, Artifact/System","[{'paper_id': 'a60240423604', 'title': 'Reviewing the state-of-the-art design rationale definitions, representations and capabilities', 'cluster': 0, 'distance': 0.6313345419901332}, {'paper_id': '75731fe2e6d1', 'title': 'Feature, specification and evidence framework for communicating design rationale', 'cluster': 0, 'distance': 0.6659965715532348}, {'paper_id': 'e875047efc35', 'title': 'Design rationale capture as knowledge acquisition: tradeoffs in the design of interactive tools', 'cluster': 0, 'distance': 0.7592464140223898}, {'paper_id': '4ac74ce3f335', 'title': 'Towards a framework for documentation design: an abstract model of computer-mediated activity', 'cluster': 0, 'distance': 0.8045644888037746}, {'paper_id': '19c286f4e44f', 'title': 'Scientific design rationale', 'cluster': 0, 'distance': 0.82320825584487}]"
e875047efc35,Design rationale capture as knowledge acquisition: tradeoffs in the design of interactive tools,"Gruber, T. (1); Baudin, C.; Boose, J.; Weber, J.","This paper introduces the problem of acquiring design rationale knowledge from humans for later reuse. The design of tools for design rationale capture reveals several fundamental issues for knowledge acquisition, such as the relationships among formality and expressiveness of representations, and kinds of automated support for elicitation and analysis of knowledge. This paper sets the background for discussion by identifying dimensions of a design space for design rationale tools.",,,Machine Learning. Proceedings of the Eighth International Workshop on Machine Learning (ML91),,Design rationale,design_rationale.csv,engineering_village,full,False,False,True,True,True,True,advance_criteria,True,"Examines design rationale as a knowledge construct and defines a design space for capture tools, plausibly satisfying C2/C3 with definitional framing of design rationale knowledge.","Focuses on constructing a psychological design rationale from empirical observations, making design rationale central, but the abstract does not clearly show a literature synthesis or explicit definition and thus merits full-text screening.",,0,Design rationale,tfidf-svd,context,kmeans,0,"rationale, capture, software, claims, engineering, mechanical, argumentation, representations",1.7964475,5.408268,0.4586506349608718,1,True,1,5,0.9558337869527723,"rationale, capture, reuse, argumentation, implies, claims, representations, limitations",Cluster 0: Design Rationale through definition and conceptual framing,"Framework Communicating, Tradeoffs Interactive Tools, Feature Specification Evidence, Definitions Representations Capabilities","This cluster defines and conceptualizes design rationale, emphasizing how a design-knowledge construct is made explicit, organized, or put to work rather than only where it is applied. Conceptually, it treats design rationale as traceable decision rationale. Related forms include Design Frameworks, Design Knowledge. The shared move also involves synthesis of prior work and capture and transfer. Its contribution pattern is coded as Theoretical, Methodological, Artifact/System. Representative papers include Design rationale capture as knowledge acquisition: tradeoffs in the design of interactive tools; Feature, specification and evidence framework for communicating design rationale.",Design Rationale,defines and conceptualizes,Traceable Decision Rationale,defines and conceptualizes Design Rationale,,Designers,,Tool,"Theoretical, Methodological, Artifact/System","[{'paper_id': '4567075d70b4', 'title': 'Making Argumentation Serve Design', 'cluster': 0, 'distance': 0.6548670538730046}, {'paper_id': 'a60240423604', 'title': 'Reviewing the state-of-the-art design rationale definitions, representations and capabilities', 'cluster': 0, 'distance': 0.7058646123056536}, {'paper_id': '866d8935b9e0', 'title': 'Issues critical to the development of design history, design rationale and design intent systems', 'cluster': 0, 'distance': 0.7213381130454067}, {'paper_id': '0050f73e4373', 'title': 'Integrating different perspective on design rationale: Supporting the emergence of design rationale from design communication', 'cluster': 0, 'distance': 0.7554920586114119}, {'paper_id': '7a42dd52852e', 'title': ""What's in design rationale?"", 'cluster': 0, 'distance': 0.7592464140223898}]"
6d339b25d458,Shared Mental Models for Collaborative Mechanical Design in Mechanical Engineering,Junmin Du (1),"Collaborative mechanical design in mechanical engineering means the collaborative design for mechanical engineering or mechanical product. Collaborative mechanical design is the process in which actors from different disciplines share their knowledge about the mechanical product design process and content. Shared mental models are considered to facilitate the creation of shared understanding among actors, which is critical for collaborative mechanical design. After a review of shared mental models, we discuss the shared mental models in design. We propose shared design mental models(SDMM) as the core component of shared mental models from a design perspective, which is about design rationale of collaborative design. Design thinking process model(DTPM) has been proposed to represent SDMM.",10.4028/www.scientific.net/AMR.644.378,,Advanced Materials Research,,Design rationale,design_rationale.csv,engineering_village,full,False,False,True,True,True,True,advance_criteria,True,"Reviews shared mental models and proposes its own construct (shared design mental models) for collaborative design, indicating synthesis and an original definition.","It reviews shared mental models and discusses them in design before proposing shared design mental models, indicating synthesis/categorization of a design-related knowledge construct, but the abstract does not clearly provide an explicit adapted or original definition.",,0,Design rationale,tfidf-svd,context,kmeans,0,"rationale, capture, software, claims, engineering, mechanical, argumentation, representations",-0.16894995,7.5121245,0.6876383307973177,19,False,19,4,0.94418783980588,"engineering, product, critical, rationale, review, means, content, communicating",Cluster 0: Design Rationale through definition and conceptual framing,"Framework Communicating, Tradeoffs Interactive Tools, Feature Specification Evidence, Definitions Representations Capabilities","This cluster defines and conceptualizes design rationale, emphasizing how a design-knowledge construct is made explicit, organized, or put to work rather than only where it is applied. Conceptually, it treats design rationale as traceable decision rationale. Related forms include Design Frameworks, Design Knowledge. The shared move also involves synthesis of prior work and capture and transfer. Its contribution pattern is coded as Theoretical, Methodological, Artifact/System. Representative papers include Design rationale capture as knowledge acquisition: tradeoffs in the design of interactive tools; Feature, specification and evidence framework for communicating design rationale.",Design Rationale,defines and conceptualizes,Traceable Decision Rationale,defines and conceptualizes Design Rationale,,Designers,,Tool,"Theoretical, Methodological, Artifact/System","[{'paper_id': '75731fe2e6d1', 'title': 'Feature, specification and evidence framework for communicating design rationale', 'cluster': 0, 'distance': 0.669594160381868}, {'paper_id': '866d8935b9e0', 'title': 'Issues critical to the development of design history, design rationale and design intent systems', 'cluster': 0, 'distance': 0.7703673615840572}, {'paper_id': 'ab97fa9e6ec7', 'title': '""Argumentative Design Rationale and the Object-Oriented Development Process: better analysis, better design""', 'cluster': 0, 'distance': 0.7857616493078468}, {'paper_id': '296e021afe91', 'title': 'A generic model for reflective design', 'cluster': 0, 'distance': 0.7870454387722943}, {'paper_id': 'd5d39efbe945', 'title': 'Method rationale in method engineering', 'cluster': 0, 'distance': 0.8906444871361658}]"
edde6dc75b19,The language of design: Theory and computation,"Dong, Andy (1)","The Language of Design: Theory and Computation articulates the theory that there is a language of design. This theory claims that any language of design consists of a set of symbols, a set of relations between the symbols, features that key the expressiveness of symbols, and a set of reality producing information processing behaviors acting on the language. Drawing upon insights from computational language processing, the language of design is modeled computationally through latent semantic analysis (LSA), lexical chain analysis (LCA), and sentiment analysis (SA). The statistical co-occurrence of semantics (LSA), semantic relations (LCA), and semantic modifiers (SA) in design text are used to illustrate how the reality producing effect of language is itself an enactment of design. This insight leads to a new understanding of the connections between creative behaviors such as design and their linguistic properties. The computation of the language of design makes it possible to make direct measurements of creative behaviors which are distributed across social spaces and mediated through language. The book demonstrates how machine understanding of design texts based on computation over the language of design yields practical applications for design management such as modeling teamwork, characterizing the formation of a design concept, and understanding design rationale. The Language of Design: Theory and Computation is a unique text for postgraduates and researchers studying design theory and management, and allied disciplines such as artificial intelligence, organizational behavior, and human factors and ergonomics. ¬© 2009 Springer-Verlag London Limited.",10.1007/978-1-84882-021-0,2009,The Language of Design: Theory and Computation,,Design rationale,design_rationale.csv,engineering_village,full,False,False,True,True,True,True,advance_criteria,True,"Articulates a theory defining a 'language of design' as a set of symbols, relations, and behaviors, which constitutes a definitional framework for design knowledge, satisfying C2/C3 though computational modeling raises some scope ambiguity warranting full-text check.","The paper appears to theorize and define a 'language of design' and model it computationally, so it may contain an explicit definition/adaptation of a design-related construct, but synthesis from prior work is not clear from the abstract alone.",,0,Design rationale,tfidf-svd,context,kmeans,0,"rationale, capture, software, claims, engineering, mechanical, argumentation, representations",2.4427664,4.407928,0.6434673205300059,16,False,16,5,0.8319096003922561,"rationale, capture, reuse, argumentation, implies, claims, representations, limitations",Cluster 0: Design Rationale through definition and conceptual framing,"Framework Communicating, Tradeoffs Interactive Tools, Feature Specification Evidence, Definitions Representations Capabilities","This cluster defines and conceptualizes design rationale, emphasizing how a design-knowledge construct is made explicit, organized, or put to work rather than only where it is applied. Conceptually, it treats design rationale as traceable decision rationale. Related forms include Design Frameworks, Design Knowledge. The shared move also involves synthesis of prior work and capture and transfer. Its contribution pattern is coded as Theoretical, Methodological, Artifact/System. Representative papers include Design rationale capture as knowledge acquisition: tradeoffs in the design of interactive tools; Feature, specification and evidence framework for communicating design rationale.",Design Rationale,defines and conceptualizes,Traceable Decision Rationale,defines and conceptualizes Design Rationale,,Designers,,Tool,"Theoretical, Methodological, Artifact/System","[{'paper_id': '12568f76ff90', 'title': 'Patterns or claims: do they help in communicating design advice?', 'cluster': 0, 'distance': 0.5887034283614758}, {'paper_id': '24bfa2182839', 'title': 'Designing claims for reuse in interactive systems design', 'cluster': 0, 'distance': 0.5918138280557255}, {'paper_id': 'e875047efc35', 'title': 'Design rationale capture as knowledge acquisition: tradeoffs in the design of interactive tools', 'cluster': 0, 'distance': 0.7601847973516245}, {'paper_id': 'a60240423604', 'title': 'Reviewing the state-of-the-art design rationale definitions, representations and capabilities', 'cluster': 0, 'distance': 0.8979752339171883}, {'paper_id': '16b7f7939f93', 'title': 'Characterizing Design Rationales Using Computational Linguistics and Human Evaluations', 'cluster': 0, 'distance': 0.908224922793446}]"
d5d39efbe945,Method rationale in method engineering,"Rossi, M. (1); Tolvanen, J.-P.; Ramesh, B.; Lyytinen, K.; Kaipala, J.","In this paper we discuss the need to integrate formal metamodels with an informal method rationale. Like design rationale method rationale establishes a systematic and organized trace of method specifications and their maintenance, and maintains knowledge of the method use context and its history. The need for method rationale is based on our observations of the role of method knowledge in software organizations and the failure to introduce ‚Äúone-shot‚Äù method engineering initiatives. The paper demonstrates also how method rationale can be used to share knowledge of method use between method users and engineers, to support method engineers to understand the evolution of the method base, and to improve learning about systems development within a community of designers.",,,Proceedings of the 33rd Annual Hawaii International Conference on System Sciences,,Design rationale,design_rationale.csv,engineering_village,full,False,False,True,True,True,True,advance_criteria,True,"Discusses method rationale as a design-knowledge construct, relating it to design rationale and defining its role and need, plausibly satisfying C2/C3; flagged to confirm.","The abstract invokes engineering design theory concepts and methods for network design, suggesting possible engagement with design knowledge, but it does not clearly state a synthesis or explicit definition from title and abstract alone.",,0,Design rationale,tfidf-svd,context,kmeans,0,"rationale, capture, software, claims, engineering, mechanical, argumentation, representations",1.568883,7.557764,0.6505126787561455,17,False,17,3,0.9678942181399661,"rationale, software, engineering, questions, need, potential, nature, argumentation",Cluster 0: Design Rationale through definition and conceptual framing,"Framework Communicating, Tradeoffs Interactive Tools, Feature Specification Evidence, Definitions Representations Capabilities","This cluster defines and conceptualizes design rationale, emphasizing how a design-knowledge construct is made explicit, organized, or put to work rather than only where it is applied. Conceptually, it treats design rationale as traceable decision rationale. Related forms include Design Frameworks, Design Knowledge. The shared move also involves synthesis of prior work and capture and transfer. Its contribution pattern is coded as Theoretical, Methodological, Artifact/System. Representative papers include Design rationale capture as knowledge acquisition: tradeoffs in the design of interactive tools; Feature, specification and evidence framework for communicating design rationale.",Design Rationale,defines and conceptualizes,Traceable Decision Rationale,defines and conceptualizes Design Rationale,,Designers,,Tool,"Theoretical, Methodological, Artifact/System","[{'paper_id': '19c286f4e44f', 'title': 'Scientific design rationale', 'cluster': 0, 'distance': 0.6415793607656204}, {'paper_id': '296e021afe91', 'title': 'A generic model for reflective design', 'cluster': 0, 'distance': 0.7580631328503616}, {'paper_id': '866d8935b9e0', 'title': 'Issues critical to the development of design history, design rationale and design intent systems', 'cluster': 0, 'distance': 0.8343024178055746}, {'paper_id': '75731fe2e6d1', 'title': 'Feature, specification and evidence framework for communicating design rationale', 'cluster': 0, 'distance': 0.8552784742124143}, {'paper_id': '4ac74ce3f335', 'title': 'Towards a framework for documentation design: an abstract model of computer-mediated activity', 'cluster': 0, 'distance': 0.8788972300894693}]"
24bfa2182839,Designing claims for reuse in interactive systems design,"Sutcliffe, A.G. (1); Carroll, J.M.","Claims have been proposed as a means of expressing HCI knowledge that is associated with a specific artifact and usage context. Claims describe design trade-offs and record HCI knowledge related to a specific design, or artifact, as psychological design rationale. Claims are created in the task-artifact cycle of interactive design and evaluation. Usability evaluation establishes a claim for a specific usage context, but this can restrict subsequent reuse of claims-related knowledge. To widen the scope of reuse the knowledge contained within claims and their associated artifacts has to be classified and generalized. To address this problem a schema and method for classifying claims is introduced. The schema elaborates the description of HCI knowledge in claims and enables reuse by describing the assumptions and dependencies upon which a claim rests. Methods for generalising claims and discovering new claims from existing claims and artifacts were investigated. A factoring method for evolving child claims from parent claims and their usage scenarios is described. This employs a walkthrough technique based on Norman's model of action with questions directed at the contributions a claim makes to usability at different stages in interaction. Factoring promotes evolution of child claims that either address different aspects of task support in the same domain as the parent claim, or development of more general child claims for user-interface design.",10.1006/ijhc.1999.0245,,International Journal of Human-Computer Studies,,Design rationale,design_rationale.csv,engineering_village,full,False,False,True,True,True,True,advance_criteria,True,"Treats claims as a means of expressing/classifying HCI design knowledge and design rationale, defining the construct and its reuse, satisfying C2 and likely C3.","This paper focuses on recording and using design process records/design rationale to support software modification, suggesting design knowledge is central, but the abstract does not clearly show a literature synthesis or explicit definition.",,0,Design rationale,tfidf-svd,context,kmeans,0,"rationale, capture, software, claims, engineering, mechanical, argumentation, representations",1.9762187,4.4054084,0.6373767253282617,15,False,15,5,0.9580895364728432,"rationale, capture, reuse, argumentation, implies, claims, representations, limitations",Cluster 0: Design Rationale through definition and conceptual framing,"Framework Communicating, Tradeoffs Interactive Tools, Feature Specification Evidence, Definitions Representations Capabilities","This cluster defines and conceptualizes design rationale, emphasizing how a design-knowledge construct is made explicit, organized, or put to work rather than only where it is applied. Conceptually, it treats design rationale as traceable decision rationale. Related forms include Design Frameworks, Design Knowledge. The shared move also involves synthesis of prior work and capture and transfer. Its contribution pattern is coded as Theoretical, Methodological, Artifact/System. Representative papers include Design rationale capture as knowledge acquisition: tradeoffs in the design of interactive tools; Feature, specification and evidence framework for communicating design rationale.",Design Rationale,defines and conceptualizes,Traceable Decision Rationale,defines and conceptualizes Design Rationale,,Designers,,Tool,"Theoretical, Methodological, Artifact/System","[{'paper_id': '12568f76ff90', 'title': 'Patterns or claims: do they help in communicating design advice?', 'cluster': 0, 'distance': 0.44378712074365945}, {'paper_id': 'edde6dc75b19', 'title': 'The language of design: Theory and computation', 'cluster': 0, 'distance': 0.5918138280557255}, {'paper_id': 'e875047efc35', 'title': 'Design rationale capture as knowledge acquisition: tradeoffs in the design of interactive tools', 'cluster': 0, 'distance': 0.8172042299092148}, {'paper_id': '866d8935b9e0', 'title': 'Issues critical to the development of design history, design rationale and design intent systems', 'cluster': 0, 'distance': 0.8794169073498113}, {'paper_id': '4567075d70b4', 'title': 'Making Argumentation Serve Design', 'cluster': 0, 'distance': 0.9093586210687649}]"
4567075d70b4,Making Argumentation Serve Design,G. Fischer; A. C. Lemke; Ray McCall; A. M√∏rch,"Documenting argumentation (i.e., design rationale) has great potential for serving design. Despite this potential benefit, our analysis of Horst Rittel's and Donald Schon's design theories and of our own experience has shown that there are the following fundamental obstacles to the effective documentation and use of design rationale: (a) A rationale representation scheme must be found that organizes information according to its relevance to the task at hand; (b) computer support is needed to reduce the burden of recording and using rationale; (c) argumentative and constructive design activities must be linked explicitly by integrated design environments; (d) design rationale must be reusable. In this article, we present the evolution of our conceptual frameworks and systems toward integrated design environments; describe a prototype of an integrated design environment, including its underlying architecture; and discuss some current and future work on extending it.",,1996,Hum. Comput. Interact.,https://www.semanticscholar.org/paper/3030e27be928a7240a7e390ad8a09ba979d0cac9,Design rationale,design_rationale.csv,semantic_scholar,full,False,False,True,True,False,True,advance_criteria,True,"Analyzes design rationale through Rittel's and Schon's design theories and articulates representation schemes, treating design rationale as the topic of study and defining its requirements.","Focuses on design rationale as a topic and analyzes design theories and experience to discuss obstacles to documenting and using argumentation, but the abstract does not clearly confirm a literature-based synthesis or an explicit definition.",,0,Design rationale,tfidf-svd,context,kmeans,0,"rationale, capture, software, claims, engineering, mechanical, argumentation, representations",2.147022,6.4212446,0.5332242150291944,5,False,5,3,0.9442549199325677,"rationale, software, engineering, questions, need, potential, nature, argumentation",Cluster 0: Design Rationale through definition and conceptual framing,"Framework Communicating, Tradeoffs Interactive Tools, Feature Specification Evidence, Definitions Representations Capabilities","This cluster defines and conceptualizes design rationale, emphasizing how a design-knowledge construct is made explicit, organized, or put to work rather than only where it is applied. Conceptually, it treats design rationale as traceable decision rationale. Related forms include Design Frameworks, Design Knowledge. The shared move also involves synthesis of prior work and capture and transfer. Its contribution pattern is coded as Theoretical, Methodological, Artifact/System. Representative papers include Design rationale capture as knowledge acquisition: tradeoffs in the design of interactive tools; Feature, specification and evidence framework for communicating design rationale.",Design Rationale,defines and conceptualizes,Traceable Decision Rationale,defines and conceptualizes Design Rationale,,Designers,,Tool,"Theoretical, Methodological, Artifact/System","[{'paper_id': 'e875047efc35', 'title': 'Design rationale capture as knowledge acquisition: tradeoffs in the design of interactive tools', 'cluster': 0, 'distance': 0.6548670538730046}, {'paper_id': '0050f73e4373', 'title': 'Integrating different perspective on design rationale: Supporting the emergence of design rationale from design communication', 'cluster': 0, 'distance': 0.7483172598568512}, {'paper_id': '4c8bdfbd1309', 'title': 'Integrating different perspectives on design rationale: supporting the emergence of design rationale from design communication', 'cluster': 0, 'distance': 0.7587158226663425}, {'paper_id': 'a60240423604', 'title': 'Reviewing the state-of-the-art design rationale definitions, representations and capabilities', 'cluster': 0, 'distance': 0.7971625998622673}, {'paper_id': '19c286f4e44f', 'title': 'Scientific design rationale', 'cluster': 0, 'distance': 0.799357790588584}]"
ab97fa9e6ec7,"""Argumentative Design Rationale and the Object-Oriented Development Process: better analysis, better design""",L. Bronner; Jerry-Daryl Fletcher,"Many analysis and modeling problems done today for in mation technology applications lead to the solution of system problems. In the developm ent of these solutions, reasoning is a major component. The reasoning component which is normall y neglected can be captured in Rationale Models. Rationale Models represent the reasoning th at lead to the system solution. This reasoning is defined as Design Rational (DR). There ave been a number of research studies into DR, however, in this research, it was found that in dustry has neglected DR in their system analysis because of the increased time and effort r equired to capture and implement DR. Some of the benefits of DR are: 1) maintenance is more effi ci nt and effective, 2) system scalability is increased, and 3) training of users and developers is easier. This paper proposes a systematic approach to the capture of argumentative DR and an integration of argumentative DR with the Object-Oriented system development lifecycle. Chang e is a constant in the implementation and use of systems, hence, this paper also raises the i su of ‚Äúhow should argumentative DR be stored and integrated with the system to maximize i ts ut lity to the system.",,2011,2006 Fall ASEE Middle Atlantic Section Conference Proceedings,https://www.semanticscholar.org/paper/40f61a83349d805ce7200a1424e4aa6df3e58313,Design rationale,design_rationale.csv,semantic_scholar,full,False,False,True,True,True,True,advance_criteria,True,"Examines and defines design rationale (DR) and rationale models as its topic, drawing on prior research studies, plausibly satisfying C2 and C3 pending full-text confirmation.","The abstract treats design rationale as a central construct and references prior research on it, but from the truncated text it is unclear whether the paper synthesizes or defines design rationale explicitly, warranting full-text review.",,0,Design rationale,tfidf-svd,context,kmeans,0,"rationale, capture, software, claims, engineering, mechanical, argumentation, representations",-0.04663109,8.158019,0.6336992694121553,13,False,13,0,0.9636675528996724,"rationale, reasoning, better, component, analysis, captured, number, defined",Cluster 0: Design Rationale through definition and conceptual framing,"Framework Communicating, Tradeoffs Interactive Tools, Feature Specification Evidence, Definitions Representations Capabilities","This cluster defines and conceptualizes design rationale, emphasizing how a design-knowledge construct is made explicit, organized, or put to work rather than only where it is applied. Conceptually, it treats design rationale as traceable decision rationale. Related forms include Design Frameworks, Design Knowledge. The shared move also involves synthesis of prior work and capture and transfer. Its contribution pattern is coded as Theoretical, Methodological, Artifact/System. Representative papers include Design rationale capture as knowledge acquisition: tradeoffs in the design of interactive tools; Feature, specification and evidence framework for communicating design rationale.",Design Rationale,defines and conceptualizes,Traceable Decision Rationale,defines and conceptualizes Design Rationale,,Designers,,Tool,"Theoretical, Methodological, Artifact/System","[{'paper_id': '75731fe2e6d1', 'title': 'Feature, specification and evidence framework for communicating design rationale', 'cluster': 0, 'distance': 0.7153067392347894}, {'paper_id': '6d339b25d458', 'title': 'Shared Mental Models for Collaborative Mechanical Design in Mechanical Engineering', 'cluster': 0, 'distance': 0.7857616493078468}, {'paper_id': '866d8935b9e0', 'title': 'Issues critical to the development of design history, design rationale and design intent systems', 'cluster': 0, 'distance': 0.8105969373976584}, {'paper_id': 'e875047efc35', 'title': 'Design rationale capture as knowledge acquisition: tradeoffs in the design of interactive tools', 'cluster': 0, 'distance': 0.8277102435279835}, {'paper_id': '4567075d70b4', 'title': 'Making Argumentation Serve Design', 'cluster': 0, 'distance': 0.8303941075235711}]"
