download_order,status,paper_id,keyword,year,title,authors,venue,doi,download_url,suggested_filename,existing_pdf_path,source_hint,notes,confirmed_pdf_path
1,downloaded,00d7fbafe65f,Design Guidelines,2024,"Demystifying Tacit Knowledge in Graphic Design: Characteristics, Instances, Approaches, and Guidelines","Son, Kihoon and Choi, DaEun and Kim, Tae Soo and Kim, Juho",Proceedings of the 2024 CHI Conference on Human Factors in Computing Systems,10.1145/3613904.3642886,https://doi.org/10.1145/3613904.3642886,3613904.3642886.pdf,/Users/baiyixin/Downloads/pdf_386/3613904.3642886.pdf,ACM DL / DOI page,available in local pdf_386 folder,/Users/baiyixin/Downloads/pdf_386_by_paper_id/00d7fbafe65f.pdf
2,downloaded,ca185d91b684,Design Guidelines,2024,Embracing Non-Natural Design in Human-Computer Interaction,"Vatavu, Radu-Daniel",Proceedings of the 2024 International Conference on Advanced Visual Interfaces,10.1145/3656650.3660545,https://doi.org/10.1145/3656650.3660545,3656650.3660545.pdf,/Users/baiyixin/Downloads/pdf_386/3656650.3660545.pdf,ACM DL / DOI page,available in local pdf_386 folder,/Users/baiyixin/Downloads/pdf_386_by_paper_id/ca185d91b684.pdf
3,missing,f0b2517a04a4,Design Guidelines,2021,Don't Do That! Hunting Down Visual Design Smells in Complex UIs against Design Guidelines,"Yang, Bo and Xing, Zhenchang and Xia, Xin and Chen, Chunyang and Ye, Deheng and Li, Shanping",Proceedings of the 43rd International Conference on Software Engineering,10.1109/icse43902.2021.00075,https://doi.org/10.1109/icse43902.2021.00075,icse43902.2021.00075.pdf,,ACM DL / DOI page,needs manual download or institutional access,/Users/baiyixin/Downloads/pdf_386_by_paper_id/f0b2517a04a4.pdf
4,downloaded,65c31c577170,Design Guidelines,2017,The Rough Mile: Testing a Framework of Immersive Practice,"Spence, Jocelyn and Hazzard, Adrian and McGrath, Sean and Greenhalgh, Chris and Benford, Steve",Proceedings of the 2017 Conference on Designing Interactive Systems,10.1145/3064663.3064756,https://doi.org/10.1145/3064663.3064756,3064663.3064756.pdf,/Users/baiyixin/Downloads/pdf_386/3064663.3064756.pdf,ACM DL / DOI page,available in local pdf_386 folder,/Users/baiyixin/Downloads/pdf_386_by_paper_id/65c31c577170.pdf
5,downloaded,615169de6f0e,Design Guidelines,2009,From interaction to trajectories: designing coherent journeys through user experiences,"Benford, Steve and Giannachi, Gabriella and Koleva, Boriana and Rodden, Tom",Proceedings of the SIGCHI Conference on Human Factors in Computing Systems,10.1145/1518701.1518812,https://doi.org/10.1145/1518701.1518812,1518701.1518812.pdf,/Users/baiyixin/Downloads/pdf_386/1518701.1518812.pdf,ACM DL / DOI page,available in local pdf_386 folder,/Users/baiyixin/Downloads/pdf_386_by_paper_id/615169de6f0e.pdf
6,downloaded,9eecf23c4ce7,Design Heuristics,2025,Design Heuristics for Web-Based Severe Weather Risk Communication,"Jit, Sophia and Leiva, Amanda and Bicksler, Rebecca and Soden, Robert",Proceedings of the 2025 ACM SIGCAS/SIGCHI Conference on Computing and Sustainable Societies,10.1145/3715335.3735482,https://doi.org/10.1145/3715335.3735482,3715335.3735482.pdf,/Users/baiyixin/Downloads/pdf_386/3715335.3735482.pdf,ACM DL / DOI page,available in local pdf_386 folder,/Users/baiyixin/Downloads/pdf_386_by_paper_id/9eecf23c4ce7.pdf
7,downloaded,994d28d55eb8,Design Heuristics,2011,From human factors to human actors to human crafters,"Maceli, Monica and Atwood, Michael",Proceedings of the 2011 IConference,10.1145/1940761.1940775,https://doi.org/10.1145/1940761.1940775,1940761.1940775.pdf,/Users/baiyixin/Downloads/pdf_386/1940761.1940775.pdf,ACM DL / DOI page,available in local pdf_386 folder,/Users/baiyixin/Downloads/pdf_386_by_paper_id/994d28d55eb8.pdf
8,downloaded,ccc616a68c38,Design knowledge,2017,Towards Creating a Body of Evidence-based Interactive Digital Narrative Design Knowledge: Approaches and Challenges,"Roth, Christian and Koenitz, Hartmut",Proceedings of the 2nd International Workshop on Multimedia Alternate Realities,10.1145/3132361.3133942,https://doi.org/10.1145/3132361.3133942,3132361.3133942.pdf,/Users/baiyixin/Downloads/pdf_386/3132361.3133942.pdf,ACM DL / DOI page,available in local pdf_386 folder,/Users/baiyixin/Downloads/pdf_386_by_paper_id/ccc616a68c38.pdf
9,downloaded,b227e604cd40,Design knowledge,2026,"The Dark Patterns Knowledge Stack: Exploring New Ways to Negotiate Context, Law, and Design","Gray, Colin M.",Proceedings of the 2026 CHI Conference on Human Factors in Computing Systems,10.1145/3772318.3791264,https://doi.org/10.1145/3772318.3791264,3772318.3791264.pdf,/Users/baiyixin/Downloads/pdf_386/3772318.3791264.pdf,ACM DL / DOI page,available in local pdf_386 folder,/Users/baiyixin/Downloads/pdf_386_by_paper_id/b227e604cd40.pdf
10,downloaded,d4ef8c48ded5,Design knowledge,2020,"Toward an Inventory of Plans and Patterns, and Their Use to Foster Strategic Knowledge in Programming Novices","Costantini, Umberto and Lonati, Violetta and Morpurgo, Anna",Proceedings of the 2020 ACM Conference on International Computing Education Research,10.1145/3372782.3408115,https://doi.org/10.1145/3372782.3408115,3372782.3408115.pdf,/Users/baiyixin/Downloads/pdf_386/3372782.3408115.pdf,ACM DL / DOI page,available in local pdf_386 folder,/Users/baiyixin/Downloads/pdf_386_by_paper_id/d4ef8c48ded5.pdf
11,downloaded,e105857da02d,Design knowledge,2021,Designerly Ways of Knowing in HRI: Broadening the Scope of Design-oriented HRI Through the Concept of Intermediate-level Knowledge,"Lupetti, Maria Luce and Zaga, Cristina and Cila, Nazli",Proceedings of the 2021 ACM/IEEE International Conference on Human-Robot Interaction,10.1145/3434073.3444668,https://doi.org/10.1145/3434073.3444668,3434073.3444668.pdf,/Users/baiyixin/Downloads/pdf_386/3434073.3444668.pdf,ACM DL / DOI page,available in local pdf_386 folder,/Users/baiyixin/Downloads/pdf_386_by_paper_id/e105857da02d.pdf
12,downloaded,b73f2343e274,Design knowledge,2018,Let's Get Divorced: Constructing Knowledge Outcomes for Critical Design and Constructive Design Research,"Forlizzi, Jodi and Zimmerman, John and Hekkert, Paul and Koskinen, Ilpo",Proceedings of the 2018 ACM Conference Companion Publication on Designing Interactive Systems,10.1145/3197391.3197395,https://doi.org/10.1145/3197391.3197395,3197391.3197395.pdf,/Users/baiyixin/Downloads/pdf_386/3197391.3197395.pdf,ACM DL / DOI page,available in local pdf_386 folder,/Users/baiyixin/Downloads/pdf_386_by_paper_id/b73f2343e274.pdf
13,downloaded,4b599d3e2eb0,Design knowledge,2015,Immodest Proposals: Research Through Design and Knowledge,"Bardzell, Jeffrey and Bardzell, Shaowen and Koefoed Hansen, Lone",Proceedings of the 33rd Annual ACM Conference on Human Factors in Computing Systems,10.1145/2702123.2702400,https://doi.org/10.1145/2702123.2702400,2702123.2702400.pdf,/Users/baiyixin/Downloads/pdf_386/2702123.2702400.pdf,ACM DL / DOI page,available in local pdf_386 folder,/Users/baiyixin/Downloads/pdf_386_by_paper_id/4b599d3e2eb0.pdf
14,downloaded,0a373ca87142,Design methods,2024,Surveying a Landscape of Ethics-Focused Design Methods,"Chivukula, Shruthi Sai and Gray, Colin and Li, Ziqing and Pivonka, Anne C. and Chen, Jingning",ACM J. Responsib. Comput.,10.1145/3678988,https://doi.org/10.1145/3678988,3678988.pdf,/Users/baiyixin/Downloads/pdf_386/3678988.pdf,ACM DL / DOI page,available in local pdf_386 folder,/Users/baiyixin/Downloads/pdf_386_by_paper_id/0a373ca87142.pdf
15,downloaded,b2234ef79a5a,Design methods,2011,Tracing situated effects of innovative design methods: inexperienced designers' practices,"Lee, Jung-Joo and Vaajakallio, Kirsikka and Mattelm\""aki, Tuuli",Procedings of the Second Conference on Creativity and Innovation in Design,10.1145/2079216.2079231,https://doi.org/10.1145/2079216.2079231,2079216.2079231.pdf,/Users/baiyixin/Downloads/pdf_386/2079216.2079231.pdf,ACM DL / DOI page,available in local pdf_386 folder,/Users/baiyixin/Downloads/pdf_386_by_paper_id/b2234ef79a5a.pdf
16,downloaded,5611cdb5c33a,Design methods,2014,Generating implications for design through design research,"Sas, Corina and Whittaker, Steve and Dow, Steven and Forlizzi, Jodi and Zimmerman, John",Proceedings of the SIGCHI Conference on Human Factors in Computing Systems,10.1145/2556288.2557357,https://doi.org/10.1145/2556288.2557357,2556288.2557357.pdf,/Users/baiyixin/Downloads/pdf_386/2556288.2557357.pdf,ACM DL / DOI page,available in local pdf_386 folder,/Users/baiyixin/Downloads/pdf_386_by_paper_id/5611cdb5c33a.pdf
17,downloaded,7ebbe03ea0d8,Design methods,2012,Autobiographical design in HCI research: designing and learning through use-it-yourself,"Neustaedter, Carman and Sengers, Phoebe",Proceedings of the Designing Interactive Systems Conference,10.1145/2317956.2318034,https://doi.org/10.1145/2317956.2318034,2317956.2318034.pdf,/Users/baiyixin/Downloads/pdf_386/2317956.2318034.pdf,ACM DL / DOI page,available in local pdf_386 folder,/Users/baiyixin/Downloads/pdf_386_by_paper_id/7ebbe03ea0d8.pdf
18,downloaded,1c04ffa25528,Design methods,2010,The implications of improvisational acting and role-playing on design methodologies,"Medler, Ben and Magerko, Brian",Proceedings of the SIGCHI Conference on Human Factors in Computing Systems,10.1145/1753326.1753398,https://doi.org/10.1145/1753326.1753398,1753326.1753398.pdf,/Users/baiyixin/Downloads/pdf_386/1753326.1753398.pdf,ACM DL / DOI page,available in local pdf_386 folder,/Users/baiyixin/Downloads/pdf_386_by_paper_id/1c04ffa25528.pdf
19,downloaded,e4c9f86a6933,Design Patterns,2014,Design patterns for exploring and prototyping human-robot interactions,"Saupp\'e, Allison and Mutlu, Bilge",Proceedings of the SIGCHI Conference on Human Factors in Computing Systems,10.1145/2556288.2557057,https://doi.org/10.1145/2556288.2557057,2556288.2557057.pdf,/Users/baiyixin/Downloads/pdf_386/2556288.2557057.pdf,ACM DL / DOI page,available in local pdf_386 folder,/Users/baiyixin/Downloads/pdf_386_by_paper_id/e4c9f86a6933.pdf
20,downloaded,ddcb3ba05227,Design Patterns,2008,Design patterns for sociality in human-robot interaction,"Kahn, Peter H. and Freier, Nathan G. and Kanda, Takayuki and Ishiguro, Hiroshi and Ruckert, Jolina H. and Severson, Rachel L. and Kane, Shaun K.",Proceedings of the 3rd ACM/IEEE International Conference on Human Robot Interaction,10.1145/1349822.1349836,https://doi.org/10.1145/1349822.1349836,1349822.1349836.pdf,/Users/baiyixin/Downloads/pdf_386/1349822.1349836.pdf,ACM DL / DOI page,available in local pdf_386 folder,/Users/baiyixin/Downloads/pdf_386_by_paper_id/ddcb3ba05227.pdf
21,downloaded,2efb92894924,Design Patterns,2021,Particles of a Whole: Design Patterns for Transparent and Auditable AI-Systems,"Fa\ssbender, Judith",Adjunct Proceedings of the 2021 ACM International Joint Conference on Pervasive and Ubiquitous Computing and Proceedings of the 2021 ACM International Symposium on Wearable Computers,10.1145/3460418.3479345,https://doi.org/10.1145/3460418.3479345,3460418.3479345.pdf,/Users/baiyixin/Downloads/pdf_386/3460418.3479345.pdf,ACM DL / DOI page,available in local pdf_386 folder,/Users/baiyixin/Downloads/pdf_386_by_paper_id/2efb92894924.pdf
22,downloaded,098637c0f9ae,Design Patterns,2007,Pattern design in the context space: paco - a methodological framework for designing auditory display with patterns,"Frauenberger, C. and Stockman, T. and Bourguet, M. L.",Proceedings of the 14th Conference on Pattern Languages of Programs,10.1145/1772070.1772091,https://doi.org/10.1145/1772070.1772091,1772070.1772091.pdf,/Users/baiyixin/Downloads/pdf_386/1772070.1772091.pdf,ACM DL / DOI page,available in local pdf_386 folder,/Users/baiyixin/Downloads/pdf_386_by_paper_id/098637c0f9ae.pdf
23,downloaded,b8507dbe97ca,Design Patterns,2000,A pattern approach to interaction design,"Borchers, Jan O.","Proceedings of the 3rd Conference on Designing Interactive Systems: Processes, Practices, Methods, and Techniques",10.1145/347642.347795,https://doi.org/10.1145/347642.347795,347642.347795.pdf,/Users/baiyixin/Downloads/pdf_386/347642.347795.pdf,ACM DL / DOI page,available in local pdf_386 folder,/Users/baiyixin/Downloads/pdf_386_by_paper_id/b8507dbe97ca.pdf
24,downloaded,5f6661254e39,Design Patterns,2026,Ethical Encounters in Design Practice: A Framework Grounded in Practitioner Experience,"\""Oz, Gizem and Dindler, Christian and Gall Krogh, Peter and Lindberg, Sharon",Proceedings of the 2026 CHI Conference on Human Factors in Computing Systems,10.1145/3772318.3791435,https://doi.org/10.1145/3772318.3791435,3772318.3791435.pdf,/Users/baiyixin/Downloads/pdf_386/3772318.3791435.pdf,ACM DL / DOI page,available in local pdf_386 folder,/Users/baiyixin/Downloads/pdf_386_by_paper_id/5f6661254e39.pdf
25,downloaded,cd42a6611470,Design Patterns,2017,"Principles, patterns, and techniques for designing and implementing practical fluent interfaces in Java","Xie, Haochen","Proceedings Companion of the 2017 ACM SIGPLAN International Conference on Systems, Programming, Languages, and Applications: Software for Humanity",10.1145/3135932.3135948,https://doi.org/10.1145/3135932.3135948,3135932.3135948.pdf,/Users/baiyixin/Downloads/pdf_386/3135932.3135948.pdf,ACM DL / DOI page,available in local pdf_386 folder,/Users/baiyixin/Downloads/pdf_386_by_paper_id/cd42a6611470.pdf
26,downloaded,d0a936b480d4,Design principles,2013,Acquiring educational access for neurodiverse learners through multisensory design principles,"Puccini, Angela M. and Puccini, Marisa and Chang, Angela",Proceedings of the 12th International Conference on Interaction Design and Children,10.1145/2485760.2485848,https://doi.org/10.1145/2485760.2485848,2485760.2485848.pdf,/Users/baiyixin/Downloads/pdf_386/2485760.2485848.pdf,ACM DL / DOI page,available in local pdf_386 folder,/Users/baiyixin/Downloads/pdf_386_by_paper_id/d0a936b480d4.pdf
27,missing,01467836cecf,Design principles,1983,Design principles for human-computer interfaces,"Norman, Donald A.",Proceedings of the SIGCHI Conference on Human Factors in Computing Systems,10.1145/800045.801571,https://doi.org/10.1145/800045.801571,800045.801571.pdf,,ACM DL / DOI page,needs manual download or institutional access,/Users/baiyixin/Downloads/pdf_386_by_paper_id/01467836cecf.pdf
28,downloaded,0b35e34543e2,Design principles,2026,Designing Artificial Identity: The Identity Design Framework and Research Agenda,"Bransky, Karla and Sweetser, Penny and Holthaus, Patrick and Laban, Guy and Winkle, Katie and Akalin, Neziha and Ashok, Ashita and Lee, Jihye and Khot, Rucha and Bejarano, Alexandra and Thijn, Jorrit and Moore, Roger K. and Jang, Minsu and Fischer, Joel E and Lee, Minha",Proceedings of the 2026 Designing Interactive Systems Conference,10.1145/3800645.3812962,https://doi.org/10.1145/3800645.3812962,3800645.3812962.pdf,/Users/baiyixin/Downloads/pdf_386/3800645.3812962.pdf,ACM DL / DOI page,available in local pdf_386 folder,/Users/baiyixin/Downloads/pdf_386_by_paper_id/0b35e34543e2.pdf
29,downloaded,2280b868ea5f,Design principles,2025,Form and Function: Toward a Better Understanding of Design-Based Games,"Sullivan, Anne and Stanfill, Mel and Salter, Anastasia and Wardrip-Fruin, Noah",Proceedings of the 20th International Conference on the Foundations of Digital Games,10.1145/3723498.3723814,https://doi.org/10.1145/3723498.3723814,3723498.3723814.pdf,/Users/baiyixin/Downloads/pdf_386/3723498.3723814.pdf,ACM DL / DOI page,available in local pdf_386 folder,/Users/baiyixin/Downloads/pdf_386_by_paper_id/2280b868ea5f.pdf
30,downloaded,8eb8539b9712,Design principles,2025,Designing Dialogic Disclaimers: Principles for Ethical Conversational Design in LLM Interfaces,"Cheng, Theodore H",Proceedings of the 7th ACM Conference on Conversational User Interfaces,10.1145/3719160.3737640,https://doi.org/10.1145/3719160.3737640,3719160.3737640.pdf,/Users/baiyixin/Downloads/pdf_386/3719160.3737640.pdf,ACM DL / DOI page,available in local pdf_386 folder,/Users/baiyixin/Downloads/pdf_386_by_paper_id/8eb8539b9712.pdf
31,downloaded,96dd29c8f345,Design principles,2024,Data Mesh: A Systematic Gray Literature Review,"Goedegebuure, Abel and Kumara, Indika and Driessen, Stefan and Van Den Heuvel, Willem-Jan and Monsieur, Geert and Tamburri, Damian Andrew and Nucci, Dario Di",ACM Comput. Surv.,10.1145/3687301,https://doi.org/10.1145/3687301,3687301.pdf,/Users/baiyixin/Downloads/pdf_386/3687301.pdf,ACM DL / DOI page,available in local pdf_386 folder,/Users/baiyixin/Downloads/pdf_386_by_paper_id/96dd29c8f345.pdf
32,downloaded,4ac74ce3f335,Design rationale,2013,Towards a framework for documentation design: an abstract model of computer-mediated activity,"van Loggem, Brigit",Proceedings of the 31st European Conference on Cognitive Ergonomics,10.1145/2501907.2501953,https://doi.org/10.1145/2501907.2501953,2501907.2501953.pdf,/Users/baiyixin/Downloads/pdf_386/2501907.2501953.pdf,ACM DL / DOI page,available in local pdf_386 folder,/Users/baiyixin/Downloads/pdf_386_by_paper_id/4ac74ce3f335.pdf
33,downloaded,12568f76ff90,Design rationale,2009,Patterns or claims: do they help in communicating design advice?,"Abraham, George and Atwood, Michael E.",Proceedings of the 21st Annual Conference of the Australian Computer-Human Interaction Special Interest Group: Design: Open 24/7,10.1145/1738826.1738831,https://doi.org/10.1145/1738826.1738831,1738826.1738831.pdf,/Users/baiyixin/Downloads/pdf_386/1738826.1738831.pdf,ACM DL / DOI page,available in local pdf_386 folder,/Users/baiyixin/Downloads/pdf_386_by_paper_id/12568f76ff90.pdf
34,downloaded,296e021afe91,Design rationale,2000,A generic model for reflective design,"Louridas, Panagiotis and Loucopoulos, Pericles",ACM Trans. Softw. Eng. Methodol.,10.1145/350887.350895,https://doi.org/10.1145/350887.350895,350887.350895.pdf,/Users/baiyixin/Downloads/pdf_386/350887.350895.pdf,ACM DL / DOI page,available in local pdf_386 folder,/Users/baiyixin/Downloads/pdf_386_by_paper_id/296e021afe91.pdf
35,missing,dbc171dde63a,Design Rules,2024,Perfect Eudaimonic User Experience Design That Aristotle Would Have Wanted,"Joers, Julian Marvin and De Luca, Ernesto William",Companion Publication of the 2024 ACM Designing Interactive Systems Conference,10.1145/3656156.3663737,https://doi.org/10.1145/3656156.3663737,3656156.3663737.pdf,,ACM DL / DOI page,needs manual download or institutional access,/Users/baiyixin/Downloads/pdf_386_by_paper_id/dbc171dde63a.pdf
36,downloaded,8aeb26c1e21d,Design Rules,1982,Steps toward a cognitive engineering: Design rules based on analyses of human error,"Norman, Donald A.",Proceedings of the 1982 Conference on Human Factors in Computing Systems,10.1145/800049.801815,https://doi.org/10.1145/800049.801815,800049.801815.pdf,/Users/baiyixin/Downloads/pdf_386/800049.801815.pdf,ACM DL / DOI page,available in local pdf_386 folder,/Users/baiyixin/Downloads/pdf_386_by_paper_id/8aeb26c1e21d.pdf
37,downloaded,bacdc4f76eea,Design theory,2008,Work system principles: towards a justified design theory on the grounds of socio-instrumental pragmatism,"Petersson, Johan",Proceedings of the 3rd International Conference on the Pragmatic Web: Innovating the Interactive Society,10.1145/1479190.1479200,https://doi.org/10.1145/1479190.1479200,1479190.1479200.pdf,/Users/baiyixin/Downloads/pdf_386/1479190.1479200.pdf,ACM DL / DOI page,available in local pdf_386 folder,/Users/baiyixin/Downloads/pdf_386_by_paper_id/bacdc4f76eea.pdf
38,downloaded,dc61c8a1dcd6,Design theory,2018,Multiscale Design Strategies in a Landscape Architecture Classroom,"Lupfer, Nic and Fowler, Hannah and Valdez, Alyssa and Webb, Andrew and Merrill, Jeremy and Newman, Galen and Kerne, Andruid",Proceedings of the 2018 Designing Interactive Systems Conference,10.1145/3196709.3196812,https://doi.org/10.1145/3196709.3196812,3196709.3196812.pdf,/Users/baiyixin/Downloads/pdf_386/3196709.3196812.pdf,ACM DL / DOI page,available in local pdf_386 folder,/Users/baiyixin/Downloads/pdf_386_by_paper_id/dc61c8a1dcd6.pdf
39,downloaded,a21900f84443,Design theory,2012,Undesigning technology: considering the negation of design by design,"Pierce, James",Proceedings of the SIGCHI Conference on Human Factors in Computing Systems,10.1145/2207676.2208540,https://doi.org/10.1145/2207676.2208540,2207676.2208540.pdf,/Users/baiyixin/Downloads/pdf_386/2207676.2208540.pdf,ACM DL / DOI page,available in local pdf_386 folder,/Users/baiyixin/Downloads/pdf_386_by_paper_id/a21900f84443.pdf
40,downloaded,ceac90427122,Design theory,2003,Design-oriented human-computer interaction,"Fallman, Daniel",Proceedings of the SIGCHI Conference on Human Factors in Computing Systems,10.1145/642611.642652,https://doi.org/10.1145/642611.642652,642611.642652.pdf,/Users/baiyixin/Downloads/pdf_386/642611.642652.pdf,ACM DL / DOI page,available in local pdf_386 folder,/Users/baiyixin/Downloads/pdf_386_by_paper_id/ceac90427122.pdf
43,missing,7afa6519f6fc,Design frameworks,,"The experience, dynamics and artifacts framework: towards a holistic model for designing serious and entertainment games","Natucci, G.C. (1); Borges, M.A.F. (1)",2021 IEEE Conference on Games (CoG),10.1109/CoG52621.2021.9619144,https://doi.org/10.1109/CoG52621.2021.9619144,cog52621.2021.9619144.pdf,,IEEE Xplore / DOI page,needs manual download or institutional access,/Users/baiyixin/Downloads/pdf_386_by_paper_id/7afa6519f6fc.pdf
44,downloaded,85ba95ab4fa0,Design Guidelines,2025,"Six Guidelines for Trustworthy, Ethical and Responsible Automation Design","Jel√≠nek, Matou≈° ; Schlicker, Nadine ; de Visser, Ewart",arXiv,10.48550/arXiv.2508.02371,https://doi.org/10.48550/arXiv.2508.02371,arxiv.2508.02371.pdf,/Users/baiyixin/Downloads/pdf_386/arxiv.2508.02371.pdf,DOI / publisher page / Google Scholar,available in local pdf_386 folder,/Users/baiyixin/Downloads/pdf_386_by_paper_id/85ba95ab4fa0.pdf
45,downloaded,022ee7cf2e4e,Design Heuristics,2022,Introduction of a standardized Notation of Design Heuristics for Knowledge Formalization,"Kremer, Gerald (1); Peters, Ina (1); Bingoel, Berkay (1); Stark, Rainer (1)","Proceedings of the 33rd Symposium Design for X, DFX 2022",10.35199/dfx2022.08,https://doi.org/10.35199/dfx2022.08,dfx2022.08.pdf,/Users/baiyixin/Downloads/pdf_386/dfx2022.08.pdf,DOI / publisher page / Google Scholar,available in local pdf_386 folder,/Users/baiyixin/Downloads/pdf_386_by_paper_id/022ee7cf2e4e.pdf
47,downloaded,7cb073ebacac,Design Heuristics,2018,Formal system for the expression of target-oriented design heuristics,"Bonvoisin, J. (1); Buchert, T. (1); Stark, R. (1)","Proceedings of International Design Conference, DESIGN",10.21278/idc.2018.0120,https://doi.org/10.21278/idc.2018.0120,idc.2018.0120.pdf,/Users/baiyixin/Downloads/pdf_386/idc.2018.0120.pdf,DOI / publisher page / Google Scholar,available in local pdf_386 folder,/Users/baiyixin/Downloads/pdf_386_by_paper_id/7cb073ebacac.pdf
53,missing,f50a79b2d7e1,Design knowledge,2026,Towards scaling expertise with generative AI: design principles for governing AI-Mediated knowledge capture and transfer,"O‚ÄôSullivan, Philip (1); Sepp√§l√§, Selja (1); Feller, Joseph (1)",Journal of Decision Systems,10.1080/12460125.2026.2669855,https://doi.org/10.1080/12460125.2026.2669855,12460125.2026.2669855.pdf,,DOI / publisher page / Google Scholar,needs manual download or institutional access,/Users/baiyixin/Downloads/pdf_386_by_paper_id/f50a79b2d7e1.pdf
61,downloaded,3058799f63c1,Design knowledge,2024,Using Schema to Inform Method Design Practices,"Chivukula, Shruthi Sai (1); Gray, Colin M. (2)",arXiv,10.48550/arXiv.2405.00901,https://doi.org/10.48550/arXiv.2405.00901,arxiv.2405.00901.pdf,/Users/baiyixin/Downloads/pdf_386/arxiv.2405.00901.pdf,DOI / publisher page / Google Scholar,available in local pdf_386 folder,/Users/baiyixin/Downloads/pdf_386_by_paper_id/3058799f63c1.pdf
62,downloaded,73537bfbe719,Design knowledge,,A taxonomy and ontology for digital platforms,"Derave, T. (1); Gailly, F. (1); Sales, T.P. (2); Poels, G. (1)",Information Systems,10.1016/j.is.2023.102293,https://doi.org/10.1016/j.is.2023.102293,j.is.2023.102293.pdf,/Users/baiyixin/Downloads/pdf_386/j.is.2023.102293.pdf,DOI / publisher page / Google Scholar,available in local pdf_386 folder,/Users/baiyixin/Downloads/pdf_386_by_paper_id/73537bfbe719.pdf
63,missing,19dd6ec0253e,Design knowledge,,A principle-based philosophical framework for fashion design praxis and education in new design landscapes,"Harvey, N. (1); Ankiewicz, P. (2)",International Journal of Technology and Design Education,10.1007/s10798-022-09794-7,https://doi.org/10.1007/s10798-022-09794-7,s10798.022.09794.7.pdf,,DOI / publisher page / Google Scholar,needs manual download or institutional access,/Users/baiyixin/Downloads/pdf_386_by_paper_id/19dd6ec0253e.pdf
64,downloaded,bdf1addf5a10,Design knowledge,2023,Contestable AI by Design: Towards a Framework,"Alfrink, Kars (1); Keller, Ianus (2); Kortuem, Gerd (1); Doorn, Neelke (3)",Minds and Machines,10.1007/s11023-022-09611-z,https://doi.org/10.1007/s11023-022-09611-z,s11023.022.09611.z.pdf,/Users/baiyixin/Downloads/pdf_386/s11023.022.09611.z.pdf,DOI / publisher page / Google Scholar,available in local pdf_386 folder,/Users/baiyixin/Downloads/pdf_386_by_paper_id/bdf1addf5a10.pdf
70,downloaded,fd2392ff2aff,Design knowledge,2021,Surveying a Landscape of Ethics-Focused Design Methods,"Chivukula, Shruthi Sai (1); Li, Ziqing (2); Pivonka, Anne C. (2); Chen, Jingning (2); Gray, Colin M. (2)",arXiv,10.48550/arXiv.2102.08909,https://doi.org/10.48550/arXiv.2102.08909,arxiv.2102.08909.pdf,/Users/baiyixin/Downloads/pdf_386/arxiv.2102.08909.pdf,DOI / publisher page / Google Scholar,available in local pdf_386 folder,/Users/baiyixin/Downloads/pdf_386_by_paper_id/fd2392ff2aff.pdf
71,missing,a7e06450729f,Design knowledge,,Game Design as an Autonomous Research Subject,"Neves, P.P. (1); Zagalo, N. (2)",Information,10.3390/info12090367,https://doi.org/10.3390/info12090367,info12090367.pdf,,DOI / publisher page / Google Scholar,needs manual download or institutional access,/Users/baiyixin/Downloads/pdf_386_by_paper_id/a7e06450729f.pdf
73,downloaded,40668e23fbab,Design knowledge,2021,Dimensions of knowledge in prototyping: A review and characterisation of prototyping methods and their contributions to design knowledge,"Real, Ricardo (1); C., Snider; M., Goudswaard; B., Hicks",Proceedings of the Design Society,10.1017/pds.2021.130,https://doi.org/10.1017/pds.2021.130,pds.2021.130.pdf,/Users/baiyixin/Downloads/pdf_386/pds.2021.130.pdf,DOI / publisher page / Google Scholar,available in local pdf_386 folder,/Users/baiyixin/Downloads/pdf_386_by_paper_id/40668e23fbab.pdf
74,downloaded,f6ba28a6efeb,Design knowledge,2020,ON the HIERARCHICAL LEVELS of DESIGN KNOWLEDGE,"Kolariƒá, S. (1); Beck, J. (2); Stolterman, E. (3)",Proceedings of the Design Society: DESIGN Conference,10.1017/dsd.2020.330,https://doi.org/10.1017/dsd.2020.330,dsd.2020.330.pdf,/Users/baiyixin/Downloads/pdf_386/dsd.2020.330.pdf,DOI / publisher page / Google Scholar,available in local pdf_386 folder,/Users/baiyixin/Downloads/pdf_386_by_paper_id/f6ba28a6efeb.pdf
76,downloaded,33444d31c6dc,Design knowledge,2020,A design theory for visual inquiry tools,"Avdiji, Hazbi (1); Elikan, Dina (2); Missonier, Stephanie (2); Pigneur, Yves (2)",Journal of the Association for Information Systems,10.17705/1jais.00617,https://doi.org/10.17705/1jais.00617,1jais.00617.pdf,/Users/baiyixin/Downloads/pdf_386/1jais.00617.pdf,DOI / publisher page / Google Scholar,available in local pdf_386 folder,/Users/baiyixin/Downloads/pdf_386_by_paper_id/33444d31c6dc.pdf
77,missing,95eee570b8f1,Design knowledge,2020,Accumulating design knowledge: A mechanisms-based approach,"Rothe, Hannes (1); Wessel, Lauri (2); Barquet, Ana Paula (3)",Journal of the Association for Information Systems,10.17705/1jais.00619,https://doi.org/10.17705/1jais.00619,1jais.00619.pdf,,DOI / publisher page / Google Scholar,needs manual download or institutional access,/Users/baiyixin/Downloads/pdf_386_by_paper_id/95eee570b8f1.pdf
78,missing,cda6c6785f0a,Design knowledge,,The design of social drones: a review of studies on autonomous flyers in inhabited environments,"Baytas, M.A. (1); √áay, D. (1); Zhang, Y. (2); Obaid, M. (3); Yanta√ß, A.E. (1); Fjeld, M. (2)",CHI '19: Proceedings of the 2019 CHI Conference on Human Factors in Computing Systems,10.1145/3290605.3300480,https://doi.org/10.1145/3290605.3300480,3290605.3300480.pdf,,ACM DL / DOI page,needs manual download or institutional access,/Users/baiyixin/Downloads/pdf_386_by_paper_id/cda6c6785f0a.pdf
81,missing,114973fd100e,Design knowledge,,Identification and management of the near-field knowledge of industrial design for innovative product shapes,JinTao He (1); Qian Yang (1); MengYa Zhu (1),Advances in Mechanical Engineering,10.1177/1687814018816574,https://doi.org/10.1177/1687814018816574,1687814018816574.pdf,,DOI / publisher page / Google Scholar,needs manual download or institutional access,/Users/baiyixin/Downloads/pdf_386_by_paper_id/114973fd100e.pdf
84,downloaded,c90163fa7f57,Design knowledge,,A new model to express and capture the design rationale in the documents,Jihong Liu (1); Jiaji Wang (1); Kejian Wang (1),MATEC Web of Conferences,10.1051/matecconf/201713900016,https://doi.org/10.1051/matecconf/201713900016,matecconf.201713900016.pdf,/Users/baiyixin/Downloads/pdf_386/matecconf.201713900016.pdf,DOI / publisher page / Google Scholar,available in local pdf_386 folder,/Users/baiyixin/Downloads/pdf_386_by_paper_id/c90163fa7f57.pdf
85,downloaded,ade78c466271,Design knowledge,,Revised set of usability heuristics for the evaluation of interactive systems,"Pribeanu, C. (1)",Informatica Economica,10.12948/issn14531305/21.3.2017.03,https://doi.org/10.12948/issn14531305/21.3.2017.03,issn14531305.21.3.2017.03.pdf,/Users/baiyixin/Downloads/pdf_386/issn14531305.21.3.2017.03.pdf,DOI / publisher page / Google Scholar,available in local pdf_386 folder,/Users/baiyixin/Downloads/pdf_386_by_paper_id/ade78c466271.pdf
86,missing,fffe50e033fa,Design knowledge,2017,Activity as the ultimate particular of interaction design,"Waern, Annika (1); Back, Jon (1)",Conference on Human Factors in Computing Systems - Proceedings,10.1145/3025453.3025990,https://doi.org/10.1145/3025453.3025990,3025453.3025990.pdf,,ACM DL / DOI page,needs manual download or institutional access,/Users/baiyixin/Downloads/pdf_386_by_paper_id/fffe50e033fa.pdf
87,missing,7c4d2eb91f51,Design knowledge,2017,Using a Visual Abstract as a Lens for Communicating and Promoting Design Science Research in Software Engineering,"Storey, Margaret-Anne (1); Engstrom, Emelie (2); Host, Martin (2); Runeson, Per (2); Bjarnason, Elizabeth (2)",International Symposium on Empirical Software Engineering and Measurement,10.1109/ESEM.2017.28,https://doi.org/10.1109/ESEM.2017.28,esem.2017.28.pdf,,IEEE Xplore / DOI page,needs manual download or institutional access,/Users/baiyixin/Downloads/pdf_386_by_paper_id/7c4d2eb91f51.pdf
92,missing,e958310acab5,Design knowledge,2015,"Prescriptive knowledge in IS research: Conceptualizing design principles in terms of materiality, action, and boundary conditions","Chandra, Leona (1); Seidel, Stefan (1); Gregor, Shirley (2)",Proceedings of the Annual Hawaii International Conference on System Sciences,10.1109/HICSS.2015.485,https://doi.org/10.1109/HICSS.2015.485,hicss.2015.485.pdf,,IEEE Xplore / DOI page,needs manual download or institutional access,/Users/baiyixin/Downloads/pdf_386_by_paper_id/e958310acab5.pdf
93,missing,1c7fa3f7d73a,Design knowledge,2013,A theoretical framework for the studio as a learning environment,"Brandt, Carol B. (1); Cennamo, Katherine (2); Douglas, Sarah (3); Vernon, Mitzi (4); McGrath, Margarita (5); Reimer, Yolanda (6)",International Journal of Technology and Design Education,10.1007/s10798-011-9181-5,https://doi.org/10.1007/s10798-011-9181-5,s10798.011.9181.5.pdf,,DOI / publisher page / Google Scholar,needs manual download or institutional access,/Users/baiyixin/Downloads/pdf_386_by_paper_id/1c7fa3f7d73a.pdf
98,missing,6e7959c82d5f,Design knowledge,2009,The anatomy of HCI design patterns,"Kruschitz, Christian (1); Hitz, Martin (1)","Computation World: Future Computing, Service Computation, Adaptive, Content, Cognitive, Patterns, ComputationWorld 2009",10.1109/ComputationWorld.2009.45,https://doi.org/10.1109/ComputationWorld.2009.45,computationworld.2009.45.pdf,,IEEE Xplore / DOI page,needs manual download or institutional access,/Users/baiyixin/Downloads/pdf_386_by_paper_id/6e7959c82d5f.pdf
102,missing,7b15d81000db,Design knowledge,2007,The anatomy of a design theory,"Gregor, Shirley (1); Jones, David (2)",Journal of the Association for Information Systems,10.17705/1jais.00129,https://doi.org/10.17705/1jais.00129,1jais.00129.pdf,,DOI / publisher page / Google Scholar,needs manual download or institutional access,/Users/baiyixin/Downloads/pdf_386_by_paper_id/7b15d81000db.pdf
114,downloaded,7e095752d24c,Design methods,,Think-4-EmCoDe framework: Highlighting key qualities in embodied co-design techniques for children,"Schaper, M.-M. (1); MaÃÅrquez Segura, E. (2); Malinverni, L. (3); Pares, N. (4)",International Journal of Human-Computer Studies,10.1016/j.ijhcs.2023.103065,https://doi.org/10.1016/j.ijhcs.2023.103065,j.ijhcs.2023.103065.pdf,/Users/baiyixin/Downloads/pdf_386/j.ijhcs.2023.103065.pdf,DOI / publisher page / Google Scholar,available in local pdf_386 folder,/Users/baiyixin/Downloads/pdf_386_by_paper_id/7e095752d24c.pdf
117,downloaded,40a2d86cd488,Design methods,,Elements of a design method - a basis for describing and evaluating design methods,"Gericke, K. (1); Eckert, C. (2); Stacey, M. (3)",Design Science,10.1017/dsj.2022.23,https://doi.org/10.1017/dsj.2022.23,dsj.2022.23.pdf,/Users/baiyixin/Downloads/pdf_386/dsj.2022.23.pdf,DOI / publisher page / Google Scholar,available in local pdf_386 folder,/Users/baiyixin/Downloads/pdf_386_by_paper_id/40a2d86cd488.pdf
134,missing,bc6d0afdec8f,Design Patterns,1999,Design patterns for component-oriented software development,"Rege, Karl (1)",Conference Proceedings of the EUROMICRO,10.1109/EURMIC.1999.794784,https://doi.org/10.1109/EURMIC.1999.794784,eurmic.1999.794784.pdf,,IEEE Xplore / DOI page,needs manual download or institutional access,/Users/baiyixin/Downloads/pdf_386_by_paper_id/bc6d0afdec8f.pdf
139,missing,242644458c6e,Design Patterns,2001,A pattern approach to interaction design,"Horchers, Jan O. (1, 2)",AI and Society,10.1007/bf01206115,https://doi.org/10.1007/bf01206115,bf01206115.pdf,,DOI / publisher page / Google Scholar,needs manual download or institutional access,/Users/baiyixin/Downloads/pdf_386_by_paper_id/242644458c6e.pdf
140,downloaded,4fb2c242dfee,Design Patterns,,Coupling of design patterns: common practices and their benefits,"McNatt, W.B. (1); Bieman, J.M. (1)",25th Annual International Computer Software and Applications Conference. COMPSAC 2001,10.1109/CMPSAC.2001.960670,https://doi.org/10.1109/CMPSAC.2001.960670,cmpsac.2001.960670.pdf,/Users/baiyixin/Downloads/pdf_386/cmpsac.2001.960670.pdf,IEEE Xplore / DOI page,available in local pdf_386 folder,/Users/baiyixin/Downloads/pdf_386_by_paper_id/4fb2c242dfee.pdf
141,missing,677c4dc89d1d,Design Patterns,2003,Elemental design patterns: A formal semantics for composition of OO software architecture,"McC Smith, J. (1); Stotts, D. (1)","Proceedings - 27th Annual NASA Goddard / IEEE Software Engineering Workshop, SEW 2002",10.1109/SEW.2002.1199472,https://doi.org/10.1109/SEW.2002.1199472,sew.2002.1199472.pdf,,IEEE Xplore / DOI page,needs manual download or institutional access,/Users/baiyixin/Downloads/pdf_386_by_paper_id/677c4dc89d1d.pdf
150,missing,a9303960f19a,Design Patterns,2007,Abstraction in computer science,"Colburn, Timothy (1); Shute, Gary (1)",Minds and Machines,10.1007/s11023-007-9061-7,https://doi.org/10.1007/s11023-007-9061-7,s11023.007.9061.7.pdf,,DOI / publisher page / Google Scholar,needs manual download or institutional access,/Users/baiyixin/Downloads/pdf_386_by_paper_id/a9303960f19a.pdf
151,missing,6f73a944b8d6,Design Patterns,2008,Video collaboratories for research and education: An analysis of collaboration design patterns,"Pea, Roy (1); Lindgren, Robb (1)",IEEE Transactions on Learning Technologies,10.1109/TLT.2009.5,https://doi.org/10.1109/TLT.2009.5,tlt.2009.5.pdf,,IEEE Xplore / DOI page,needs manual download or institutional access,/Users/baiyixin/Downloads/pdf_386_by_paper_id/6f73a944b8d6.pdf
156,missing,8393d36cff90,Design Patterns,2010,An overview of human-computer interaction patterns in pervasive systems,"Wilde, Adriana G. (1); Bruegger, Pascal (1); Hirsbrunner, B√©at (1)","Proceedings - 2010 International Conference on User Science and Engineering, i-USEr 2010",10.1109/IUSER.2010.5716740,https://doi.org/10.1109/IUSER.2010.5716740,iuser.2010.5716740.pdf,,IEEE Xplore / DOI page,needs manual download or institutional access,/Users/baiyixin/Downloads/pdf_386_by_paper_id/8393d36cff90.pdf
159,missing,fee96194a322,Design principles,,Personalising learning: towards a coherent learning design framework,"Zalavra, E. (1); Papanikolaou, K. (2); Dimitriadis, Y. (3); Sgouropoulou, C. (1)",2022 International Conference on Advanced Learning Technologies (ICALT),10.1109/ICALT55010.2022.00030,https://doi.org/10.1109/ICALT55010.2022.00030,icalt55010.2022.00030.pdf,,IEEE Xplore / DOI page,needs manual download or institutional access,/Users/baiyixin/Downloads/pdf_386_by_paper_id/fee96194a322.pdf
163,missing,2ba0daf07e8e,Design principles,,Engineering design principles as patterns of relationships in frame creation,"Rodriguez, J.B. (1); Benavides, E.M. (1)",Research in Engineering Design,10.1007/s00163-021-00362-z,https://doi.org/10.1007/s00163-021-00362-z,s00163.021.00362.z.pdf,,DOI / publisher page / Google Scholar,needs manual download or institutional access,/Users/baiyixin/Downloads/pdf_386_by_paper_id/2ba0daf07e8e.pdf
166,downloaded,75731fe2e6d1,Design rationale,,"Feature, specification and evidence framework for communicating design rationale","Mirabito, Y. (1); Tchatchouang Kayo, M.A. (2); Goucher-Lambert, K. (1)",Design Science,10.1017/dsj.2024.19,https://doi.org/10.1017/dsj.2024.19,dsj.2024.19.pdf,/Users/baiyixin/Downloads/pdf_386/dsj.2024.19.pdf,DOI / publisher page / Google Scholar,available in local pdf_386 folder,/Users/baiyixin/Downloads/pdf_386_by_paper_id/75731fe2e6d1.pdf
178,missing,edde6dc75b19,Design rationale,2009,The language of design: Theory and computation,"Dong, Andy (1)",The Language of Design: Theory and Computation,10.1007/978-1-84882-021-0,https://doi.org/10.1007/978-1-84882-021-0,978.1.84882.021.0.pdf,,DOI / publisher page / Google Scholar,needs manual download or institutional access,/Users/baiyixin/Downloads/pdf_386_by_paper_id/edde6dc75b19.pdf
188,missing,4025e28730c1,Design theory,,Conceptual foundations of design problem solving,"Smith, G.F. (1); Browne, G.J.","IEEE Transactions on Systems, Man and Cybernetics",10.1109/21.260655,https://doi.org/10.1109/21.260655,21.260655.pdf,,IEEE Xplore / DOI page,needs manual download or institutional access,/Users/baiyixin/Downloads/pdf_386_by_paper_id/4025e28730c1.pdf
197,missing,43fee329f83e,Design theory,2008,Process design theory for digital information services,"Wijnhoven, Fons (1)",Methods and Tools for Effective Knowledge Life-Cycle-Management,10.1007/978-3-540-78431-9_31,https://doi.org/10.1007/978-3-540-78431-9_31,978.3.540.78431.9.31.pdf,,DOI / publisher page / Google Scholar,needs manual download or institutional access,/Users/baiyixin/Downloads/pdf_386_by_paper_id/43fee329f83e.pdf
201,missing,9f9f7295ec8c,Design theory,,Affordance based design: a relational theory for design,"Maier, J. (1); Fadel, G. (1)",Research in Engineering Design,10.1007/s00163-008-0060-3,https://doi.org/10.1007/s00163-008-0060-3,s00163.008.0060.3.pdf,,DOI / publisher page / Google Scholar,needs manual download or institutional access,/Users/baiyixin/Downloads/pdf_386_by_paper_id/9f9f7295ec8c.pdf
202,missing,b21a9b4cc5ef,Design theory,,C-K design theory: an advanced formulation,"Hatchuel, A. (1); Weil, B. (1)",Research in Engineering Design,10.1007/s00163-008-0043-4,https://doi.org/10.1007/s00163-008-0043-4,s00163.008.0043.4.pdf,,DOI / publisher page / Google Scholar,needs manual download or institutional access,/Users/baiyixin/Downloads/pdf_386_by_paper_id/b21a9b4cc5ef.pdf
204,missing,a1a2a51ae22e,Design theory,2010,Incommensurability in design science: Which comes first-Theory or artefact?,"Davern, Michael (1); Parkes, Alison (1)",Information Systems Foundations: The Role of Design Science,10.22459/isf.12.2010.04,https://doi.org/10.22459/isf.12.2010.04,isf.12.2010.04.pdf,,DOI / publisher page / Google Scholar,needs manual download or institutional access,/Users/baiyixin/Downloads/pdf_386_by_paper_id/a1a2a51ae22e.pdf
207,missing,103eb1a8586b,Design theory,2010,Incommensurability and multi-paradigm grounding in design science research: Implications for creating knowledge,"Hovorka, Dirk S. (1)",IFIP Advances in Information and Communication Technology,10.1007/978-3-642-12113-5_2,https://doi.org/10.1007/978-3-642-12113-5_2,978.3.642.12113.5.2.pdf,,DOI / publisher page / Google Scholar,needs manual download or institutional access,/Users/baiyixin/Downloads/pdf_386_by_paper_id/103eb1a8586b.pdf
208,missing,c9175ef9ebfe,Design theory,2010,Management design theories,"Pries-Heje, Jan (1); Baskerville, Richard L. (2)",IFIP Advances in Information and Communication Technology,10.1007/978-3-642-12113-5_16,https://doi.org/10.1007/978-3-642-12113-5_16,978.3.642.12113.5.16.pdf,,DOI / publisher page / Google Scholar,needs manual download or institutional access,/Users/baiyixin/Downloads/pdf_386_by_paper_id/c9175ef9ebfe.pdf
210,missing,75f43821c56f,Design Guidelines,2007,Towards a Model of Information Aesthetics in Information Visualization,A. Lau; A. Vande Moere,,10.1109/IV.2007.114,https://doi.org/10.1109/IV.2007.114,iv.2007.114.pdf,,IEEE Xplore / DOI page,needs manual download or institutional access,/Users/baiyixin/Downloads/pdf_386_by_paper_id/75f43821c56f.pdf
211,missing,b357bc5a3d3b,Design Guidelines,2009,Towards Canonical Task Types for User Interface Design,J. M. Gonzalez-Calleros; J. Guerrero-Garcia; J. Vanderdonckt; J. Munoz-Arteaga,,10.1109/LA-WEB.2009.33,https://doi.org/10.1109/LA-WEB.2009.33,la.web.2009.33.pdf,,IEEE Xplore / DOI page,needs manual download or institutional access,/Users/baiyixin/Downloads/pdf_386_by_paper_id/b357bc5a3d3b.pdf
212,missing,b14f85b19a87,Design Guidelines,2012,Design Study Methodology: Reflections from the Trenches and the Stacks,M. Sedlmair; M. Meyer; T. Munzner,,10.1109/TVCG.2012.213,https://doi.org/10.1109/TVCG.2012.213,tvcg.2012.213.pdf,,IEEE Xplore / DOI page,needs manual download or institutional access,/Users/baiyixin/Downloads/pdf_386_by_paper_id/b14f85b19a87.pdf
215,missing,c6e7060b0fa0,Design Patterns,2011,LabelPatterns.org: A comprehensive pattern library for consumer-decision labels,D. K. Farkas; J. Larson; S. J. Naranjo,,10.1109/IPCC.2011.6087185,https://doi.org/10.1109/IPCC.2011.6087185,ipcc.2011.6087185.pdf,,IEEE Xplore / DOI page,needs manual download or institutional access,/Users/baiyixin/Downloads/pdf_386_by_paper_id/c6e7060b0fa0.pdf
216,downloaded,7d99b05f405e,Design Patterns,2023,Design Patterns for AI-based Systems: A Multivocal Literature Review and Pattern Repository,L. Heiland; M. Hauser; J. Bogner,,10.1109/CAIN58948.2023.00035,https://doi.org/10.1109/CAIN58948.2023.00035,cain58948.2023.00035.pdf,/Users/baiyixin/Downloads/pdf_386/cain58948.2023.00035.pdf,IEEE Xplore / DOI page,available in local pdf_386 folder,/Users/baiyixin/Downloads/pdf_386_by_paper_id/7d99b05f405e.pdf
217,missing,c7ed46400a28,Design Patterns,2012,Exploring the design space of composite visualization,W. Javed; N. Elmqvist,,10.1109/PacificVis.2012.6183556,https://doi.org/10.1109/PacificVis.2012.6183556,pacificvis.2012.6183556.pdf,,IEEE Xplore / DOI page,needs manual download or institutional access,/Users/baiyixin/Downloads/pdf_386_by_paper_id/c7ed46400a28.pdf
218,missing,79abc1449981,Design Patterns,2013,Thriving Systems Theory: An Emergent Information Systems Design Theory,L. J. Waguespack; W. T. Schiano,,10.1109/HICSS.2013.550,https://doi.org/10.1109/HICSS.2013.550,hicss.2013.550.pdf,,IEEE Xplore / DOI page,needs manual download or institutional access,/Users/baiyixin/Downloads/pdf_386_by_paper_id/79abc1449981.pdf
219,missing,a74bec243b7f,Design Patterns,2026,Universal Structural-Semantic Model of Design Patterns,S. Vlajic; A. Trujic; M. Milic; D. Savic; A. Poledica,,10.1109/IT67293.2026.11435724,https://doi.org/10.1109/IT67293.2026.11435724,it67293.2026.11435724.pdf,,IEEE Xplore / DOI page,needs manual download or institutional access,/Users/baiyixin/Downloads/pdf_386_by_paper_id/a74bec243b7f.pdf
220,missing,4e727e38805c,Design Patterns,2025,"Visualization Atlases: Explaining and Exploring Complex Topics Through Data, Visualization, and Narration",J. Wang; X. Shu; B. Bach; U. Hinrichs,,10.1109/TVCG.2024.3456311,https://doi.org/10.1109/TVCG.2024.3456311,tvcg.2024.3456311.pdf,,IEEE Xplore / DOI page,needs manual download or institutional access,/Users/baiyixin/Downloads/pdf_386_by_paper_id/4e727e38805c.pdf
221,missing,42c66c187222,Design principles,2015,Toward an effective approach to collaboration education: A taxonomy for game design,A. Loparev; C. A. Egert,,10.1109/GEM.2015.7377203,https://doi.org/10.1109/GEM.2015.7377203,gem.2015.7377203.pdf,,IEEE Xplore / DOI page,needs manual download or institutional access,/Users/baiyixin/Downloads/pdf_386_by_paper_id/42c66c187222.pdf
222,missing,44848ca19e31,Design principles,2025,"Design Obligations for Software, with Examples from Data Abstraction and Adaptive Systems",M. Shaw,,10.1109/Designing66910.2025.00016,https://doi.org/10.1109/Designing66910.2025.00016,designing66910.2025.00016.pdf,,IEEE Xplore / DOI page,needs manual download or institutional access,/Users/baiyixin/Downloads/pdf_386_by_paper_id/44848ca19e31.pdf
223,missing,b77e7d67555e,Design principles,2025,USSF: A Unified Framework for Screen Standardization in Software Systems,H. Hristov,,10.1109/CIEES66347.2025.11300084,https://doi.org/10.1109/CIEES66347.2025.11300084,ciees66347.2025.11300084.pdf,,IEEE Xplore / DOI page,needs manual download or institutional access,/Users/baiyixin/Downloads/pdf_386_by_paper_id/b77e7d67555e.pdf
224,missing,ba03a17bc120,Design Rules,2018,"The Good, the Bad, and the Ugly: A Theoretical Framework for the Assessment of Continuous Colormaps",R. Bujack; T. L. Turton; F. Samsel; C. Ware; D. H. Rogers; J. Ahrens,,10.1109/TVCG.2017.2743978,https://doi.org/10.1109/TVCG.2017.2743978,tvcg.2017.2743978.pdf,,IEEE Xplore / DOI page,needs manual download or institutional access,/Users/baiyixin/Downloads/pdf_386_by_paper_id/ba03a17bc120.pdf
226,missing,5a973fb8ae6f,Design theory,2015,ICT-Enabled Self-Management of Chronic Diseases: Literature Review and Analysis Using Value-Sensitive Design,M. Dadgar; K. D. Joshi,,10.1109/HICSS.2015.388,https://doi.org/10.1109/HICSS.2015.388,hicss.2015.388.pdf,,IEEE Xplore / DOI page,needs manual download or institutional access,/Users/baiyixin/Downloads/pdf_386_by_paper_id/5a973fb8ae6f.pdf
228,missing,8107b8d7a099,Design theory,2022,Analyzing Initial Design Theory Components for Developing Information Security Laboratories,S. Iqbal,,10.1109/CSP55486.2022.00015,https://doi.org/10.1109/CSP55486.2022.00015,csp55486.2022.00015.pdf,,IEEE Xplore / DOI page,needs manual download or institutional access,/Users/baiyixin/Downloads/pdf_386_by_paper_id/8107b8d7a099.pdf
233,missing,e09769771b82,Design frameworks,2021,"The Experience, Dynamics and Artifacts Framework: Towards a Holistic Model for Designing Serious and Entertainment Games",Gabriel C. Natucci; M. A. Borges,2021 IEEE Conference on Games (CoG),,https://www.semanticscholar.org/paper/c99ce43ca2809df3634eb95801e9f47fa335d56f,The_Experience_Dynamics_and_Artifacts_Framework_Towards_a_Holistic_Model_for_Designing_Ser.pdf,,DOI / publisher page / Google Scholar,needs manual download or institutional access,/Users/baiyixin/Downloads/pdf_386_by_paper_id/e09769771b82.pdf
236,missing,139a1e71d8dc,Design Guidelines,2016,Separation of Modeling Principles and Design Principles in Enterprise Engineering,Tetsuya Suga; Peter De Bruyn; Philip Huysmans; J. Verelst; H. Mannaert,The Practice of Enterprise Modeling,,https://www.semanticscholar.org/paper/05ace0f237feda9c4e4dd78cdc60b3dd91738543,Separation_of_Modeling_Principles_and_Design_Principles_in_Enterprise_Engineering.pdf,,DOI / publisher page / Google Scholar,needs manual download or institutional access,/Users/baiyixin/Downloads/pdf_386_by_paper_id/139a1e71d8dc.pdf
237,missing,14dcaf15aa66,Design Guidelines,2016,Terminologia kohtaa k√§ytett√§vyyden. Terminologisen k√§ytett√§vyyden ydint√§ rakentamassa,Suvi Isohella; Anita Nuopponen,VAKKI Publications,,https://www.semanticscholar.org/paper/11c6a0fa8fc166972194899f747f6bd2d3e40b34,Terminologia_kohtaa_k_ytett_vyyden_Terminologisen_k_ytett_vyyden_ydint_rakentamassa.pdf,,DOI / publisher page / Google Scholar,needs manual download or institutional access,/Users/baiyixin/Downloads/pdf_386_by_paper_id/14dcaf15aa66.pdf
243,missing,866322a64dc5,Design Guidelines,2013,Healthy Eating Design Guidelines for School Architecture,T. Huang; D. S√∏rensen; Steven Davis; L. Frerichs; Jeri Brittin; Joseph Celentano; Kelly Callahan; M. Trowbridge,Preventing Chronic Disease,,https://www.semanticscholar.org/paper/8cf045de91534b74094162cb036d8acb5a6c74c4,Healthy_Eating_Design_Guidelines_for_School_Architecture.pdf,,DOI / publisher page / Google Scholar,needs manual download or institutional access,/Users/baiyixin/Downloads/pdf_386_by_paper_id/866322a64dc5.pdf
244,missing,ee0a5b26f6dc,Design Guidelines,2018,Formalizing Visualization Design Knowledge as Constraints: Actionable and Extensible Models in Draco,Dominik Moritz; Chenglong Wang; Greg L. Nelson; Halden Lin; Adam M. Smith; Bill Howe; Jeffrey Heer,IEEE Transactions on Visualization and Computer Graphics,,https://www.semanticscholar.org/paper/8db0faf2764f8b578c5d702989d437ff8bea9f14,Formalizing_Visualization_Design_Knowledge_as_Constraints_Actionable_and_Extensible_Models.pdf,,DOI / publisher page / Google Scholar,needs manual download or institutional access,/Users/baiyixin/Downloads/pdf_386_by_paper_id/ee0a5b26f6dc.pdf
249,downloaded,c216cc01fe23,Design Guidelines,2019,A Preliminary Proposal Towards Unambiguous Definitions for Modular Interfaces and Interactions,Lorenzo Fiorineschi; F. Rotini,Proceedings of the Design Society,,https://www.semanticscholar.org/paper/fac005c1d5ad4e966d06ca69426e26c52795b094,A_Preliminary_Proposal_Towards_Unambiguous_Definitions_for_Modular_Interfaces_and_Interact.pdf,/Users/baiyixin/Downloads/pdf_386/A_Preliminary_Proposal_Towards_Unambiguous_Definitions_for_Modular_Interfaces_and_Interact.pdf,DOI / publisher page / Google Scholar,available in local pdf_386 folder,/Users/baiyixin/Downloads/pdf_386_by_paper_id/c216cc01fe23.pdf
257,downloaded,af4a4237d98a,Design knowledge,2017,Utilization of design principles for hybrid learning configurations by interprofessional design teams,Petra H. M. Cremers; A. Wals; R. Wesselink; M. Mulder,,,https://www.semanticscholar.org/paper/283b7871f4761ad84513199e4f22100232b20a4b,Utilization_of_design_principles_for_hybrid_learning_configurations_by_interprofessional_d.pdf,/Users/baiyixin/Downloads/pdf_386/Utilization_of_design_principles_for_hybrid_learning_configurations_by_interprofessional_d.pdf,DOI / publisher page / Google Scholar,available in local pdf_386 folder,/Users/baiyixin/Downloads/pdf_386_by_paper_id/af4a4237d98a.pdf
260,downloaded,94bc88b88ae6,Design knowledge,2019,Design knowledge in the artistic‚Äìaesthetic development and transformation of the world,Charikova Irina; Zhadanov Viktor; Kiryakova Aida,MATEC Web of Conferences,,https://www.semanticscholar.org/paper/4ed4e5d7bea333c04880c9e67cd730ee9463610f,Design_knowledge_in_the_artistic_aesthetic_development_and_transformation_of_the_world.pdf,/Users/baiyixin/Downloads/pdf_386/Design_knowledge_in_the_artistic_aesthetic_development_and_transformation_of_the_world.pdf,DOI / publisher page / Google Scholar,available in local pdf_386 folder,/Users/baiyixin/Downloads/pdf_386_by_paper_id/94bc88b88ae6.pdf
266,downloaded,53adec5acee6,Design knowledge,2016,Mapping design knowledge: 36 years of Design Studies,K. Burns; Jack Ingram; L. Annable,,,https://www.semanticscholar.org/paper/a749b4fe5ef70d2391f17102eab0671f5d3f3dc1,Mapping_design_knowledge_36_years_of_Design_Studies.pdf,/Users/baiyixin/Downloads/pdf_386/Mapping_design_knowledge_36_years_of_Design_Studies.pdf,DOI / publisher page / Google Scholar,available in local pdf_386 folder,/Users/baiyixin/Downloads/pdf_386_by_paper_id/53adec5acee6.pdf
271,missing,29a8891f4c02,Design knowledge,2010,The Need for Design Cases: Disseminating Design Knowledge,E. Boling,,,https://www.semanticscholar.org/paper/b924e7e2da2b5dfae02528ebbb53b209e8077c32,The_Need_for_Design_Cases_Disseminating_Design_Knowledge.pdf,,DOI / publisher page / Google Scholar,needs manual download or institutional access,/Users/baiyixin/Downloads/pdf_386_by_paper_id/29a8891f4c02.pdf
273,downloaded,00e42ae113b8,Design knowledge,2016,Utilization of design principles for hybrid learning configurations by interprofessional design teams,Petra H. M. Cremers; A. Wals; R. Wesselink; M. Mulder,Instructional Science,,https://www.semanticscholar.org/paper/c789600c7369bddaf982676630fa98befecacde6,Utilization_of_design_principles_for_hybrid_learning_configurations_by_interprofessional_d.pdf,/Users/baiyixin/Downloads/pdf_386/Utilization_of_design_principles_for_hybrid_learning_configurations_by_interprofessional_d.pdf,DOI / publisher page / Google Scholar,available in local pdf_386 folder,/Users/baiyixin/Downloads/pdf_386_by_paper_id/00e42ae113b8.pdf
281,downloaded,95c2b3d44aff,Design methods,2016,Multiple forms of applications and impacts of a design theory -ten years of industrial applications of C-K theory,A. Hatchuel; P. Masson; B. Weil; Marine Agogu√©; A. Kazak√ßi; S. Hooge,,,https://www.semanticscholar.org/paper/5975acb4d5d895ad651694e7ae4694f8abac61d2,Multiple_forms_of_applications_and_impacts_of_a_design_theory_ten_years_of_industrial_appl.pdf,/Users/baiyixin/Downloads/pdf_386/Multiple_forms_of_applications_and_impacts_of_a_design_theory_ten_years_of_industrial_appl.pdf,DOI / publisher page / Google Scholar,available in local pdf_386 folder,/Users/baiyixin/Downloads/pdf_386_by_paper_id/95c2b3d44aff.pdf
282,missing,799b06403189,Design methods,2020,State of the Art on Robust Design Methods for Additive Manufacturing,Y. Malyani; M. Orqu√©ra; D. Millet,Lecture Notes in Mechanical Engineering,,https://www.semanticscholar.org/paper/5d5004424041e3ab71ae951f9013b54439ee2cf7,State_of_the_Art_on_Robust_Design_Methods_for_Additive_Manufacturing.pdf,,DOI / publisher page / Google Scholar,needs manual download or institutional access,/Users/baiyixin/Downloads/pdf_386_by_paper_id/799b06403189.pdf
297,downloaded,1416cd2b88de,Design methods,2023,Cross-disciplinary system value overview towards value-oriented design,Emilia Lavi; Y. Reich,Research in Engineering Design,,https://www.semanticscholar.org/paper/e973cd46b42f3c987ddf80186b3d6c1ba79263b4,Cross_disciplinary_system_value_overview_towards_value_oriented_design.pdf,/Users/baiyixin/Downloads/pdf_386/Cross_disciplinary_system_value_overview_towards_value_oriented_design.pdf,DOI / publisher page / Google Scholar,available in local pdf_386 folder,/Users/baiyixin/Downloads/pdf_386_by_paper_id/1416cd2b88de.pdf
301,downloaded,49d75437fd07,Design Patterns,2003,A Framework for Design Patterns in TROPOS,T. Do; Manuel Kolp; T. Hoang; A. Pirotte,Brazilian Symposium on Software Engineering,,https://www.semanticscholar.org/paper/27c4d424b3d562fdc6dd87d6f06badce56f21ee7,A_Framework_for_Design_Patterns_in_TROPOS.pdf,/Users/baiyixin/Downloads/pdf_386/A_Framework_for_Design_Patterns_in_TROPOS.pdf,DOI / publisher page / Google Scholar,available in local pdf_386 folder,/Users/baiyixin/Downloads/pdf_386_by_paper_id/49d75437fd07.pdf
303,missing,9ddabd46988b,Design Patterns,2016,Towards project communication management patterns,Karolina Muszy≈Ñska,,,https://www.semanticscholar.org/paper/32151fad667b576649833919a71f37d315c43c48,Towards_project_communication_management_patterns.pdf,,DOI / publisher page / Google Scholar,needs manual download or institutional access,/Users/baiyixin/Downloads/pdf_386_by_paper_id/9ddabd46988b.pdf
307,missing,1fda49b32463,Design Patterns,1996,A Pattern-Oriented Approach to a Methodical Evaluation of Modeling Methods,M. Amberg,Australasian Journal of Information Systems,,https://www.semanticscholar.org/paper/5e199da79d0144ff9979ccc095e49b10504d7504,A_Pattern_Oriented_Approach_to_a_Methodical_Evaluation_of_Modeling_Methods.pdf,,DOI / publisher page / Google Scholar,needs manual download or institutional access,/Users/baiyixin/Downloads/pdf_386_by_paper_id/1fda49b32463.pdf
309,missing,09055cc69e8c,Design Patterns,2025,A Theoretical Model for Game Mechanics: Bridging Design Practice and Education,Rafael Marques de Albuquerque; Fl√°vio Anthero Nunes Vianna dos Santos,European Conference on Games Based Learning,,https://www.semanticscholar.org/paper/7f6e881f023b0fe5f2281893261c1c7df62ed203,A_Theoretical_Model_for_Game_Mechanics_Bridging_Design_Practice_and_Education.pdf,,DOI / publisher page / Google Scholar,needs manual download or institutional access,/Users/baiyixin/Downloads/pdf_386_by_paper_id/09055cc69e8c.pdf
310,missing,b42559e0a5d5,Design Patterns,2014,ICT Systems Security and Privacy Protection,N. Cuppens-Boulahia; F. Cuppens; S. Jajodia; A. A. E. Kalam; Thierry Sans,IFIP Advances in Information and Communication Technology,,https://www.semanticscholar.org/paper/83a4fbd1050484c5a9c2242d844bef1cc34ac89c,ICT_Systems_Security_and_Privacy_Protection.pdf,,DOI / publisher page / Google Scholar,needs manual download or institutional access,/Users/baiyixin/Downloads/pdf_386_by_paper_id/b42559e0a5d5.pdf
324,missing,43856ed76df1,Design Rules,2019,Hybrid Prototyping: Pure Theory or a Practical Solution to Accelerating Prototyping Tasks?,David Mathias; C. Snider; B. Hicks,Proceedings of the Design Society,,https://www.semanticscholar.org/paper/9f9e2a02a0991265112e3a3b729389070bdb496f,Hybrid_Prototyping_Pure_Theory_or_a_Practical_Solution_to_Accelerating_Prototyping_Tasks.pdf,,DOI / publisher page / Google Scholar,needs manual download or institutional access,/Users/baiyixin/Downloads/pdf_386_by_paper_id/43856ed76df1.pdf
333,downloaded,beaf258777e6,Design theory,2025,What is the value of design theory?,Yoram Reich; Emilia Lavi; Kuti Shoham,Proceedings of the Design Society,,https://www.semanticscholar.org/paper/0d7e7fd02d0d2f8d7ef7f2409b371e3896b739b8,What_is_the_value_of_design_theory.pdf,/Users/baiyixin/Downloads/pdf_386/What_is_the_value_of_design_theory.pdf,DOI / publisher page / Google Scholar,available in local pdf_386 folder,/Users/baiyixin/Downloads/pdf_386_by_paper_id/beaf258777e6.pdf
347,downloaded,5b3b013c191d,Design theory,2023,Towards a unified terminology for sonification and visualization,K. Enge; A. Rind; Michael Iber; Robert H√∂ldrich; W. Aigner,Personal and Ubiquitous Computing,,https://www.semanticscholar.org/paper/79f758f21333f7a0a552329d1b8ad8cf8bfd0154,Towards_a_unified_terminology_for_sonification_and_visualization.pdf,/Users/baiyixin/Downloads/pdf_386/Towards_a_unified_terminology_for_sonification_and_visualization.pdf,DOI / publisher page / Google Scholar,available in local pdf_386 folder,/Users/baiyixin/Downloads/pdf_386_by_paper_id/5b3b013c191d.pdf
