download_order,status,paper_id,keyword,year,title,authors,venue,doi,download_url,suggested_filename,existing_pdf_path,source_hint,notes
41,missing,64085b9b57e4,Design expertise,2021,Towards an integrative approach to researching design expertise,"Tan, Stella (1)",Design Studies,10.1016/j.destud.2021.101017,https://doi.org/10.1016/j.destud.2021.101017,j.destud.2021.101017.pdf,,DOI / publisher page / Google Scholar,needs manual download or institutional access
42,missing,f51b21c51194,Design expertise,,Understanding database design expertise,"Storey, V.C. (1); Thompson, C.B.; Ram, S.",Data & Knowledge Engineering,10.1016/0169-023X(95)00012-H,https://doi.org/10.1016/0169-023X(95)00012-H,0169.023x.95.00012.h.pdf,,DOI / publisher page / Google Scholar,needs manual download or institutional access
48,missing,9f4dbd790fe7,Design Heuristics,,Design Heuristics in Innovative Products,"Yilmaz, S.; Seifert, C. (1); Daly, S.R. (2); Gonzalez, R. (1)",Journal of Mechanical Design,10.1115/1.4032219,https://doi.org/10.1115/1.4032219,1.4032219.pdf,,DOI / publisher page / Google Scholar,needs manual download or institutional access
52,missing,56dcde0a4f35,Design Heuristics,1987,THEORY OF ENGINEERING DESIGN: A STRATEGY FOR CROSS-CULTURAL ANALYSIS.,"Koen, B.V. (1)",,,,THEORY_OF_ENGINEERING_DESIGN_A_STRATEGY_FOR_CROSS_CULTURAL_ANALYSIS.pdf,,DOI / publisher page / Google Scholar,needs manual download or institutional access
54,missing,6391dee944e6,Design knowledge,2026,Understanding What Design Research Is and Is NOT,"Gibson, Michael R. (1); Owens, Keith M. (1)",Navigating the Landscapes of Design Research: Finding your way,10.4324/9781003489108-4,https://doi.org/10.4324/9781003489108-4,9781003489108.4.pdf,,DOI / publisher page / Google Scholar,needs manual download or institutional access
56,missing,78ea04e5eaee,Design knowledge,,Socio-technical design principles for a multi-stakeholder agriculture extension information system in Ethiopia,"Atinaf, M. (1); Anteneh, S. (1); Kifle, M. (1)",Information Technology for Development,10.1080/02681102.2023.2279309,https://doi.org/10.1080/02681102.2023.2279309,02681102.2023.2279309.pdf,,DOI / publisher page / Google Scholar,needs manual download or institutional access
58,missing,31314745e651,Design knowledge,,Using Schema Theory to Construct the Designer's Knowledge Framework,"Guo, S. (1)","HCI International 2024 Posters: 26th International Conference on Human-Computer Interaction, HCII 2024, Proceedings. Communications in Computer and Information Science (2114)",10.1007/978-3-031-61932-8_4,https://doi.org/10.1007/978-3-031-61932-8_4,978.3.031.61932.8.4.pdf,,DOI / publisher page / Google Scholar,needs manual download or institutional access
60,missing,e8f4a7417bf7,Design knowledge,,Toward a Method for Design Science Research Meta-Studies to Improve the Reusability of Design Principles,"Khosrawi-Rad, B. (1); Grogorick, L. (1); Strohmann, T. (1); Robra-Bissantz, S. (1)","Design Science Research for a Resilient Future: 19th International Conference on Design Science Research in Information Systems and Technology, DESRIST 2024, Proceedings. Lecture Notes in Computer Science (14621)",10.1007/978-3-031-61175-9_13,https://doi.org/10.1007/978-3-031-61175-9_13,978.3.031.61175.9.13.pdf,,DOI / publisher page / Google Scholar,needs manual download or institutional access
67,missing,3dbca777664c,Design knowledge,,Design Principles for Boundary Spanning in Transdisciplinary Design Science Research,"MoÃàller, F. (1, 2); Chandra kruse, L. (3); Schoormann, T. (4); Otto, B. (1, 2)","The Transdisciplinary Reach of Design Science Research: 17th International Conference on Design Science Research in Information Systems and Technology, DESRIST 2022, Proceedings. Lecture Notes in Computer Science (13229)",10.1007/978-3-031-06516-3_4,https://doi.org/10.1007/978-3-031-06516-3_4,978.3.031.06516.3.4.pdf,,DOI / publisher page / Google Scholar,needs manual download or institutional access
68,missing,4effa8e553a8,Design knowledge,2022,Toward Engineering Design Principles for HCI,"Long, John (1); Cummaford, Steve (2); Stork, Adam (3)",Synthesis Lectures on Human-Centered Informatics,10.2200/s01172ed1v02y202202hci055,https://doi.org/10.2200/s01172ed1v02y202202hci055,s01172ed1v02y202202hci055.pdf,,DOI / publisher page / Google Scholar,needs manual download or institutional access
69,missing,364b7d9127ec,Design knowledge,2022,Toward a Unified Model of Design Knowledge,"Thoring, Katja (1); Mueller, Roland M. (2); Desmet, Pieter (3); Badke-Schaub, Petra (4)",Design Issues,10.1162/desi_a_00679,https://doi.org/10.1162/desi_a_00679,desi.a.00679.pdf,,IEEE Xplore / DOI page,needs manual download or institutional access
75,missing,5a716d80ac6b,Design knowledge,,Towards a Method for Design Principle Development in Information Systems,"MoÃàller, F. (1); Guggenberger, T.M. (1); Otto, B. (1)","Designing for Digital Transformation. Co-Creating Services with Citizens and Industry. 15th International Conference on Design Science Research in Information Systems and Technology, DESRIST 2020. Proceedings. Lecture Notes in Computer Science (LNCS 12388)",10.1007/978-3-030-64823-7_20,https://doi.org/10.1007/978-3-030-64823-7_20,978.3.030.64823.7.20.pdf,,DOI / publisher page / Google Scholar,needs manual download or institutional access
80,missing,d6b2bf339ae4,Design knowledge,,"Co-producing, curating, and defining design knowledge in an online practitioner community","Gray, C.M. (1); Kou, Y. (2)",CoDesign,10.1080/15710882.2018.1563193,https://doi.org/10.1080/15710882.2018.1563193,15710882.2018.1563193.pdf,,DOI / publisher page / Google Scholar,needs manual download or institutional access
83,missing,e7091fbecdfa,Design knowledge,,"Utilizing, Producing, and Contributing Design Knowledge in DSR Projects","Drechsler, A. (1); Hevner, A.R. (2)","Designing for a Digital and Globalized World. 13th International Conference, DESRIST 2018. Proceedings: LNCS 10844",10.1007/978-3-319-91800-6_6,https://doi.org/10.1007/978-3-319-91800-6_6,978.3.319.91800.6.6.pdf,,DOI / publisher page / Google Scholar,needs manual download or institutional access
88,missing,7f559689c730,Design knowledge,,Strong Technology-Enhanced Learning Concepts,"Prieto, L.P. (1); Alavi, H. (2); Verma, H. (3)","Data Driven Approaches in Digital Education. 12th European Conference on Technology Enhanced Learning, EC-TEL 2017. Proceedings: LNCS 10474",10.1007/978-3-319-66610-5_42,https://doi.org/10.1007/978-3-319-66610-5_42,978.3.319.66610.5.42.pdf,,DOI / publisher page / Google Scholar,needs manual download or institutional access
89,missing,03adadfa0ad4,Design knowledge,,"Design Principles: Literature Review, Analysis, and Future Directions","Fu, K.K. (1); Yang, M.C. (2); Wood, K.L. (3)",Journal of Mechanical Design,10.1115/1.4034105,https://doi.org/10.1115/1.4034105,1.4034105.pdf,,DOI / publisher page / Google Scholar,needs manual download or institutional access
90,missing,1b8c995dfc43,Design knowledge,,Seven design frames that teachers use when considering technological pedagogical content knowledge (TPACK),"Koh, J.H.L. (1); Ching Sing Chai (1)",Computers & Education,10.1016/j.compedu.2016.09.003,https://doi.org/10.1016/j.compedu.2016.09.003,j.compedu.2016.09.003.pdf,,DOI / publisher page / Google Scholar,needs manual download or institutional access
94,missing,c0efa7750b45,Design knowledge,2011,Forms of reasoning in the design science research process,"Fischer, Christian (1, 2); Gregor, Shirley (2)",Lecture Notes in Computer Science (including subseries Lecture Notes in Artificial Intelligence and Lecture Notes in Bioinformatics),10.1007/978-3-642-20633-7_2,https://doi.org/10.1007/978-3-642-20633-7_2,978.3.642.20633.7.2.pdf,,DOI / publisher page / Google Scholar,needs manual download or institutional access
96,missing,92fb23753506,Design knowledge,2010,Statues and progress of research on users' tacit knowledge in product design,"Luo, Shi-Jian (1); Zhu, Shang-Shang (2); Ying, Fang-Tian (1); Zhang, Jin-Song (3)","Jisuanji Jicheng Zhizao Xitong/Computer Integrated Manufacturing Systems, CIMS",,,Statues_and_progress_of_research_on_users_tacit_knowledge_in_product_design.pdf,,DOI / publisher page / Google Scholar,needs manual download or institutional access
100,missing,76d309f713b9,Design knowledge,2008,How industrial design knowledge differs from engineering design knowledge,"W√∂lfel, Christian (1)","DS 46: Proceedings of E and PDE 2008, the 10th International Conference on Engineering and Product Design Education",,,How_industrial_design_knowledge_differs_from_engineering_design_knowledge.pdf,,DOI / publisher page / Google Scholar,needs manual download or institutional access
101,missing,6b9f020cd024,Design knowledge,2008,Design knowledge for decision-making process in a DFX product design approach,"Wang, Keqin (1); Roucoules, Lionel (2); Tong, Shurong (1); Eynard, Benoit (2); Matta, Nada (2)",Global Design to Gain a Competitive Edge: An Holistic and Collaborative Design Approach Based on Computational Tools,10.1007/978-1-84800-239-5_13,https://doi.org/10.1007/978-1-84800-239-5_13,978.1.84800.239.5.13.pdf,,DOI / publisher page / Google Scholar,needs manual download or institutional access
103,missing,86c052a239d1,Design knowledge,2007,Towards a formal definition of design and its possible applications,"Ralph, Paul (1); Wand, Yair (1)",DESRIST 2007 Conference Proceedings - 2nd International Conference on Design Science Research in Information Systems and Technology,,,Towards_a_formal_definition_of_design_and_its_possible_applications.pdf,,DOI / publisher page / Google Scholar,needs manual download or institutional access
104,missing,817a6d8c927b,Design knowledge,1986,KNOWLEDGE REPRESENTATION IN THE CONCEPTUAL DESIGN PROCESS FOR BUILDING ENERGY SYSTEMS.,"Monaghan, Paul F. (1); Doheny, James G. (1)",,10.1007/978-3-662-21626-2_97,https://doi.org/10.1007/978-3-662-21626-2_97,978.3.662.21626.2.97.pdf,,DOI / publisher page / Google Scholar,needs manual download or institutional access
105,missing,fe2d6cd3e881,Design knowledge,,Design knowledge: theory is support of practice,"Hubka, V. (1); Eder, W.E.",Journal of Engineering Design,10.1080/09544829008901646,https://doi.org/10.1080/09544829008901646,09544829008901646.pdf,,DOI / publisher page / Google Scholar,needs manual download or institutional access
107,missing,5000c5049cbd,Design knowledge,1998,Learning design knowledge as generalization,"Li, Heng (1); Wu, Xindong (1)",Cybernetics and Systems,,,Learning_design_knowledge_as_generalization.pdf,,DOI / publisher page / Google Scholar,needs manual download or institutional access
108,missing,37f353dbe230,Design knowledge,,Managing design knowledge,"Neelamkavil, J. (1)",Proceedings of the IASTED International Conference Intelligent Systems and Control,,,Managing_design_knowledge.pdf,,DOI / publisher page / Google Scholar,needs manual download or institutional access
110,missing,1401e17184c0,Design knowledge,,Software creation: cliche as intermediate knowledge in software design,"Abolhassani, H. (1); Hui Chen (1); Koono, Z. (1)",IEICE Transactions on Information and Systems,,,Software_creation_cliche_as_intermediate_knowledge_in_software_design.pdf,,DOI / publisher page / Google Scholar,needs manual download or institutional access
112,missing,495817cc9c25,Design knowledge,2006,"Object-oriented design knowledge: Principles, heuristics and best practices","Garz√°s, Javier (1); Piattini, Mario (2)","Object-Oriented Design Knowledge: Principles, Heuristics and Best Practices",10.4018/978-1-59140-896-3,https://doi.org/10.4018/978-1-59140-896-3,978.1.59140.896.3.pdf,,DOI / publisher page / Google Scholar,needs manual download or institutional access
113,missing,a140a90ce7b9,Design knowledge,2006,The object-oriented design knowledge ontology,"Garz√°s, Javier (1); Piattini, Mario (2)","Object-Oriented Design Knowledge: Principles, Heuristics and Best Practices",10.4018/978-1-59140-896-3.ch002,https://doi.org/10.4018/978-1-59140-896-3.ch002,978.1.59140.896.3.ch002.pdf,,DOI / publisher page / Google Scholar,needs manual download or institutional access
118,missing,d330bde18c87,Design methods,,Languaging design methods,"Gray, C.M. (1)",Design Studies,10.1016/j.destud.2021.101076,https://doi.org/10.1016/j.destud.2021.101076,j.destud.2021.101076.pdf,,DOI / publisher page / Google Scholar,needs manual download or institutional access
121,missing,49719118a4a0,Design methods,2019,Progressive collapse of structures ‚Äì review and outlook,"Starossek, U. (1)","Advances in Engineering Materials, Structures and Systems: Innovations, Mechanics and Applications - Proceedings of the 7th International Conference on Structural Engineering, Mechanics and Computation, 2019",10.1201/9780429426506-364,https://doi.org/10.1201/9780429426506-364,9780429426506.364.pdf,,DOI / publisher page / Google Scholar,needs manual download or institutional access
122,missing,4934044e5959,Design methods,2019,Constraint management for concept ideation in conceptual design,"Liu, Ang (1); Wang, Yuchen (1); Teo, Ivan (1); Lu, Stephen (2)",CIRP Journal of Manufacturing Science and Technology,10.1016/j.cirpj.2018.11.006,https://doi.org/10.1016/j.cirpj.2018.11.006,j.cirpj.2018.11.006.pdf,,DOI / publisher page / Google Scholar,needs manual download or institutional access
124,missing,2b7b4d1ed27a,Design Patterns,,Using design patterns: elements of reusable architectures,"Vlissides, J. (1)",OOP '95. Conference Proceedings,,,Using_design_patterns_elements_of_reusable_architectures.pdf,,DOI / publisher page / Google Scholar,needs manual download or institutional access
129,missing,4911e795230f,Design Patterns,,Implementing patterns,"Soukup, J.",C++ Report,,,Implementing_patterns.pdf,,DOI / publisher page / Google Scholar,needs manual download or institutional access
131,missing,40848ec101fc,Design Patterns,,Design pattern in object-oriented technology,Ding Xin (1); Chen Yiyun (1); Shi Xiang (1),Mini-Micro Systems,,,Design_pattern_in_object_oriented_technology.pdf,,DOI / publisher page / Google Scholar,needs manual download or institutional access
132,missing,b458715f3f4e,Design Patterns,,AntiPatterns,"McCormick, H.W.; Malveaux, R.",Dr. Dobb's Journal,,,AntiPatterns.pdf,,DOI / publisher page / Google Scholar,needs manual download or institutional access
133,missing,001fdbe8c5a1,Design Patterns,,Giving ‚Äúthe quality‚Äù a name: precise specification of design patterns‚àía second look at the manuscripts,"Eden, A.H. (1)",JOOP,,,Giving_the_quality_a_name_precise_specification_of_design_patterns_a_second_look_at_the_ma.pdf,,DOI / publisher page / Google Scholar,needs manual download or institutional access
135,missing,b9f64070ed9a,Design Patterns,,‚ÄúModeling-by-Patterns‚Äù of Web applications,"Garzotto, F. (1); Paolinil, P. (1); Bolchini, D.; Valenti, S.","Advances in Conceptual Modeling. ER'99 Workshop on Evolution and Change in Data Management, Reverse Engineering in Information Systems, and the World Wide Web and Conceptual Modeling. Proceedings (Lecture Notes in Computer Science Vol.1727)",,,Modeling_by_Patterns_of_Web_applications.pdf,,DOI / publisher page / Google Scholar,needs manual download or institutional access
136,missing,87b61e77d082,Design Patterns,2000,Analysis patterns,"≈†e≈°era, L‚Äôubor (1)",Lecture Notes in Computer Science (including subseries Lecture Notes in Artificial Intelligence and Lecture Notes in Bioinformatics),10.1007/3-540-44411-4_9,https://doi.org/10.1007/3-540-44411-4_9,3.540.44411.4.9.pdf,,DOI / publisher page / Google Scholar,needs manual download or institutional access
137,missing,953ab6888562,Design Patterns,,Analysis patterns,"Sesera, L. (1)",SOFSEM 2000: Theory and Practice of Informatics. 27th Conference on Current Trends in Theory and Practice of Informatics. Proceedings (Lecture Notes in Computer Science Vol.1963),,,Analysis_patterns.pdf,,DOI / publisher page / Google Scholar,needs manual download or institutional access
143,missing,a3bc8ece9d73,Design Patterns,,Use of design patterns in analogy-based design,"Goel, A.K. (1); Bhatta, S.R.",Advanced Engineering Informatics,10.1016/j.aei.2004.09.003,https://doi.org/10.1016/j.aei.2004.09.003,j.aei.2004.09.003.pdf,,DOI / publisher page / Google Scholar,needs manual download or institutional access
146,missing,99cc9d73669c,Design Patterns,2005,Micro patterns in Java code,"Gil, Joseph (1); Maman, Itay (1)","Proceedings of the Conference on Object-Oriented Programming Systems, Languages, and Applications, OOPSLA",,,Micro_patterns_in_Java_code.pdf,,DOI / publisher page / Google Scholar,needs manual download or institutional access
147,missing,5cc118253cb0,Design Patterns,2006,Design patterns for real-time distributed system,"Xu, Yiqin (1); Sang, Daisy F. (1); Peng, Chang-Shyh (2)","Proceedings of the ISCA 15th International Conference on Software Engineering and Data Engineering, SEDE 2006",,,Design_patterns_for_real_time_distributed_system.pdf,,DOI / publisher page / Google Scholar,needs manual download or institutional access
152,missing,00fc3fcb374a,Design Patterns,,Complex Operators: The Correspondence between the Visitor and Builder Design Patterns,"Wilkins, A.J. (1); Jenness, J. (1)",Proceedings of the 2009 International Conference on Software Engineering Research & Practice. SERP 2009,,,Complex_Operators_The_Correspondence_between_the_Visitor_and_Builder_Design_Patterns.pdf,,DOI / publisher page / Google Scholar,needs manual download or institutional access
153,missing,2fdfe19e4493,Design Patterns,,E-Business Design: A Shift to Adaptability,"Marca, D.A. (1)",Proceedings of the International Conference on Wireless Information Networks and Systems,,,E_Business_Design_A_Shift_to_Adaptability.pdf,,DOI / publisher page / Google Scholar,needs manual download or institutional access
154,missing,69560ebf92b1,Design Patterns,,E-business design,"Marca, D.A. (1)",Proceedings of the International Conference on e-Business,,,E_business_design.pdf,,DOI / publisher page / Google Scholar,needs manual download or institutional access
155,missing,51099fe3fdce,Design Patterns,2010,Making Sense of Design Patterns,"Hoekstra, Rinke (1, 2); Breuker, Joost (1)",Lecture Notes in Computer Science,10.1007/978-3-642-16438-5_23,https://doi.org/10.1007/978-3-642-16438-5_23,978.3.642.16438.5.23.pdf,,DOI / publisher page / Google Scholar,needs manual download or institutional access
158,missing,d893185b7873,Design principles,,Introduction to Initial HCI Engineering Design Principles for Domestic Energy Planning and Control,"Long, J. (1); Cummaford, S. (2); Stork, A. (3)",Toward Engineering Design Principles for HCI. Synthesis Lectures on Human-Centered Informatics,10.1007/978-3-031-79215-1_2,https://doi.org/10.1007/978-3-031-79215-1_2,978.3.031.79215.1.2.pdf,,DOI / publisher page / Google Scholar,needs manual download or institutional access
160,missing,a0bac1579403,Design principles,,Analysing adaptive gamification design principles for online courses,"Sezgin, S. (1); Y√ºzer, T.V. (2)",Behaviour & Information Technology,10.1080/0144929X.2020.1817559,https://doi.org/10.1080/0144929X.2020.1817559,0144929x.2020.1817559.pdf,,DOI / publisher page / Google Scholar,needs manual download or institutional access
164,missing,83aa5bd0e6f8,Design principles,2021,Designing Embodied Sonic Meditation,"Wu, Jiayue Cecilia (1)",ICMC 2021 - Proceedings of the International Computer Music Conference 2021,,,Designing_Embodied_Sonic_Meditation.pdf,,DOI / publisher page / Google Scholar,needs manual download or institutional access
165,missing,1217bfc6316e,Design Procedures,,Design research,"Gosling, W.",Conference on electronics design,,,Design_research.pdf,,DOI / publisher page / Google Scholar,needs manual download or institutional access
167,missing,a60240423604,Design rationale,,"Reviewing the state-of-the-art design rationale definitions, representations and capabilities","Sagoo, J. (1); Tiwari, A. (1); Alcock, J. (1)",International Journal of Design Engineering,10.1504/IJDE.2014.062377,https://doi.org/10.1504/IJDE.2014.062377,ijde.2014.062377.pdf,,DOI / publisher page / Google Scholar,needs manual download or institutional access
168,missing,19c286f4e44f,Design rationale,2008,Scientific design rationale,"Haynes, Steven R. (1, 2); Bach, Paula M. (1); Carroll, John M. (1)","Artificial Intelligence for Engineering Design, Analysis and Manufacturing: AIEDAM",10.1017/S0890060408000243,https://doi.org/10.1017/S0890060408000243,s0890060408000243.pdf,,DOI / publisher page / Google Scholar,needs manual download or institutional access
170,missing,9378ab34b041,Design rationale,,Redesigning the rationale for design rationale,"Atwood, M.E. (1); Horner, J. (1)","Human-Computer Interaction - Interaction Design and Usability. Proceedings 12th International Conference, HCI International 2007",,,Redesigning_the_rationale_for_design_rationale.pdf,,DOI / publisher page / Google Scholar,needs manual download or institutional access
171,missing,16b7f7939f93,Design rationale,2025,Characterizing Design Rationales Using Computational Linguistics and Human Evaluations,"Mirabito, Yakira (1); Liu, Xiaowen (2); Goucher-Lambert, Kosa (1)",Journal of Mechanical Design,10.1115/1.4069232,https://doi.org/10.1115/1.4069232,1.4069232.pdf,,DOI / publisher page / Google Scholar,needs manual download or institutional access
173,missing,4c8bdfbd1309,Design rationale,,Integrating different perspectives on design rationale: supporting the emergence of design rationale from design communication,"Shipman, F.M., III (1); McCall, R.J.","(AI EDAM) Artificial Intelligence for Engineering Design, Analysis and Manufacturing",10.1017/S089006040000192X,https://doi.org/10.1017/S089006040000192X,s089006040000192x.pdf,,DOI / publisher page / Google Scholar,needs manual download or institutional access
176,missing,e875047efc35,Design rationale,,Design rationale capture as knowledge acquisition: tradeoffs in the design of interactive tools,"Gruber, T. (1); Baudin, C.; Boose, J.; Weber, J.",Machine Learning. Proceedings of the Eighth International Workshop on Machine Learning (ML91),,,Design_rationale_capture_as_knowledge_acquisition_tradeoffs_in_the_design_of_interactive_t.pdf,,DOI / publisher page / Google Scholar,needs manual download or institutional access
177,missing,6d339b25d458,Design rationale,,Shared Mental Models for Collaborative Mechanical Design in Mechanical Engineering,Junmin Du (1),Advanced Materials Research,10.4028/www.scientific.net/AMR.644.378,https://doi.org/10.4028/www.scientific.net/AMR.644.378,www.scientific.net.amr.644.378.pdf,,DOI / publisher page / Google Scholar,needs manual download or institutional access
180,missing,24bfa2182839,Design rationale,,Designing claims for reuse in interactive systems design,"Sutcliffe, A.G. (1); Carroll, J.M.",International Journal of Human-Computer Studies,10.1006/ijhc.1999.0245,https://doi.org/10.1006/ijhc.1999.0245,ijhc.1999.0245.pdf,,DOI / publisher page / Google Scholar,needs manual download or institutional access
182,missing,8abe5ed83bac,Design theory,1983,"DESIGN PROCESS: FRAMES, METAPHORS, AND GAMES.","Lanzara, Giovan Francesco (1)",,,,DESIGN_PROCESS_FRAMES_METAPHORS_AND_GAMES.pdf,,DOI / publisher page / Google Scholar,needs manual download or institutional access
183,missing,74beefd3ed50,Design theory,,"The design process: frames, metaphors, and games","Lanzara, G.F. (1)","Systems Design For, With and By the Users. Proceedings of the IFIP WG9.1 Working Conference",,,The_design_process_frames_metaphors_and_games.pdf,,DOI / publisher page / Google Scholar,needs manual download or institutional access
186,missing,057bbf472430,Design theory,Apr-86,Toward an Integrated Theory of Task Design,"Griffin, R. W.; Daft, R. L.",,,,Toward_an_Integrated_Theory_of_Task_Design.pdf,,DOI / publisher page / Google Scholar,needs manual download or institutional access
189,missing,f0eab2f851e8,Design theory,,Design science‚àíthe need for a scientific basis for engineering design methodology,"Beitz, W. (1)",Journal of Engineering Design,10.1080/09544829408907878,https://doi.org/10.1080/09544829408907878,09544829408907878.pdf,,DOI / publisher page / Google Scholar,needs manual download or institutional access
190,missing,f652405808cb,Design theory,1996,A Theory of Decision Support System Design for User Calibration,"Kasper, George M. (1)",Information Systems Research,10.1287/isre.7.2.215,https://doi.org/10.1287/isre.7.2.215,isre.7.2.215.pdf,,DOI / publisher page / Google Scholar,needs manual download or institutional access
191,missing,4db508a9681a,Design theory,2000,Philosophy of design: A meta-theoretical structure for design theory,"Love, Terence",Design Studies,10.1016/S0142-694X(99)00012-5,https://doi.org/10.1016/S0142-694X(99)00012-5,s0142.694x.99.00012.5.pdf,,DOI / publisher page / Google Scholar,needs manual download or institutional access
192,missing,f0dd2d28f3d2,Design theory,2001,Research methods for design theory,"Tate, Derrick (1); Nordlund, Mats (2)",Proceedings of the ASME Design Engineering Technical Conference,10.1115/DETC2001/DTM-21694,https://doi.org/10.1115/DETC2001/DTM-21694,detc2001.dtm.21694.pdf,,DOI / publisher page / Google Scholar,needs manual download or institutional access
203,missing,0a130c0971e9,Design theory,2010,Feedforward as an essential active principle of engagement in computer games,"Swan, Richard H. (1)",Gaming and Cognition: Theories and Practice from the Learning Sciences,10.4018/978-1-61520-717-6.ch005,https://doi.org/10.4018/978-1-61520-717-6.ch005,978.1.61520.717.6.ch005.pdf,,DOI / publisher page / Google Scholar,needs manual download or institutional access
206,missing,75ffc50a1708,Design theory,2010,Transformation design theory: A meta-analogical framework,"Weaver, Jason (1); Wood, Kristin (1); Crawford, Richard (1); Jensen, Dan (2)",Journal of Computing and Information Science in Engineering,10.1115/1.3470028,https://doi.org/10.1115/1.3470028,1.3470028.pdf,,DOI / publisher page / Google Scholar,needs manual download or institutional access
209,missing,1728dd2afe4b,Design theory,2011,Design theory in practice ‚Äì Making design science research more transparent,"Piirainen, Kalle A. (1, 2); Briggs, Robert O. (3)",Lecture Notes in Computer Science (including subseries Lecture Notes in Artificial Intelligence and Lecture Notes in Bioinformatics),10.1007/978-3-642-20633-7_4,https://doi.org/10.1007/978-3-642-20633-7_4,978.3.642.20633.7.4.pdf,,DOI / publisher page / Google Scholar,needs manual download or institutional access
213,missing,b841f16ac5b3,Design methods,1990,Design methods for real time software,K. Jackson,,,,Design_methods_for_real_time_software.pdf,,IEEE Xplore / DOI page,needs manual download or institutional access
214,missing,721f009574ce,Design methods,2006,On integration of interface design methods: Can debates be resolved?,Y. Lin; W. J. Zhang; R. J. Koubek; R. R. Mourant,,10.1016/j.intcom.2005.11.008,https://doi.org/10.1016/j.intcom.2005.11.008,j.intcom.2005.11.008.pdf,,IEEE Xplore / DOI page,needs manual download or institutional access
225,missing,56da61efca6b,Design theory,2017,Transitional Theory,J. Redstrom,,,,Transitional_Theory.pdf,,IEEE Xplore / DOI page,needs manual download or institutional access
227,missing,554b27236356,Design theory,2016,Technique Innovation,D. Harhoff; K. R. Lakhani,,,,Technique_Innovation.pdf,,IEEE Xplore / DOI page,needs manual download or institutional access
235,missing,b077c606da41,Design Guidelines,2021,Classification approach for hybrid components in mechanical engineering with a focus on additive manufacturing,M. Ley; Ali Al-Zuhairi; R. Teutsch,,,https://www.semanticscholar.org/paper/059e9cf8f5148cf9c2aa96430fa38ec930824191,Classification_approach_for_hybrid_components_in_mechanical_engineering_with_a_focus_on_ad.pdf,,DOI / publisher page / Google Scholar,needs manual download or institutional access
239,missing,425cad2aba7c,Design Guidelines,2022,Design Guidelines and Examples,B. Shneiderman,Human-Centered AI,,https://www.semanticscholar.org/paper/48814299c7a7b6cbb6072c1a2afd03eb0ab7b7b4,Design_Guidelines_and_Examples.pdf,,DOI / publisher page / Google Scholar,needs manual download or institutional access
240,missing,2cceb8eaa8c9,Design Guidelines,2024,Design Guidelines and Strategies for Interim Innovation,Xin An Chen,"Creativity, Innovation and Entrepreneurship",,https://www.semanticscholar.org/paper/4ea3c5beca8287f43cdecca8c3ae507628cb8817,Design_Guidelines_and_Strategies_for_Interim_Innovation.pdf,,DOI / publisher page / Google Scholar,needs manual download or institutional access
246,missing,cb5bf6a78d8e,Design Guidelines,2020,From surface realism to training considerations: a proposal for changing the focus in the design of training systems,Pooyan Doozandeh,Theoretical Issues in Ergonomics Science,,https://www.semanticscholar.org/paper/ccf1364334d003c0962a2718b0cd994071ef0106,From_surface_realism_to_training_considerations_a_proposal_for_changing_the_focus_in_the_d.pdf,,DOI / publisher page / Google Scholar,needs manual download or institutional access
250,missing,95202402b15a,Design Heuristics,2025,Enhancing creativity with domain-specific design heuristics for digital product innovation,Xiaoneng Jin; Hua Dong; Mark Evans,The Design Journal,,https://www.semanticscholar.org/paper/247fef9f223d8fed6ecccf1329633c543a3dabbe,Enhancing_creativity_with_domain_specific_design_heuristics_for_digital_product_innovation.pdf,,DOI / publisher page / Google Scholar,needs manual download or institutional access
251,missing,17ad371dac5e,Design Heuristics,2026,Rethinking User Interface and Experience Design: Heuristic Insights from Makeup and Stage Performance,B. Iyamah; C. Iyamah; A. E. Okpako; D. Ojie; Ufuoma Samuel Okperigho,Faculty of Natural and Applied Sciences Journal of Scientific Innovations,,https://www.semanticscholar.org/paper/4d0f8a0b110ecdc8030a1cadf15717375d39d9b3,Rethinking_User_Interface_and_Experience_Design_Heuristic_Insights_from_Makeup_and_Stage_P.pdf,,DOI / publisher page / Google Scholar,needs manual download or institutional access
252,missing,ba2ae8bf282a,Design Heuristics,2019,Design Heuristics: Extraction and Classification Methods With Jet Propulsion Laboratory's Architecture Team,Kenton B. Fillingim; R. O. Nwaeri; Felipe Borja; Katherine K. Fu; C. Paredis,Journal of Mechanical Design,,https://www.semanticscholar.org/paper/ab12c1c5509ef1f29591aa494b4754491b42b8ee,Design_Heuristics_Extraction_and_Classification_Methods_With_Jet_Propulsion_Laboratory_s_A.pdf,,DOI / publisher page / Google Scholar,needs manual download or institutional access
254,missing,a1ccc16dab98,Design knowledge,2024,ANALYSIS OF DESIGN COMPETENCE OF FUTURE ENGINEER-TEACHERS,N. Korolova; Y. Bilotserkivska; –û. Y. Mukhin,Problems of Engineering Pedagogic Education,,https://www.semanticscholar.org/paper/15c3811ae940cd712a69146bed4bed2a119080d6,ANALYSIS_OF_DESIGN_COMPETENCE_OF_FUTURE_ENGINEER_TEACHERS.pdf,,DOI / publisher page / Google Scholar,needs manual download or institutional access
256,missing,6aeae7ccf85b,Design knowledge,2025,Toward a Framework for the Design of Interactive Technology for Nature Recreation,Michael D. Jones; Tuomas Kari; Daniel Reich; Barrett Ens; Siyi Liu; Solomon B. Pobee; F. Mueller,International journal of human computer interactions,,https://www.semanticscholar.org/paper/27eb58f9f616fb54aae331fcbec9abdb5496f5e0,Toward_a_Framework_for_the_Design_of_Interactive_Technology_for_Nature_Recreation.pdf,,DOI / publisher page / Google Scholar,needs manual download or institutional access
259,missing,a707fd62833a,Design knowledge,2019,Tracing the tensions surrounding understandings of agency and knowledge in technology design,Ruth Neubauer; E. Bohemia; K. Harman,Conference Proceedings of the Academy for Design Innovation Management,,https://www.semanticscholar.org/paper/4acc5b8aa733c7fa82f49703473735aeb54c7095,Tracing_the_tensions_surrounding_understandings_of_agency_and_knowledge_in_technology_desi.pdf,,DOI / publisher page / Google Scholar,needs manual download or institutional access
261,missing,dcbdeccbb96c,Design knowledge,2002,Is there a specific type of knowledge associated with design?,A. Purcell; K. S. Sodersten,Proceedings of DRS,,https://www.semanticscholar.org/paper/51832372b50bbb3bb52d528c67d7b699133b0b02,Is_there_a_specific_type_of_knowledge_associated_with_design.pdf,,DOI / publisher page / Google Scholar,needs manual download or institutional access
263,missing,38f057747444,Design knowledge,2011,Reusable design: A proposed approach to Public Health Informatics system design,B. Reeder; Rebecca A. Hills; G. Demiris; D. Revere; Jamie Pina,BMC Public Health,,https://www.semanticscholar.org/paper/9c8b1c67ac970533f6aee74d608749c545113cdd,Reusable_design_A_proposed_approach_to_Public_Health_Informatics_system_design.pdf,,DOI / publisher page / Google Scholar,needs manual download or institutional access
265,missing,c5d4c66275a8,Design knowledge,2025,Towards a Theory Driven Foundational Model for Design: Rethinking Requirement Elicitation for Special Needs,K. Venkatesh; Shakuntala Acharya; J. Allen; F. Mistree,Digital Enterprise Computing,,https://www.semanticscholar.org/paper/a02bcc09b09789ba51cd5bf0e57da568c03c8021,Towards_a_Theory_Driven_Foundational_Model_for_Design_Rethinking_Requirement_Elicitation_f.pdf,,DOI / publisher page / Google Scholar,needs manual download or institutional access
267,missing,77b350f029e7,Design knowledge,2023,A taxonomy and ontology for digital platforms,Thomas Derave; F. Gailly; T. P. Sales; G. Poels,Information Systems,,https://www.semanticscholar.org/paper/a9332bbc8582c4f0033949a3b7f7f447b5654b6b,A_taxonomy_and_ontology_for_digital_platforms.pdf,,DOI / publisher page / Google Scholar,needs manual download or institutional access
276,missing,c825a5e5ab08,Design methods,2020,Functional design framework for innovative design thinking in product development,Ang Liu; S. Lu,,,https://www.semanticscholar.org/paper/1af6479afed41181f7b7d7c315f80b691cb038f1,Functional_design_framework_for_innovative_design_thinking_in_product_development.pdf,,DOI / publisher page / Google Scholar,needs manual download or institutional access
277,missing,878cf959ac53,Design methods,2020,Designerly Research Methods and Researcherly Design Methods,R. Sosa,,,https://www.semanticscholar.org/paper/3c1e79eab204a59ccd27f91f5c60a8bc77fd660a,Designerly_Research_Methods_and_Researcherly_Design_Methods.pdf,,DOI / publisher page / Google Scholar,needs manual download or institutional access
278,missing,9de0e13a7156,Design methods,2019,Towards functional de novo designed proteins.,W. Dawson; G. G. Rhys; D. Woolfson,Current Opinion in Chemical Biology,,https://www.semanticscholar.org/paper/4c8fc56c0f81ebbdc38feccc5c71e2ef2926cfba,Towards_functional_de_novo_designed_proteins.pdf,,DOI / publisher page / Google Scholar,needs manual download or institutional access
279,missing,885a1eee70e3,Design methods,2024,"The Design of Business Models: What, How and Why",Lorenzo Massa,Journal of Business Models,,https://www.semanticscholar.org/paper/4ddeee32ce878180b4aa8e380f01a51103dc9b26,The_Design_of_Business_Models_What_How_and_Why.pdf,,DOI / publisher page / Google Scholar,needs manual download or institutional access
280,missing,da2bb1488305,Design methods,2006,Rigor in MIS Survey Research: In Search of Ideal Survey Methodological Attributes,Teresa L. Ju; Yue Chen; Szu-Yuan Sun; Chang-Yao Wu,Journal of Computational Information Systems,,https://www.semanticscholar.org/paper/56503943bd26382896ce79aa8996e559b19ad0cd,Rigor_in_MIS_Survey_Research_In_Search_of_Ideal_Survey_Methodological_Attributes.pdf,,DOI / publisher page / Google Scholar,needs manual download or institutional access
283,missing,03ce61847eb3,Design methods,2024,Emotion Semantics Construction in Industrial Product Application,Wenhao Jiang,Spectrum of Art,,https://www.semanticscholar.org/paper/6f02f16a16473889b3ceea6c87a753d0886a0bc5,Emotion_Semantics_Construction_in_Industrial_Product_Application.pdf,,DOI / publisher page / Google Scholar,needs manual download or institutional access
284,missing,66218ff443f6,Design methods,1996,Deliberated Evolution: Stalking the View Matcher in Design Space,John Millar Carroll; M. Rosson,Hum. Comput. Interact.,,https://www.semanticscholar.org/paper/7396740affd17f5cc3db5d1a68c15af8c79cb17e,Deliberated_Evolution_Stalking_the_View_Matcher_in_Design_Space.pdf,,DOI / publisher page / Google Scholar,needs manual download or institutional access
286,missing,94347a49c12b,Design methods,2007,Using System Dynamics to Construct Design Theory for Community Information Systems,A. Moor,Journal of Community Informatics,,https://www.semanticscholar.org/paper/9898a05d24456f06fae80b2792799f42c78e97c2,Using_System_Dynamics_to_Construct_Design_Theory_for_Community_Information_Systems.pdf,,DOI / publisher page / Google Scholar,needs manual download or institutional access
289,missing,55dc4ef842a6,Design methods,2023,IMPLEMENTATION OF THE BASIC PRINCIPLES OF FORMING THE ARCHITECTURE OF NON-FORMAL EDUCATION INSTITUTIONS,Iryna L. Kravchenko; Valerij Tovbych,Urban development and spatial planning,,https://www.semanticscholar.org/paper/a720f8dc5c42c3805e61cfc84c13f6d8f708404b,IMPLEMENTATION_OF_THE_BASIC_PRINCIPLES_OF_FORMING_THE_ARCHITECTURE_OF_NON_FORMAL_EDUCATION.pdf,,DOI / publisher page / Google Scholar,needs manual download or institutional access
290,missing,ac2f5510db32,Design methods,2019,Beyond geometric complexity: a critical review of complexity theory and how it relates to architecture engineering and construction,Evangelos Pantazis; D. Gerber,Architectural Science Review,,https://www.semanticscholar.org/paper/b50cc2220c9a692e8c31e6465f08e7008ae10dbf,Beyond_geometric_complexity_a_critical_review_of_complexity_theory_and_how_it_relates_to_a.pdf,,DOI / publisher page / Google Scholar,needs manual download or institutional access
291,missing,8ade38cacb53,Design methods,2016,Architectural Design Method of Architectural Engineering,Jingtang He; K. Xiang,JOURNAL OF ENGINEERING STUDIES,,https://www.semanticscholar.org/paper/b60bd5a5811c98785d060b818ae48da7474ea5e7,Architectural_Design_Method_of_Architectural_Engineering.pdf,,DOI / publisher page / Google Scholar,needs manual download or institutional access
292,missing,4592ed134f14,Design methods,2023,The relation between brain-learning physiology and conceptualization methods in the design process of architecture students1,A. Mahmoodi; Mahyar Bastani,"Art, Design &amp; Communication in Higher Education",,https://www.semanticscholar.org/paper/c5082819981d9c379c06ad40e4e00d558456836b,The_relation_between_brain_learning_physiology_and_conceptualization_methods_in_the_design.pdf,,DOI / publisher page / Google Scholar,needs manual download or institutional access
293,missing,5389fb1cc38b,Design methods,2022,Elements of a design method ‚Äì a basis for describing and evaluating design methods,K. Gericke; C. Eckert; M. Stacey,Design Science,,https://www.semanticscholar.org/paper/c6983d646df77563eea8dc5d05abb895c9c8b87f,Elements_of_a_design_method_a_basis_for_describing_and_evaluating_design_methods.pdf,,DOI / publisher page / Google Scholar,needs manual download or institutional access
294,missing,9fbb38d67689,Design methods,2023,Analysis of methods of creating new technical systems,R. Zinko; T. Kruts; Andriy P. Polyakov,Journal of Mechanical Engineering and Transport,,https://www.semanticscholar.org/paper/cf5c6ebb3656965e5eb2a4543c370e0a41f32df1,Analysis_of_methods_of_creating_new_technical_systems.pdf,,DOI / publisher page / Google Scholar,needs manual download or institutional access
299,missing,27b32c0d515d,Design methods,2019,Advancing service design research with design science research,J. Teixeira; L. Patr√≠cio; T. Tuunanen,,,https://www.semanticscholar.org/paper/f49d404b4031df752c7cb95c7b140dceff637616,Advancing_service_design_research_with_design_science_research.pdf,,DOI / publisher page / Google Scholar,needs manual download or institutional access
306,missing,12029fe2805e,Design Patterns,2016,ConsideracÃßoÃÉes sobre o pattern,A. Graciano; S√©rgio Nesteriuk; Gilbertto Prado,,,https://www.semanticscholar.org/paper/5dddc96892a4a3b6bc60a30ab697045d7da17b13,Considerac_o_es_sobre_o_pattern.pdf,,DOI / publisher page / Google Scholar,needs manual download or institutional access
311,missing,5a05967135ba,Design Patterns,2024,Cross-cultural adaptation of¬†educational design patterns¬†at scale,Carmen Jane Vallis; Huyen Thi Ngoc Nguyen; Adrian Norman,Journal of Work-Applied Management,,https://www.semanticscholar.org/paper/a289e650dcf66ee89360651d91afbb407cca0c77,Cross_cultural_adaptation_of_educational_design_patterns_at_scale.pdf,,DOI / publisher page / Google Scholar,needs manual download or institutional access
316,missing,1744134ec197,Design Patterns,2019,A pattern language for designing innovative projects: project design patterns,Takashi Iba; Haruka Mori; Ayaka Yoshikawa,International Journal of Entrepreneurship and Small Business,,https://www.semanticscholar.org/paper/ee386b03d67c8663f4dc586aa43dfd653f88cdef,A_pattern_language_for_designing_innovative_projects_project_design_patterns.pdf,,DOI / publisher page / Google Scholar,needs manual download or institutional access
319,missing,4000c6073b5d,Design Patterns,2013,Design Patterns and Design Principles for Internal Domain-Specific Languages,S. G√ºnther,,,https://www.semanticscholar.org/paper/f87e9b8e062bd9dbd0d055a23d6168ba5f260157,Design_Patterns_and_Design_Principles_for_Internal_Domain_Specific_Languages.pdf,,DOI / publisher page / Google Scholar,needs manual download or institutional access
322,missing,ab97fa9e6ec7,Design rationale,2011,"""Argumentative Design Rationale and the Object-Oriented Development Process: better analysis, better design""",L. Bronner; Jerry-Daryl Fletcher,2006 Fall ASEE Middle Atlantic Section Conference Proceedings,,https://www.semanticscholar.org/paper/40f61a83349d805ce7200a1424e4aa6df3e58313,Argumentative_Design_Rationale_and_the_Object_Oriented_Development_Process_better_analysis.pdf,,DOI / publisher page / Google Scholar,needs manual download or institutional access
329,missing,6f114a6d29d1,Design Rules,2019,Toward a Conceptualization of Organizational Modularity,Ayberk Soyer; U. Asan; √ñzg√ºr Eri≈ü,"Advances in Logistics, Operations, and Management Science",,https://www.semanticscholar.org/paper/fcc6161b8680d7a12b3a2153bdee6188488ffd1b,Toward_a_Conceptualization_of_Organizational_Modularity.pdf,,DOI / publisher page / Google Scholar,needs manual download or institutional access
331,missing,232abf4e9e91,Design theory,2022,The Conceptual Design of Mechanical Products,Ambrose Edward Irudayaraj; V. Anbumalar,Periodico,,https://www.semanticscholar.org/paper/0397508218bbb477dc15863a74245d3c12b1eb0e,The_Conceptual_Design_of_Mechanical_Products.pdf,,DOI / publisher page / Google Scholar,needs manual download or institutional access
332,missing,64230bcb1202,Design theory,2023,Chimera heuristics: Generative rational heuristics for the unknown from design theory,Agathe Gilain; Pascal le Le Masson; B. Weil,European Management Review,,https://www.semanticscholar.org/paper/046e1e9a9fc6dc38b07293cd91dbc526b1db8743,Chimera_heuristics_Generative_rational_heuristics_for_the_unknown_from_design_theory.pdf,,DOI / publisher page / Google Scholar,needs manual download or institutional access
335,missing,7fb79f6d2f73,Design theory,2023,"PEDAGOGICAL DESIGN: CONCEPT, PRINCIPLES, MODELS",G.–ú. Ussainova; V. I. Kazarenkov,"–ú–ê–¢–ï–ú–ê–¢–ò–ö–ê–ù–´, –§–ò–ó–ò–ö–ê–ù–´ –ñ”ò–ù–ï –ò–ù–§–û–†–ú–ê–¢–ò–ö–ê–ù–´ –û“ö–´–¢–£–î–´“¢ ”®–ó–ï–ö–¢–Ü –ú”ò–°–ï–õ–ï–õ–ï–†–Ü",,https://www.semanticscholar.org/paper/1a8fe4b63d8b32fd0df817839f391b3a8d909fb4,PEDAGOGICAL_DESIGN_CONCEPT_PRINCIPLES_MODELS.pdf,,DOI / publisher page / Google Scholar,needs manual download or institutional access
336,missing,c1db52f69aae,Design theory,2020,Editorial: A Critical Look at Theories in Design Science Research,J. Iivari,Journal of the AIS,,https://www.semanticscholar.org/paper/2ded85743bbacd8b2e71f387fbcaaf83d269d8eb,Editorial_A_Critical_Look_at_Theories_in_Design_Science_Research.pdf,,DOI / publisher page / Google Scholar,needs manual download or institutional access
338,missing,d2fba2826d90,Design theory,2023,Design Principles for Platform-Enabled Knowledge Commons with an Expository Instantiation,M. Ramakrishnan; Shirley Gregor; Anup Shrestha; J. Soar,Journal of the AIS,,https://www.semanticscholar.org/paper/3e67cd0d0c79603b5118e7a44b1153b4cd7553ad,Design_Principles_for_Platform_Enabled_Knowledge_Commons_with_an_Expository_Instantiation.pdf,,DOI / publisher page / Google Scholar,needs manual download or institutional access
339,missing,68bf6cd63875,Design theory,2020,Design epistemology as innovation in public health research,A. Estany,,,https://www.semanticscholar.org/paper/49d0d80cace9913bdeabbd7376508b67572245a8,Design_epistemology_as_innovation_in_public_health_research.pdf,,DOI / publisher page / Google Scholar,needs manual download or institutional access
343,missing,d19f5f66d2ba,Design theory,2010,A Survey of Definition and its Role in Strengthening Design Theory,Robert Andruchow,Proceedings of DRS,,https://www.semanticscholar.org/paper/66340bc794b9f491a7459ed19271054c66ec0735,A_Survey_of_Definition_and_its_Role_in_Strengthening_Design_Theory.pdf,,DOI / publisher page / Google Scholar,needs manual download or institutional access
345,missing,ad8d60b9d2e6,Design theory,2025,WAR GAMES CLASSIFICATION SYSTEMS,D.S. Beshevliev,–ë–õ–ò–ó–ö–ò–Ø–¢ –ö–û–°–ú–û–° ‚Äì –û–ë–©–ê –¶–ï–õ,,https://www.semanticscholar.org/paper/743559a4001fce97fd25fa318029682742e28f45,WAR_GAMES_CLASSIFICATION_SYSTEMS.pdf,,DOI / publisher page / Google Scholar,needs manual download or institutional access
348,missing,6ecb18a5b139,Design theory,2020,TO THE PROBLEM OF FORMING THE CATEGORIAL AND CONCEPTUAL APPARATUS OF THE COURSE ‚ÄúHISTORY AND METHODOLOGY OF DESIGN DESIGN‚Äù,N. Aganina; D. D.Filonenko,,,https://www.semanticscholar.org/paper/7d824a6668b58b3a5799c88bdd089a659751a214,TO_THE_PROBLEM_OF_FORMING_THE_CATEGORIAL_AND_CONCEPTUAL_APPARATUS_OF_THE_COURSE_HISTORY_AN.pdf,,DOI / publisher page / Google Scholar,needs manual download or institutional access
351,missing,83d1ebe7d6c0,Design theory,2002,Design Theory in Information Systems,S. Gregor,Australasian Journal of Information Systems,,https://www.semanticscholar.org/paper/aa849c3dea50cd7496aac43c8aea0c53fc070505,Design_Theory_in_Information_Systems.pdf,,DOI / publisher page / Google Scholar,needs manual download or institutional access
366,missing,91ac41f73380,Design theory,2021,Knowing the Unknowable: Understanding and Measuring Design Impact Across Disciplines and Scale,Ashreya M. Venkatesh; Arianne X. Collopy; G. Loo; K. Sng; Daniel D. Jensen; Kris Wood,,,https://www.semanticscholar.org/paper/f8112d8b9e2da1801b40f5ecf119a41f9b7d6a78,Knowing_the_Unknowable_Understanding_and_Measuring_Design_Impact_Across_Disciplines_and_Sc.pdf,,DOI / publisher page / Google Scholar,needs manual download or institutional access
