paper_id,normalized_pdf_filename,normalized_pdf_path,source_pdf_path,copy_status,keyword,title,doi,year,venue,audit_status,title_token_overlap,title_token_coverage,message
00d7fbafe65f,00d7fbafe65f.pdf,/Users/baiyixin/Downloads/pdf_386_by_paper_id/00d7fbafe65f.pdf,/Users/baiyixin/Downloads/pdf_386/3613904.3642886.pdf,copied,Design Guidelines,"Demystifying Tacit Knowledge in Graphic Design: Characteristics, Instances, Approaches, and Guidelines",10.1145/3613904.3642886,2024,Proceedings of the 2024 CHI Conference on Human Factors in Computing Systems,likely_match,0.106,1.0,/Users/baiyixin/Downloads/pdf_386_by_paper_id/00d7fbafe65f.pdf
ca185d91b684,ca185d91b684.pdf,/Users/baiyixin/Downloads/pdf_386_by_paper_id/ca185d91b684.pdf,/Users/baiyixin/Downloads/pdf_386/3656650.3660545.pdf,copied,Design Guidelines,Embracing Non-Natural Design in Human-Computer Interaction,10.1145/3656650.3660545,2024,Proceedings of the 2024 International Conference on Advanced Visual Interfaces,likely_match,0.091,1.0,/Users/baiyixin/Downloads/pdf_386_by_paper_id/ca185d91b684.pdf
f0b2517a04a4,f0b2517a04a4.pdf,/Users/baiyixin/Downloads/pdf_386_by_paper_id/f0b2517a04a4.pdf,/Users/baiyixin/Downloads/pdf_386/Dont_Do_That_Hunting_Down_Visual_Design_Smells_in_Complex_UIs_Against_Design_Guidelines.pdf,copied,Design Guidelines,Don't Do That! Hunting Down Visual Design Smells in Complex UIs against Design Guidelines,10.1109/icse43902.2021.00075,2021,Proceedings of the 43rd International Conference on Software Engineering,likely_match,0.1,1.0,/Users/baiyixin/Downloads/pdf_386_by_paper_id/f0b2517a04a4.pdf
65c31c577170,65c31c577170.pdf,/Users/baiyixin/Downloads/pdf_386_by_paper_id/65c31c577170.pdf,/Users/baiyixin/Downloads/pdf_386/3064663.3064756.pdf,copied,Design Guidelines,The Rough Mile: Testing a Framework of Immersive Practice,10.1145/3064663.3064756,2017,Proceedings of the 2017 Conference on Designing Interactive Systems,likely_match,0.051,1.0,/Users/baiyixin/Downloads/pdf_386_by_paper_id/65c31c577170.pdf
615169de6f0e,615169de6f0e.pdf,/Users/baiyixin/Downloads/pdf_386_by_paper_id/615169de6f0e.pdf,/Users/baiyixin/Downloads/pdf_386/1518701.1518812.pdf,copied,Design Guidelines,From interaction to trajectories: designing coherent journeys through user experiences,10.1145/1518701.1518812,2009,Proceedings of the SIGCHI Conference on Human Factors in Computing Systems,likely_match,0.069,1.0,/Users/baiyixin/Downloads/pdf_386_by_paper_id/615169de6f0e.pdf
9eecf23c4ce7,9eecf23c4ce7.pdf,/Users/baiyixin/Downloads/pdf_386_by_paper_id/9eecf23c4ce7.pdf,/Users/baiyixin/Downloads/pdf_386/3715335.3735482.pdf,copied,Design Heuristics,Design Heuristics for Web-Based Severe Weather Risk Communication,10.1145/3715335.3735482,2025,Proceedings of the 2025 ACM SIGCAS/SIGCHI Conference on Computing and Sustainable Societies,likely_match,0.086,1.0,/Users/baiyixin/Downloads/pdf_386_by_paper_id/9eecf23c4ce7.pdf
994d28d55eb8,994d28d55eb8.pdf,/Users/baiyixin/Downloads/pdf_386_by_paper_id/994d28d55eb8.pdf,/Users/baiyixin/Downloads/pdf_386/1940761.1940775.pdf,copied,Design Heuristics,From human factors to human actors to human crafters,10.1145/1940761.1940775,2011,Proceedings of the 2011 IConference,likely_match,0.044,1.0,/Users/baiyixin/Downloads/pdf_386_by_paper_id/994d28d55eb8.pdf
ccc616a68c38,ccc616a68c38.pdf,/Users/baiyixin/Downloads/pdf_386_by_paper_id/ccc616a68c38.pdf,/Users/baiyixin/Downloads/pdf_386/3132361.3133942.pdf,copied,Design knowledge,Towards Creating a Body of Evidence-based Interactive Digital Narrative Design Knowledge: Approaches and Challenges,10.1145/3132361.3133942,2017,Proceedings of the 2nd International Workshop on Multimedia Alternate Realities,likely_match,0.108,1.0,/Users/baiyixin/Downloads/pdf_386_by_paper_id/ccc616a68c38.pdf
b227e604cd40,b227e604cd40.pdf,/Users/baiyixin/Downloads/pdf_386_by_paper_id/b227e604cd40.pdf,/Users/baiyixin/Downloads/pdf_386/3772318.3791264.pdf,copied,Design knowledge,"The Dark Patterns Knowledge Stack: Exploring New Ways to Negotiate Context, Law, and Design",10.1145/3772318.3791264,2026,Proceedings of the 2026 CHI Conference on Human Factors in Computing Systems,likely_match,0.086,1.0,/Users/baiyixin/Downloads/pdf_386_by_paper_id/b227e604cd40.pdf
d4ef8c48ded5,d4ef8c48ded5.pdf,/Users/baiyixin/Downloads/pdf_386_by_paper_id/d4ef8c48ded5.pdf,/Users/baiyixin/Downloads/pdf_386/3372782.3408115.pdf,copied,Design knowledge,"Toward an Inventory of Plans and Patterns, and Their Use to Foster Strategic Knowledge in Programming Novices",10.1145/3372782.3408115,2020,Proceedings of the 2020 ACM Conference on International Computing Education Research,likely_match,0.133,1.0,/Users/baiyixin/Downloads/pdf_386_by_paper_id/d4ef8c48ded5.pdf
e105857da02d,e105857da02d.pdf,/Users/baiyixin/Downloads/pdf_386_by_paper_id/e105857da02d.pdf,/Users/baiyixin/Downloads/pdf_386/3434073.3444668.pdf,copied,Design knowledge,Designerly Ways of Knowing in HRI: Broadening the Scope of Design-oriented HRI Through the Concept of Intermediate-level Knowledge,10.1145/3434073.3444668,2021,Proceedings of the 2021 ACM/IEEE International Conference on Human-Robot Interaction,likely_match,0.115,1.0,/Users/baiyixin/Downloads/pdf_386_by_paper_id/e105857da02d.pdf
b73f2343e274,b73f2343e274.pdf,/Users/baiyixin/Downloads/pdf_386_by_paper_id/b73f2343e274.pdf,/Users/baiyixin/Downloads/pdf_386/3197391.3197395.pdf,copied,Design knowledge,Let's Get Divorced: Constructing Knowledge Outcomes for Critical Design and Constructive Design Research,10.1145/3197391.3197395,2018,Proceedings of the 2018 ACM Conference Companion Publication on Designing Interactive Systems,likely_match,0.074,1.0,/Users/baiyixin/Downloads/pdf_386_by_paper_id/b73f2343e274.pdf
4b599d3e2eb0,4b599d3e2eb0.pdf,/Users/baiyixin/Downloads/pdf_386_by_paper_id/4b599d3e2eb0.pdf,/Users/baiyixin/Downloads/pdf_386/2702123.2702400.pdf,copied,Design knowledge,Immodest Proposals: Research Through Design and Knowledge,10.1145/2702123.2702400,2015,Proceedings of the 33rd Annual ACM Conference on Human Factors in Computing Systems,likely_match,0.024,1.0,/Users/baiyixin/Downloads/pdf_386_by_paper_id/4b599d3e2eb0.pdf
0a373ca87142,0a373ca87142.pdf,/Users/baiyixin/Downloads/pdf_386_by_paper_id/0a373ca87142.pdf,/Users/baiyixin/Downloads/pdf_386/3678988.pdf,copied,Design methods,Surveying a Landscape of Ethics-Focused Design Methods,10.1145/3678988,2024,ACM J. Responsib. Comput.,likely_match,0.042,1.0,/Users/baiyixin/Downloads/pdf_386_by_paper_id/0a373ca87142.pdf
b2234ef79a5a,b2234ef79a5a.pdf,/Users/baiyixin/Downloads/pdf_386_by_paper_id/b2234ef79a5a.pdf,/Users/baiyixin/Downloads/pdf_386/2079216.2079231.pdf,copied,Design methods,Tracing situated effects of innovative design methods: inexperienced designers' practices,10.1145/2079216.2079231,2011,Procedings of the Second Conference on Creativity and Innovation in Design,likely_match,0.089,1.0,/Users/baiyixin/Downloads/pdf_386_by_paper_id/b2234ef79a5a.pdf
5611cdb5c33a,5611cdb5c33a.pdf,/Users/baiyixin/Downloads/pdf_386_by_paper_id/5611cdb5c33a.pdf,/Users/baiyixin/Downloads/pdf_386/2556288.2557357.pdf,copied,Design methods,Generating implications for design through design research,10.1145/2556288.2557357,2014,Proceedings of the SIGCHI Conference on Human Factors in Computing Systems,likely_match,0.019,1.0,/Users/baiyixin/Downloads/pdf_386_by_paper_id/5611cdb5c33a.pdf
7ebbe03ea0d8,7ebbe03ea0d8.pdf,/Users/baiyixin/Downloads/pdf_386_by_paper_id/7ebbe03ea0d8.pdf,/Users/baiyixin/Downloads/pdf_386/2317956.2318034.pdf,copied,Design methods,Autobiographical design in HCI research: designing and learning through use-it-yourself,10.1145/2317956.2318034,2012,Proceedings of the Designing Interactive Systems Conference,likely_match,0.049,1.0,/Users/baiyixin/Downloads/pdf_386_by_paper_id/7ebbe03ea0d8.pdf
1c04ffa25528,1c04ffa25528.pdf,/Users/baiyixin/Downloads/pdf_386_by_paper_id/1c04ffa25528.pdf,/Users/baiyixin/Downloads/pdf_386/1753326.1753398.pdf,copied,Design methods,The implications of improvisational acting and role-playing on design methodologies,10.1145/1753326.1753398,2010,Proceedings of the SIGCHI Conference on Human Factors in Computing Systems,likely_match,0.061,1.0,/Users/baiyixin/Downloads/pdf_386_by_paper_id/1c04ffa25528.pdf
e4c9f86a6933,e4c9f86a6933.pdf,/Users/baiyixin/Downloads/pdf_386_by_paper_id/e4c9f86a6933.pdf,/Users/baiyixin/Downloads/pdf_386/2556288.2557057.pdf,copied,Design Patterns,Design patterns for exploring and prototyping human-robot interactions,10.1145/2556288.2557057,2014,Proceedings of the SIGCHI Conference on Human Factors in Computing Systems,likely_match,0.076,1.0,/Users/baiyixin/Downloads/pdf_386_by_paper_id/e4c9f86a6933.pdf
ddcb3ba05227,ddcb3ba05227.pdf,/Users/baiyixin/Downloads/pdf_386_by_paper_id/ddcb3ba05227.pdf,/Users/baiyixin/Downloads/pdf_386/1349822.1349836.pdf,copied,Design Patterns,Design patterns for sociality in human-robot interaction,10.1145/1349822.1349836,2008,Proceedings of the 3rd ACM/IEEE International Conference on Human Robot Interaction,likely_match,0.054,1.0,/Users/baiyixin/Downloads/pdf_386_by_paper_id/ddcb3ba05227.pdf
2efb92894924,2efb92894924.pdf,/Users/baiyixin/Downloads/pdf_386_by_paper_id/2efb92894924.pdf,/Users/baiyixin/Downloads/pdf_386/3460418.3479345.pdf,copied,Design Patterns,Particles of a Whole: Design Patterns for Transparent and Auditable AI-Systems,10.1145/3460418.3479345,2021,Adjunct Proceedings of the 2021 ACM International Joint Conference on Pervasive and Ubiquitous Computing and Proceedings of the 2021 ACM International Symposium on Wearable Computers,likely_match,0.074,0.667,/Users/baiyixin/Downloads/pdf_386_by_paper_id/2efb92894924.pdf
098637c0f9ae,098637c0f9ae.pdf,/Users/baiyixin/Downloads/pdf_386_by_paper_id/098637c0f9ae.pdf,/Users/baiyixin/Downloads/pdf_386/1772070.1772091.pdf,copied,Design Patterns,Pattern design in the context space: paco - a methodological framework for designing auditory display with patterns,10.1145/1772070.1772091,2007,Proceedings of the 14th Conference on Pattern Languages of Programs,likely_match,0.099,1.0,/Users/baiyixin/Downloads/pdf_386_by_paper_id/098637c0f9ae.pdf
b8507dbe97ca,b8507dbe97ca.pdf,/Users/baiyixin/Downloads/pdf_386_by_paper_id/b8507dbe97ca.pdf,/Users/baiyixin/Downloads/pdf_386/347642.347795.pdf,copied,Design Patterns,A pattern approach to interaction design,10.1145/347642.347795,2000,"Proceedings of the 3rd Conference on Designing Interactive Systems: Processes, Practices, Methods, and Techniques",likely_match,0.095,1.0,/Users/baiyixin/Downloads/pdf_386_by_paper_id/b8507dbe97ca.pdf
5f6661254e39,5f6661254e39.pdf,/Users/baiyixin/Downloads/pdf_386_by_paper_id/5f6661254e39.pdf,/Users/baiyixin/Downloads/pdf_386/3772318.3791435.pdf,copied,Design Patterns,Ethical Encounters in Design Practice: A Framework Grounded in Practitioner Experience,10.1145/3772318.3791435,2026,Proceedings of the 2026 CHI Conference on Human Factors in Computing Systems,likely_match,0.075,1.0,/Users/baiyixin/Downloads/pdf_386_by_paper_id/5f6661254e39.pdf
cd42a6611470,cd42a6611470.pdf,/Users/baiyixin/Downloads/pdf_386_by_paper_id/cd42a6611470.pdf,/Users/baiyixin/Downloads/pdf_386/3135932.3135948.pdf,copied,Design Patterns,"Principles, patterns, and techniques for designing and implementing practical fluent interfaces in Java",10.1145/3135932.3135948,2017,"Proceedings Companion of the 2017 ACM SIGPLAN International Conference on Systems, Programming, Languages, and Applications: Software for Humanity",likely_match,0.184,1.0,/Users/baiyixin/Downloads/pdf_386_by_paper_id/cd42a6611470.pdf
d0a936b480d4,d0a936b480d4.pdf,/Users/baiyixin/Downloads/pdf_386_by_paper_id/d0a936b480d4.pdf,/Users/baiyixin/Downloads/pdf_386/2485760.2485848.pdf,copied,Design principles,Acquiring educational access for neurodiverse learners through multisensory design principles,10.1145/2485760.2485848,2013,Proceedings of the 12th International Conference on Interaction Design and Children,likely_match,0.069,1.0,/Users/baiyixin/Downloads/pdf_386_by_paper_id/d0a936b480d4.pdf
01467836cecf,01467836cecf.pdf,/Users/baiyixin/Downloads/pdf_386_by_paper_id/01467836cecf.pdf,/Users/baiyixin/Downloads/pdf_386/800045.801571.pdf,copied,Design principles,Design principles for human-computer interfaces,10.1145/800045.801571,1983,Proceedings of the SIGCHI Conference on Human Factors in Computing Systems,likely_match,0.04,1.0,/Users/baiyixin/Downloads/pdf_386_by_paper_id/01467836cecf.pdf
0b35e34543e2,0b35e34543e2.pdf,/Users/baiyixin/Downloads/pdf_386_by_paper_id/0b35e34543e2.pdf,/Users/baiyixin/Downloads/pdf_386/3800645.3812962.pdf,copied,Design principles,Designing Artificial Identity: The Identity Design Framework and Research Agenda,10.1145/3800645.3812962,2026,Proceedings of the 2026 Designing Interactive Systems Conference,likely_match,0.048,1.0,/Users/baiyixin/Downloads/pdf_386_by_paper_id/0b35e34543e2.pdf
2280b868ea5f,2280b868ea5f.pdf,/Users/baiyixin/Downloads/pdf_386_by_paper_id/2280b868ea5f.pdf,/Users/baiyixin/Downloads/pdf_386/3723498.3723814.pdf,copied,Design principles,Form and Function: Toward a Better Understanding of Design-Based Games,10.1145/3723498.3723814,2025,Proceedings of the 20th International Conference on the Foundations of Digital Games,likely_match,0.077,1.0,/Users/baiyixin/Downloads/pdf_386_by_paper_id/2280b868ea5f.pdf
8eb8539b9712,8eb8539b9712.pdf,/Users/baiyixin/Downloads/pdf_386_by_paper_id/8eb8539b9712.pdf,/Users/baiyixin/Downloads/pdf_386/3719160.3737640.pdf,copied,Design principles,Designing Dialogic Disclaimers: Principles for Ethical Conversational Design in LLM Interfaces,10.1145/3719160.3737640,2025,Proceedings of the 7th ACM Conference on Conversational User Interfaces,likely_match,0.125,1.0,/Users/baiyixin/Downloads/pdf_386_by_paper_id/8eb8539b9712.pdf
96dd29c8f345,96dd29c8f345.pdf,/Users/baiyixin/Downloads/pdf_386_by_paper_id/96dd29c8f345.pdf,/Users/baiyixin/Downloads/pdf_386/3687301.pdf,copied,Design principles,Data Mesh: A Systematic Gray Literature Review,10.1145/3687301,2024,ACM Comput. Surv.,likely_match,0.075,1.0,/Users/baiyixin/Downloads/pdf_386_by_paper_id/96dd29c8f345.pdf
4ac74ce3f335,4ac74ce3f335.pdf,/Users/baiyixin/Downloads/pdf_386_by_paper_id/4ac74ce3f335.pdf,/Users/baiyixin/Downloads/pdf_386/2501907.2501953.pdf,copied,Design rationale,Towards a framework for documentation design: an abstract model of computer-mediated activity,10.1145/2501907.2501953,2013,Proceedings of the 31st European Conference on Cognitive Ergonomics,likely_match,0.067,1.0,/Users/baiyixin/Downloads/pdf_386_by_paper_id/4ac74ce3f335.pdf
12568f76ff90,12568f76ff90.pdf,/Users/baiyixin/Downloads/pdf_386_by_paper_id/12568f76ff90.pdf,/Users/baiyixin/Downloads/pdf_386/1738826.1738831.pdf,copied,Design rationale,Patterns or claims: do they help in communicating design advice?,10.1145/1738826.1738831,2009,Proceedings of the 21st Annual Conference of the Australian Computer-Human Interaction Special Interest Group: Design: Open 24/7,likely_match,0.07,1.0,/Users/baiyixin/Downloads/pdf_386_by_paper_id/12568f76ff90.pdf
296e021afe91,296e021afe91.pdf,/Users/baiyixin/Downloads/pdf_386_by_paper_id/296e021afe91.pdf,/Users/baiyixin/Downloads/pdf_386/350887.350895.pdf,copied,Design rationale,A generic model for reflective design,10.1145/350887.350895,2000,ACM Trans. Softw. Eng. Methodol.,likely_match,0.039,1.0,/Users/baiyixin/Downloads/pdf_386_by_paper_id/296e021afe91.pdf
dbc171dde63a,dbc171dde63a.pdf,/Users/baiyixin/Downloads/pdf_386_by_paper_id/dbc171dde63a.pdf,/Users/baiyixin/Downloads/pdf_386/3656156.3663737.pdf,copied,Design Rules,Perfect Eudaimonic User Experience Design That Aristotle Would Have Wanted,10.1145/3656156.3663737,2024,Companion Publication of the 2024 ACM Designing Interactive Systems Conference,likely_match,0.092,1.0,/Users/baiyixin/Downloads/pdf_386_by_paper_id/dbc171dde63a.pdf
8aeb26c1e21d,8aeb26c1e21d.pdf,/Users/baiyixin/Downloads/pdf_386_by_paper_id/8aeb26c1e21d.pdf,/Users/baiyixin/Downloads/pdf_386/800049.801815.pdf,copied,Design Rules,Steps toward a cognitive engineering: Design rules based on analyses of human error,10.1145/800049.801815,1982,Proceedings of the 1982 Conference on Human Factors in Computing Systems,likely_match,0.075,1.0,/Users/baiyixin/Downloads/pdf_386_by_paper_id/8aeb26c1e21d.pdf
bacdc4f76eea,bacdc4f76eea.pdf,/Users/baiyixin/Downloads/pdf_386_by_paper_id/bacdc4f76eea.pdf,/Users/baiyixin/Downloads/pdf_386/1479190.1479200.pdf,copied,Design theory,Work system principles: towards a justified design theory on the grounds of socio-instrumental pragmatism,10.1145/1479190.1479200,2008,Proceedings of the 3rd International Conference on the Pragmatic Web: Innovating the Interactive Society,likely_match,0.088,1.0,/Users/baiyixin/Downloads/pdf_386_by_paper_id/bacdc4f76eea.pdf
dc61c8a1dcd6,dc61c8a1dcd6.pdf,/Users/baiyixin/Downloads/pdf_386_by_paper_id/dc61c8a1dcd6.pdf,/Users/baiyixin/Downloads/pdf_386/3196709.3196812.pdf,copied,Design theory,Multiscale Design Strategies in a Landscape Architecture Classroom,10.1145/3196709.3196812,2018,Proceedings of the 2018 Designing Interactive Systems Conference,likely_match,0.049,1.0,/Users/baiyixin/Downloads/pdf_386_by_paper_id/dc61c8a1dcd6.pdf
a21900f84443,a21900f84443.pdf,/Users/baiyixin/Downloads/pdf_386_by_paper_id/a21900f84443.pdf,/Users/baiyixin/Downloads/pdf_386/2207676.2208540.pdf,copied,Design theory,Undesigning technology: considering the negation of design by design,10.1145/2207676.2208540,2012,Proceedings of the SIGCHI Conference on Human Factors in Computing Systems,likely_match,0.047,1.0,/Users/baiyixin/Downloads/pdf_386_by_paper_id/a21900f84443.pdf
ceac90427122,ceac90427122.pdf,/Users/baiyixin/Downloads/pdf_386_by_paper_id/ceac90427122.pdf,/Users/baiyixin/Downloads/pdf_386/642611.642652.pdf,copied,Design theory,Design-oriented human-computer interaction,10.1145/642611.642652,2003,Proceedings of the SIGCHI Conference on Human Factors in Computing Systems,likely_match,0.039,1.0,/Users/baiyixin/Downloads/pdf_386_by_paper_id/ceac90427122.pdf
7afa6519f6fc,7afa6519f6fc.pdf,/Users/baiyixin/Downloads/pdf_386_by_paper_id/7afa6519f6fc.pdf,/Users/baiyixin/Downloads/pdf_386/The_Experience_Dynamics_and_Artifacts_Framework_Towards_a_Holistic_Model_for_Designing_Serious_and_Entertainment_Games.pdf,copied,Design frameworks,"The experience, dynamics and artifacts framework: towards a holistic model for designing serious and entertainment games",10.1109/CoG52621.2021.9619144,,2021 IEEE Conference on Games (CoG),likely_match,0.099,1.0,/Users/baiyixin/Downloads/pdf_386_by_paper_id/7afa6519f6fc.pdf
85ba95ab4fa0,85ba95ab4fa0.pdf,/Users/baiyixin/Downloads/pdf_386_by_paper_id/85ba95ab4fa0.pdf,/Users/baiyixin/Downloads/pdf_386/arxiv.2508.02371.pdf,copied,Design Guidelines,"Six Guidelines for Trustworthy, Ethical and Responsible Automation Design",10.48550/arXiv.2508.02371,2025,arXiv,likely_match,0.057,1.0,/Users/baiyixin/Downloads/pdf_386_by_paper_id/85ba95ab4fa0.pdf
022ee7cf2e4e,022ee7cf2e4e.pdf,/Users/baiyixin/Downloads/pdf_386_by_paper_id/022ee7cf2e4e.pdf,/Users/baiyixin/Downloads/pdf_386/dfx2022.08.pdf,copied,Design Heuristics,Introduction of a standardized Notation of Design Heuristics for Knowledge Formalization,10.35199/dfx2022.08,2022,"Proceedings of the 33rd Symposium Design for X, DFX 2022",likely_match,0.056,1.0,/Users/baiyixin/Downloads/pdf_386_by_paper_id/022ee7cf2e4e.pdf
7cb073ebacac,7cb073ebacac.pdf,/Users/baiyixin/Downloads/pdf_386_by_paper_id/7cb073ebacac.pdf,/Users/baiyixin/Downloads/pdf_386/idc.2018.0120.pdf,copied,Design Heuristics,Formal system for the expression of target-oriented design heuristics,10.21278/idc.2018.0120,2018,"Proceedings of International Design Conference, DESIGN",likely_match,0.071,1.0,/Users/baiyixin/Downloads/pdf_386_by_paper_id/7cb073ebacac.pdf
f50a79b2d7e1,f50a79b2d7e1.pdf,/Users/baiyixin/Downloads/pdf_386_by_paper_id/f50a79b2d7e1.pdf,/Users/baiyixin/Downloads/pdf_386/Towards scaling expertise with generative AI  design principles for governing AI-Mediated knowledge capture and transfer.pdf,copied,Design knowledge,Towards scaling expertise with generative AI: design principles for governing AI-Mediated knowledge capture and transfer,10.1080/12460125.2026.2669855,2026,Journal of Decision Systems,likely_match,0.118,1.0,/Users/baiyixin/Downloads/pdf_386_by_paper_id/f50a79b2d7e1.pdf
3058799f63c1,3058799f63c1.pdf,/Users/baiyixin/Downloads/pdf_386_by_paper_id/3058799f63c1.pdf,/Users/baiyixin/Downloads/pdf_386/arxiv.2405.00901.pdf,copied,Design knowledge,Using Schema to Inform Method Design Practices,10.48550/arXiv.2405.00901,2024,arXiv,likely_match,0.033,1.0,/Users/baiyixin/Downloads/pdf_386_by_paper_id/3058799f63c1.pdf
73537bfbe719,73537bfbe719.pdf,/Users/baiyixin/Downloads/pdf_386_by_paper_id/73537bfbe719.pdf,/Users/baiyixin/Downloads/pdf_386/j.is.2023.102293.pdf,copied,Design knowledge,A taxonomy and ontology for digital platforms,10.1016/j.is.2023.102293,,Information Systems,likely_match,0.063,1.0,/Users/baiyixin/Downloads/pdf_386_by_paper_id/73537bfbe719.pdf
19dd6ec0253e,19dd6ec0253e.pdf,/Users/baiyixin/Downloads/pdf_386_by_paper_id/19dd6ec0253e.pdf,/Users/baiyixin/Downloads/pdf_386/s10798-022-09794-7.pdf,copied,Design knowledge,A principle-based philosophical framework for fashion design praxis and education in new design landscapes,10.1007/s10798-022-09794-7,,International Journal of Technology and Design Education,likely_match,0.083,1.0,/Users/baiyixin/Downloads/pdf_386_by_paper_id/19dd6ec0253e.pdf
bdf1addf5a10,bdf1addf5a10.pdf,/Users/baiyixin/Downloads/pdf_386_by_paper_id/bdf1addf5a10.pdf,/Users/baiyixin/Downloads/pdf_386/s11023.022.09611.z.pdf,copied,Design knowledge,Contestable AI by Design: Towards a Framework,10.1007/s11023-022-09611-z,2023,Minds and Machines,likely_match,0.01,1.0,/Users/baiyixin/Downloads/pdf_386_by_paper_id/bdf1addf5a10.pdf
fd2392ff2aff,fd2392ff2aff.pdf,/Users/baiyixin/Downloads/pdf_386_by_paper_id/fd2392ff2aff.pdf,/Users/baiyixin/Downloads/pdf_386/arxiv.2102.08909.pdf,copied,Design knowledge,Surveying a Landscape of Ethics-Focused Design Methods,10.48550/arXiv.2102.08909,2021,arXiv,likely_match,0.08,1.0,/Users/baiyixin/Downloads/pdf_386_by_paper_id/fd2392ff2aff.pdf
a7e06450729f,a7e06450729f.pdf,/Users/baiyixin/Downloads/pdf_386_by_paper_id/a7e06450729f.pdf,/Users/baiyixin/Downloads/pdf_386/info12090367.pdf,copied,Design knowledge,Game Design as an Autonomous Research Subject,10.3390/info12090367,,Information,likely_match,0.068,1.0,/Users/baiyixin/Downloads/pdf_386_by_paper_id/a7e06450729f.pdf
40668e23fbab,40668e23fbab.pdf,/Users/baiyixin/Downloads/pdf_386_by_paper_id/40668e23fbab.pdf,/Users/baiyixin/Downloads/pdf_386/pds.2021.130.pdf,copied,Design knowledge,Dimensions of knowledge in prototyping: A review and characterisation of prototyping methods and their contributions to design knowledge,10.1017/pds.2021.130,2021,Proceedings of the Design Society,likely_match,0.072,1.0,/Users/baiyixin/Downloads/pdf_386_by_paper_id/40668e23fbab.pdf
f6ba28a6efeb,f6ba28a6efeb.pdf,/Users/baiyixin/Downloads/pdf_386_by_paper_id/f6ba28a6efeb.pdf,/Users/baiyixin/Downloads/pdf_386/dsd.2020.330.pdf,copied,Design knowledge,ON the HIERARCHICAL LEVELS of DESIGN KNOWLEDGE,10.1017/dsd.2020.330,2020,Proceedings of the Design Society: DESIGN Conference,likely_match,0.023,1.0,/Users/baiyixin/Downloads/pdf_386_by_paper_id/f6ba28a6efeb.pdf
33444d31c6dc,33444d31c6dc.pdf,/Users/baiyixin/Downloads/pdf_386_by_paper_id/33444d31c6dc.pdf,/Users/baiyixin/Downloads/pdf_386/1jais.00617.pdf,copied,Design knowledge,A design theory for visual inquiry tools,10.17705/1jais.00617,2020,Journal of the Association for Information Systems,likely_match,0.033,1.0,/Users/baiyixin/Downloads/pdf_386_by_paper_id/33444d31c6dc.pdf
95eee570b8f1,95eee570b8f1.pdf,/Users/baiyixin/Downloads/pdf_386_by_paper_id/95eee570b8f1.pdf,/Users/baiyixin/Downloads/pdf_386/Accumulating Design Knowledge_ A Mechanisms-Based Approach.pdf,copied,Design knowledge,Accumulating design knowledge: A mechanisms-based approach,10.17705/1jais.00619,2020,Journal of the Association for Information Systems,likely_match,0.024,1.0,/Users/baiyixin/Downloads/pdf_386_by_paper_id/95eee570b8f1.pdf
cda6c6785f0a,cda6c6785f0a.pdf,/Users/baiyixin/Downloads/pdf_386_by_paper_id/cda6c6785f0a.pdf,/Users/baiyixin/Downloads/pdf_386/3290605.3300480.pdf,copied,Design knowledge,The design of social drones: a review of studies on autonomous flyers in inhabited environments,10.1145/3290605.3300480,,CHI '19: Proceedings of the 2019 CHI Conference on Human Factors in Computing Systems,needs_manual_check,0.028,0.286,/Users/baiyixin/Downloads/pdf_386_by_paper_id/cda6c6785f0a.pdf
114973fd100e,114973fd100e.pdf,/Users/baiyixin/Downloads/pdf_386_by_paper_id/114973fd100e.pdf,/Users/baiyixin/Downloads/pdf_386/he-et-al-2019-identification-and-management-of-the-near-field-knowledge-of-industrial-design-for-innovative-product.pdf,copied,Design knowledge,Identification and management of the near-field knowledge of industrial design for innovative product shapes,10.1177/1687814018816574,,Advances in Mechanical Engineering,likely_match,0.118,1.0,/Users/baiyixin/Downloads/pdf_386_by_paper_id/114973fd100e.pdf
c90163fa7f57,c90163fa7f57.pdf,/Users/baiyixin/Downloads/pdf_386_by_paper_id/c90163fa7f57.pdf,/Users/baiyixin/Downloads/pdf_386/matecconf.201713900016.pdf,copied,Design knowledge,A new model to express and capture the design rationale in the documents,10.1051/matecconf/201713900016,,MATEC Web of Conferences,likely_match,0.075,1.0,/Users/baiyixin/Downloads/pdf_386_by_paper_id/c90163fa7f57.pdf
ade78c466271,ade78c466271.pdf,/Users/baiyixin/Downloads/pdf_386_by_paper_id/ade78c466271.pdf,/Users/baiyixin/Downloads/pdf_386/issn14531305.21.3.2017.03.pdf,copied,Design knowledge,Revised set of usability heuristics for the evaluation of interactive systems,10.12948/issn14531305/21.3.2017.03,,Informatica Economica,likely_match,0.078,1.0,/Users/baiyixin/Downloads/pdf_386_by_paper_id/ade78c466271.pdf
fffe50e033fa,fffe50e033fa.pdf,/Users/baiyixin/Downloads/pdf_386_by_paper_id/fffe50e033fa.pdf,/Users/baiyixin/Downloads/pdf_386/3025453.3025990.pdf,copied,Design knowledge,Activity as the ultimate particular of interaction design,10.1145/3025453.3025990,2017,Conference on Human Factors in Computing Systems - Proceedings,likely_match,0.049,1.0,/Users/baiyixin/Downloads/pdf_386_by_paper_id/fffe50e033fa.pdf
7c4d2eb91f51,7c4d2eb91f51.pdf,/Users/baiyixin/Downloads/pdf_386_by_paper_id/7c4d2eb91f51.pdf,/Users/baiyixin/Downloads/pdf_386/Using_a_Visual_Abstract_as_a_Lens_for_Communicating_and_Promoting_Design_Science_Research_in_Software_Engineering.pdf,copied,Design knowledge,Using a Visual Abstract as a Lens for Communicating and Promoting Design Science Research in Software Engineering,10.1109/ESEM.2017.28,2017,International Symposium on Empirical Software Engineering and Measurement,likely_match,0.099,1.0,/Users/baiyixin/Downloads/pdf_386_by_paper_id/7c4d2eb91f51.pdf
e958310acab5,e958310acab5.pdf,/Users/baiyixin/Downloads/pdf_386_by_paper_id/e958310acab5.pdf,/Users/baiyixin/Downloads/pdf_386/Prescriptive_Knowledge_in_IS_Research_Conceptualizing_Design_Principles_in_Terms_of_Materiality_Action_and_Boundary_Conditions.pdf,copied,Design knowledge,"Prescriptive knowledge in IS research: Conceptualizing design principles in terms of materiality, action, and boundary conditions",10.1109/HICSS.2015.485,2015,Proceedings of the Annual Hawaii International Conference on System Sciences,likely_match,0.108,1.0,/Users/baiyixin/Downloads/pdf_386_by_paper_id/e958310acab5.pdf
1c7fa3f7d73a,1c7fa3f7d73a.pdf,/Users/baiyixin/Downloads/pdf_386_by_paper_id/1c7fa3f7d73a.pdf,/Users/baiyixin/Downloads/pdf_386/s10798-011-9181-5.pdf,copied,Design knowledge,A theoretical framework for the studio as a learning environment,10.1007/s10798-011-9181-5,2013,International Journal of Technology and Design Education,likely_match,0.045,1.0,/Users/baiyixin/Downloads/pdf_386_by_paper_id/1c7fa3f7d73a.pdf
6e7959c82d5f,6e7959c82d5f.pdf,/Users/baiyixin/Downloads/pdf_386_by_paper_id/6e7959c82d5f.pdf,/Users/baiyixin/Downloads/pdf_386/The_Anatomy_of_HCI_Design_Patterns.pdf,copied,Design knowledge,The anatomy of HCI design patterns,10.1109/ComputationWorld.2009.45,2009,"Computation World: Future Computing, Service Computation, Adaptive, Content, Cognitive, Patterns, ComputationWorld 2009",likely_match,0.034,1.0,/Users/baiyixin/Downloads/pdf_386_by_paper_id/6e7959c82d5f.pdf
7b15d81000db,7b15d81000db.pdf,/Users/baiyixin/Downloads/pdf_386_by_paper_id/7b15d81000db.pdf,/Users/baiyixin/Downloads/pdf_386/The Anatomy of a Design Theory.pdf,copied,Design knowledge,The anatomy of a design theory,10.17705/1jais.00129,2007,Journal of the Association for Information Systems,likely_match,0.015,1.0,/Users/baiyixin/Downloads/pdf_386_by_paper_id/7b15d81000db.pdf
7e095752d24c,7e095752d24c.pdf,/Users/baiyixin/Downloads/pdf_386_by_paper_id/7e095752d24c.pdf,/Users/baiyixin/Downloads/pdf_386/j.ijhcs.2023.103065.pdf,copied,Design methods,Think-4-EmCoDe framework: Highlighting key qualities in embodied co-design techniques for children,10.1016/j.ijhcs.2023.103065,,International Journal of Human-Computer Studies,likely_match,0.081,1.0,/Users/baiyixin/Downloads/pdf_386_by_paper_id/7e095752d24c.pdf
40a2d86cd488,40a2d86cd488.pdf,/Users/baiyixin/Downloads/pdf_386_by_paper_id/40a2d86cd488.pdf,/Users/baiyixin/Downloads/pdf_386/dsj.2022.23.pdf,copied,Design methods,Elements of a design method - a basis for describing and evaluating design methods,10.1017/dsj.2022.23,,Design Science,likely_match,0.08,1.0,/Users/baiyixin/Downloads/pdf_386_by_paper_id/40a2d86cd488.pdf
bc6d0afdec8f,bc6d0afdec8f.pdf,/Users/baiyixin/Downloads/pdf_386_by_paper_id/bc6d0afdec8f.pdf,/Users/baiyixin/Downloads/pdf_386/Design_patterns_for_component-oriented_software_development.pdf,copied,Design Patterns,Design patterns for component-oriented software development,10.1109/EURMIC.1999.794784,1999,Conference Proceedings of the EUROMICRO,likely_match,0.059,1.0,/Users/baiyixin/Downloads/pdf_386_by_paper_id/bc6d0afdec8f.pdf
242644458c6e,242644458c6e.pdf,/Users/baiyixin/Downloads/pdf_386_by_paper_id/242644458c6e.pdf,/Users/baiyixin/Downloads/pdf_386/BF01206115.pdf,copied,Design Patterns,A pattern approach to interaction design,10.1007/bf01206115,2001,AI and Society,likely_match,0.022,1.0,/Users/baiyixin/Downloads/pdf_386_by_paper_id/242644458c6e.pdf
4fb2c242dfee,4fb2c242dfee.pdf,/Users/baiyixin/Downloads/pdf_386_by_paper_id/4fb2c242dfee.pdf,/Users/baiyixin/Downloads/pdf_386/cmpsac.2001.960670.pdf,copied,Design Patterns,Coupling of design patterns: common practices and their benefits,10.1109/CMPSAC.2001.960670,,25th Annual International Computer Software and Applications Conference. COMPSAC 2001,likely_match,0.085,1.0,/Users/baiyixin/Downloads/pdf_386_by_paper_id/4fb2c242dfee.pdf
677c4dc89d1d,677c4dc89d1d.pdf,/Users/baiyixin/Downloads/pdf_386_by_paper_id/677c4dc89d1d.pdf,/Users/baiyixin/Downloads/pdf_386/Elemental_design_patterns_a_formal_semantics_for_composition_of_OO_software_architecture.pdf,copied,Design Patterns,Elemental design patterns: A formal semantics for composition of OO software architecture,10.1109/SEW.2002.1199472,2003,"Proceedings - 27th Annual NASA Goddard / IEEE Software Engineering Workshop, SEW 2002",likely_match,0.09,1.0,/Users/baiyixin/Downloads/pdf_386_by_paper_id/677c4dc89d1d.pdf
a9303960f19a,a9303960f19a.pdf,/Users/baiyixin/Downloads/pdf_386_by_paper_id/a9303960f19a.pdf,/Users/baiyixin/Downloads/pdf_386/s11023-007-9061-7.pdf,copied,Design Patterns,Abstraction in computer science,10.1007/s11023-007-9061-7,2007,Minds and Machines,likely_match,0.04,1.0,/Users/baiyixin/Downloads/pdf_386_by_paper_id/a9303960f19a.pdf
6f73a944b8d6,6f73a944b8d6.pdf,/Users/baiyixin/Downloads/pdf_386_by_paper_id/6f73a944b8d6.pdf,/Users/baiyixin/Downloads/pdf_386/Video_Collaboratories_for_Research_and_Education_An_Analysis_of_Collaboration_Design_Patterns.pdf,copied,Design Patterns,Video collaboratories for research and education: An analysis of collaboration design patterns,10.1109/TLT.2009.5,2008,IEEE Transactions on Learning Technologies,likely_match,0.093,1.0,/Users/baiyixin/Downloads/pdf_386_by_paper_id/6f73a944b8d6.pdf
8393d36cff90,8393d36cff90.pdf,/Users/baiyixin/Downloads/pdf_386_by_paper_id/8393d36cff90.pdf,/Users/baiyixin/Downloads/pdf_386/An_overview_of_Human-Computer_Interaction_patterns_in_pervasive_systems.pdf,copied,Design Patterns,An overview of human-computer interaction patterns in pervasive systems,10.1109/IUSER.2010.5716740,2010,"Proceedings - 2010 International Conference on User Science and Engineering, i-USEr 2010",likely_match,0.079,1.0,/Users/baiyixin/Downloads/pdf_386_by_paper_id/8393d36cff90.pdf
fee96194a322,fee96194a322.pdf,/Users/baiyixin/Downloads/pdf_386_by_paper_id/fee96194a322.pdf,/Users/baiyixin/Downloads/pdf_386/Personalising_learning_towards_a_coherent_learning_design_framework.pdf,copied,Design principles,Personalising learning: towards a coherent learning design framework,10.1109/ICALT55010.2022.00030,,2022 International Conference on Advanced Learning Technologies (ICALT),likely_match,0.039,1.0,/Users/baiyixin/Downloads/pdf_386_by_paper_id/fee96194a322.pdf
2ba0daf07e8e,2ba0daf07e8e.pdf,/Users/baiyixin/Downloads/pdf_386_by_paper_id/2ba0daf07e8e.pdf,/Users/baiyixin/Downloads/pdf_386/s00163-021-00362-z.pdf,copied,Design principles,Engineering design principles as patterns of relationships in frame creation,10.1007/s00163-021-00362-z,,Research in Engineering Design,likely_match,0.069,1.0,/Users/baiyixin/Downloads/pdf_386_by_paper_id/2ba0daf07e8e.pdf
75731fe2e6d1,75731fe2e6d1.pdf,/Users/baiyixin/Downloads/pdf_386_by_paper_id/75731fe2e6d1.pdf,/Users/baiyixin/Downloads/pdf_386/dsj.2024.19.pdf,copied,Design rationale,"Feature, specification and evidence framework for communicating design rationale",10.1017/dsj.2024.19,,Design Science,likely_match,0.086,1.0,/Users/baiyixin/Downloads/pdf_386_by_paper_id/75731fe2e6d1.pdf
edde6dc75b19,edde6dc75b19.pdf,/Users/baiyixin/Downloads/pdf_386_by_paper_id/edde6dc75b19.pdf,/Users/baiyixin/Downloads/pdf_386/978-1-84882-021-0.pdf,copied,Design rationale,The language of design: Theory and computation,10.1007/978-1-84882-021-0,2009,The Language of Design: Theory and Computation,needs_manual_check,0.0,0.0,/Users/baiyixin/Downloads/pdf_386_by_paper_id/edde6dc75b19.pdf
4025e28730c1,4025e28730c1.pdf,/Users/baiyixin/Downloads/pdf_386_by_paper_id/4025e28730c1.pdf,/Users/baiyixin/Downloads/pdf_386/Conceptual_foundations_of_design_problem_solving.pdf,copied,Design theory,Conceptual foundations of design problem solving,10.1109/21.260655,,"IEEE Transactions on Systems, Man and Cybernetics",likely_match,0.043,1.0,/Users/baiyixin/Downloads/pdf_386_by_paper_id/4025e28730c1.pdf
43fee329f83e,43fee329f83e.pdf,/Users/baiyixin/Downloads/pdf_386_by_paper_id/43fee329f83e.pdf,/Users/baiyixin/Downloads/pdf_386/978.3.540.78431.9.31.pdf,copied,Design theory,Process design theory for digital information services,10.1007/978-3-540-78431-9_31,2008,Methods and Tools for Effective Knowledge Life-Cycle-Management,likely_match,0.053,1.0,/Users/baiyixin/Downloads/pdf_386_by_paper_id/43fee329f83e.pdf
9f9f7295ec8c,9f9f7295ec8c.pdf,/Users/baiyixin/Downloads/pdf_386_by_paper_id/9f9f7295ec8c.pdf,/Users/baiyixin/Downloads/pdf_386/s00163-008-0060-3.pdf,copied,Design theory,Affordance based design: a relational theory for design,10.1007/s00163-008-0060-3,,Research in Engineering Design,likely_match,0.022,1.0,/Users/baiyixin/Downloads/pdf_386_by_paper_id/9f9f7295ec8c.pdf
b21a9b4cc5ef,b21a9b4cc5ef.pdf,/Users/baiyixin/Downloads/pdf_386_by_paper_id/b21a9b4cc5ef.pdf,/Users/baiyixin/Downloads/pdf_386/s00163-008-0043-4.pdf,copied,Design theory,C-K design theory: an advanced formulation,10.1007/s00163-008-0043-4,,Research in Engineering Design,likely_match,0.023,1.0,/Users/baiyixin/Downloads/pdf_386_by_paper_id/b21a9b4cc5ef.pdf
a1a2a51ae22e,a1a2a51ae22e.pdf,/Users/baiyixin/Downloads/pdf_386_by_paper_id/a1a2a51ae22e.pdf,/Users/baiyixin/Downloads/pdf_386/isf.12.2010.04.pdf,copied,Design theory,Incommensurability in design science: Which comes first-Theory or artefact?,10.22459/isf.12.2010.04,2010,Information Systems Foundations: The Role of Design Science,likely_match,0.088,1.0,/Users/baiyixin/Downloads/pdf_386_by_paper_id/a1a2a51ae22e.pdf
75f43821c56f,75f43821c56f.pdf,/Users/baiyixin/Downloads/pdf_386_by_paper_id/75f43821c56f.pdf,/Users/baiyixin/Downloads/pdf_386/Towards_a_Model_of_Information_Aesthetics_in_Information_Visualization.pdf,copied,Design Guidelines,Towards a Model of Information Aesthetics in Information Visualization,10.1109/IV.2007.114,2007,,likely_match,0.046,1.0,/Users/baiyixin/Downloads/pdf_386_by_paper_id/75f43821c56f.pdf
b357bc5a3d3b,b357bc5a3d3b.pdf,/Users/baiyixin/Downloads/pdf_386_by_paper_id/b357bc5a3d3b.pdf,/Users/baiyixin/Downloads/pdf_386/Towards_Canonical_Task_Types_for_User_Interface_Design.pdf,copied,Design Guidelines,Towards Canonical Task Types for User Interface Design,10.1109/LA-WEB.2009.33,2009,,likely_match,0.05,1.0,/Users/baiyixin/Downloads/pdf_386_by_paper_id/b357bc5a3d3b.pdf
b14f85b19a87,b14f85b19a87.pdf,/Users/baiyixin/Downloads/pdf_386_by_paper_id/b14f85b19a87.pdf,/Users/baiyixin/Downloads/pdf_386/Design_Study_Methodology_Reflections_from_the_Trenches_and_the_Stacks.pdf,copied,Design Guidelines,Design Study Methodology: Reflections from the Trenches and the Stacks,10.1109/TVCG.2012.213,2012,,likely_match,0.089,1.0,/Users/baiyixin/Downloads/pdf_386_by_paper_id/b14f85b19a87.pdf
c6e7060b0fa0,c6e7060b0fa0.pdf,/Users/baiyixin/Downloads/pdf_386_by_paper_id/c6e7060b0fa0.pdf,/Users/baiyixin/Downloads/pdf_386/LabelPatterns.org_A_comprehensive_pattern_library_for_consumer-decision_labels.pdf,copied,Design Patterns,LabelPatterns.org: A comprehensive pattern library for consumer-decision labels,10.1109/IPCC.2011.6087185,2011,,likely_match,0.083,1.0,/Users/baiyixin/Downloads/pdf_386_by_paper_id/c6e7060b0fa0.pdf
7d99b05f405e,7d99b05f405e.pdf,/Users/baiyixin/Downloads/pdf_386_by_paper_id/7d99b05f405e.pdf,/Users/baiyixin/Downloads/pdf_386/cain58948.2023.00035.pdf,copied,Design Patterns,Design Patterns for AI-based Systems: A Multivocal Literature Review and Pattern Repository,10.1109/CAIN58948.2023.00035,2023,,likely_match,0.099,1.0,/Users/baiyixin/Downloads/pdf_386_by_paper_id/7d99b05f405e.pdf
c7ed46400a28,c7ed46400a28.pdf,/Users/baiyixin/Downloads/pdf_386_by_paper_id/c7ed46400a28.pdf,/Users/baiyixin/Downloads/pdf_386/Exploring_the_design_space_of_composite_visualization.pdf,copied,Design Patterns,Exploring the design space of composite visualization,10.1109/PacificVis.2012.6183556,2012,,likely_match,0.062,1.0,/Users/baiyixin/Downloads/pdf_386_by_paper_id/c7ed46400a28.pdf
79abc1449981,79abc1449981.pdf,/Users/baiyixin/Downloads/pdf_386_by_paper_id/79abc1449981.pdf,/Users/baiyixin/Downloads/pdf_386/Thriving_Systems_Theory_An_Emergent_Information_Systems_Design_Theory.pdf,copied,Design Patterns,Thriving Systems Theory: An Emergent Information Systems Design Theory,10.1109/HICSS.2013.550,2013,,likely_match,0.046,1.0,/Users/baiyixin/Downloads/pdf_386_by_paper_id/79abc1449981.pdf
a74bec243b7f,a74bec243b7f.pdf,/Users/baiyixin/Downloads/pdf_386_by_paper_id/a74bec243b7f.pdf,/Users/baiyixin/Downloads/pdf_386/Universal_Structural-Semantic_Model_of_Design_Patterns.pdf,copied,Design Patterns,Universal Structural-Semantic Model of Design Patterns,10.1109/IT67293.2026.11435724,2026,,likely_match,0.079,1.0,/Users/baiyixin/Downloads/pdf_386_by_paper_id/a74bec243b7f.pdf
4e727e38805c,4e727e38805c.pdf,/Users/baiyixin/Downloads/pdf_386_by_paper_id/4e727e38805c.pdf,/Users/baiyixin/Downloads/pdf_386/Visualization_Atlases_Explaining_and_Exploring_Complex_Topics_Through_Data_Visualization_and_Narration.pdf,copied,Design Patterns,"Visualization Atlases: Explaining and Exploring Complex Topics Through Data, Visualization, and Narration",10.1109/TVCG.2024.3456311,2025,,likely_match,0.145,1.0,/Users/baiyixin/Downloads/pdf_386_by_paper_id/4e727e38805c.pdf
42c66c187222,42c66c187222.pdf,/Users/baiyixin/Downloads/pdf_386_by_paper_id/42c66c187222.pdf,/Users/baiyixin/Downloads/pdf_386/Toward_an_effective_approach_to_collaboration_education_A_taxonomy_for_game_design.pdf,copied,Design principles,Toward an effective approach to collaboration education: A taxonomy for game design,10.1109/GEM.2015.7377203,2015,,likely_match,0.06,1.0,/Users/baiyixin/Downloads/pdf_386_by_paper_id/42c66c187222.pdf
44848ca19e31,44848ca19e31.pdf,/Users/baiyixin/Downloads/pdf_386_by_paper_id/44848ca19e31.pdf,/Users/baiyixin/Downloads/pdf_386/Design_Obligations_for_Software_with_Examples_from_Data_Abstraction_and_Adaptive_Systems.pdf,copied,Design principles,"Design Obligations for Software, with Examples from Data Abstraction and Adaptive Systems",10.1109/Designing66910.2025.00016,2025,,likely_match,0.074,1.0,/Users/baiyixin/Downloads/pdf_386_by_paper_id/44848ca19e31.pdf
b77e7d67555e,b77e7d67555e.pdf,/Users/baiyixin/Downloads/pdf_386_by_paper_id/b77e7d67555e.pdf,/Users/baiyixin/Downloads/pdf_386/USSF_A_Unified_Framework_for_Screen_Standardization_in_Software_Systems.pdf,copied,Design principles,USSF: A Unified Framework for Screen Standardization in Software Systems,10.1109/CIEES66347.2025.11300084,2025,,likely_match,0.07,1.0,/Users/baiyixin/Downloads/pdf_386_by_paper_id/b77e7d67555e.pdf
ba03a17bc120,ba03a17bc120.pdf,/Users/baiyixin/Downloads/pdf_386_by_paper_id/ba03a17bc120.pdf,/Users/baiyixin/Downloads/pdf_386/The_Good_the_Bad_and_the_Ugly_A_Theoretical_Framework_for_the_Assessment_of_Continuous_Colormaps.pdf,copied,Design Rules,"The Good, the Bad, and the Ugly: A Theoretical Framework for the Assessment of Continuous Colormaps",10.1109/TVCG.2017.2743978,2018,,likely_match,0.096,1.0,/Users/baiyixin/Downloads/pdf_386_by_paper_id/ba03a17bc120.pdf
5a973fb8ae6f,5a973fb8ae6f.pdf,/Users/baiyixin/Downloads/pdf_386_by_paper_id/5a973fb8ae6f.pdf,/Users/baiyixin/Downloads/pdf_386/ICT-Enabled_Self-Management_of_Chronic_Diseases_Literature_Review_and_Analysis_Using_Value-Sensitive_Design.pdf,copied,Design theory,ICT-Enabled Self-Management of Chronic Diseases: Literature Review and Analysis Using Value-Sensitive Design,10.1109/HICSS.2015.388,2015,,likely_match,0.119,1.0,/Users/baiyixin/Downloads/pdf_386_by_paper_id/5a973fb8ae6f.pdf
8107b8d7a099,8107b8d7a099.pdf,/Users/baiyixin/Downloads/pdf_386_by_paper_id/8107b8d7a099.pdf,/Users/baiyixin/Downloads/pdf_386/Analyzing_Initial_Design_Theory_Components_for_Developing_Information_Security_Laboratories.pdf,copied,Design theory,Analyzing Initial Design Theory Components for Developing Information Security Laboratories,10.1109/CSP55486.2022.00015,2022,,likely_match,0.467,1.0,/Users/baiyixin/Downloads/pdf_386_by_paper_id/8107b8d7a099.pdf
e09769771b82,e09769771b82.pdf,/Users/baiyixin/Downloads/pdf_386_by_paper_id/e09769771b82.pdf,/Users/baiyixin/Downloads/pdf_386/The_Experience_Dynamics_and_Artifacts_Framework_Towards_a_Holistic_Model_for_Designing_Serious_and_Entertainment_Games.pdf,copied,Design frameworks,"The Experience, Dynamics and Artifacts Framework: Towards a Holistic Model for Designing Serious and Entertainment Games",,2021,2021 IEEE Conference on Games (CoG),likely_match,0.099,1.0,/Users/baiyixin/Downloads/pdf_386_by_paper_id/e09769771b82.pdf
14dcaf15aa66,14dcaf15aa66.pdf,/Users/baiyixin/Downloads/pdf_386_by_paper_id/14dcaf15aa66.pdf,/Users/baiyixin/Downloads/pdf_386/a0fa8fc166972194899f747f6bd2d3e40b34.pdf,copied,Design Guidelines,Terminologia kohtaa k√§ytett√§vyyden. Terminologisen k√§ytett√§vyyden ydint√§ rakentamassa,,2016,VAKKI Publications,likely_match,0.073,1.0,/Users/baiyixin/Downloads/pdf_386_by_paper_id/14dcaf15aa66.pdf
ee0a5b26f6dc,ee0a5b26f6dc.pdf,/Users/baiyixin/Downloads/pdf_386_by_paper_id/ee0a5b26f6dc.pdf,/Users/baiyixin/Downloads/pdf_386/Formalizing_Visualization_Design_Knowledge_as_Constraints_Actionable_and_Extensible_Models_in_Draco.pdf,copied,Design Guidelines,Formalizing Visualization Design Knowledge as Constraints: Actionable and Extensible Models in Draco,,2018,IEEE Transactions on Visualization and Computer Graphics,likely_match,0.103,1.0,/Users/baiyixin/Downloads/pdf_386_by_paper_id/ee0a5b26f6dc.pdf
c216cc01fe23,c216cc01fe23.pdf,/Users/baiyixin/Downloads/pdf_386_by_paper_id/c216cc01fe23.pdf,/Users/baiyixin/Downloads/pdf_386/A_Preliminary_Proposal_Towards_Unambiguous_Definitions_for_Modular_Interfaces_and_Interact.pdf,copied,Design Guidelines,A Preliminary Proposal Towards Unambiguous Definitions for Modular Interfaces and Interactions,,2019,Proceedings of the Design Society,likely_match,0.078,1.0,/Users/baiyixin/Downloads/pdf_386_by_paper_id/c216cc01fe23.pdf
af4a4237d98a,af4a4237d98a.pdf,/Users/baiyixin/Downloads/pdf_386_by_paper_id/af4a4237d98a.pdf,/Users/baiyixin/Downloads/pdf_386/Utilization_of_design_principles_for_hybrid_learning_configurations_by_interprofessional_d.pdf,copied,Design knowledge,Utilization of design principles for hybrid learning configurations by interprofessional design teams,,2017,,likely_match,0.096,1.0,/Users/baiyixin/Downloads/pdf_386_by_paper_id/af4a4237d98a.pdf
94bc88b88ae6,94bc88b88ae6.pdf,/Users/baiyixin/Downloads/pdf_386_by_paper_id/94bc88b88ae6.pdf,/Users/baiyixin/Downloads/pdf_386/Design_knowledge_in_the_artistic_aesthetic_development_and_transformation_of_the_world.pdf,copied,Design knowledge,Design knowledge in the artistic‚Äìaesthetic development and transformation of the world,,2019,MATEC Web of Conferences,likely_match,0.065,1.0,/Users/baiyixin/Downloads/pdf_386_by_paper_id/94bc88b88ae6.pdf
53adec5acee6,53adec5acee6.pdf,/Users/baiyixin/Downloads/pdf_386_by_paper_id/53adec5acee6.pdf,/Users/baiyixin/Downloads/pdf_386/Mapping_design_knowledge_36_years_of_Design_Studies.pdf,copied,Design knowledge,Mapping design knowledge: 36 years of Design Studies,,2016,,likely_match,0.024,1.0,/Users/baiyixin/Downloads/pdf_386_by_paper_id/53adec5acee6.pdf
29a8891f4c02,29a8891f4c02.pdf,/Users/baiyixin/Downloads/pdf_386_by_paper_id/29a8891f4c02.pdf,/Users/baiyixin/Downloads/pdf_386/e7e2da2b5dfae02528ebbb53b209e8077c32.pdf,copied,Design knowledge,The Need for Design Cases: Disseminating Design Knowledge,,2010,,likely_match,0.038,1.0,/Users/baiyixin/Downloads/pdf_386_by_paper_id/29a8891f4c02.pdf
00e42ae113b8,00e42ae113b8.pdf,/Users/baiyixin/Downloads/pdf_386_by_paper_id/00e42ae113b8.pdf,/Users/baiyixin/Downloads/pdf_386/Utilization_of_design_principles_for_hybrid_learning_configurations_by_interprofessional_d.pdf,copied,Design knowledge,Utilization of design principles for hybrid learning configurations by interprofessional design teams,,2016,Instructional Science,likely_match,0.096,1.0,/Users/baiyixin/Downloads/pdf_386_by_paper_id/00e42ae113b8.pdf
95c2b3d44aff,95c2b3d44aff.pdf,/Users/baiyixin/Downloads/pdf_386_by_paper_id/95c2b3d44aff.pdf,/Users/baiyixin/Downloads/pdf_386/Multiple_forms_of_applications_and_impacts_of_a_design_theory_ten_years_of_industrial_appl.pdf,copied,Design methods,Multiple forms of applications and impacts of a design theory -ten years of industrial applications of C-K theory,,2016,,likely_match,0.093,1.0,/Users/baiyixin/Downloads/pdf_386_by_paper_id/95c2b3d44aff.pdf
1416cd2b88de,1416cd2b88de.pdf,/Users/baiyixin/Downloads/pdf_386_by_paper_id/1416cd2b88de.pdf,/Users/baiyixin/Downloads/pdf_386/Cross_disciplinary_system_value_overview_towards_value_oriented_design.pdf,copied,Design methods,Cross-disciplinary system value overview towards value-oriented design,,2023,Research in Engineering Design,likely_match,0.062,1.0,/Users/baiyixin/Downloads/pdf_386_by_paper_id/1416cd2b88de.pdf
49d75437fd07,49d75437fd07.pdf,/Users/baiyixin/Downloads/pdf_386_by_paper_id/49d75437fd07.pdf,/Users/baiyixin/Downloads/pdf_386/A_Framework_for_Design_Patterns_in_TROPOS.pdf,copied,Design Patterns,A Framework for Design Patterns in TROPOS,,2003,Brazilian Symposium on Software Engineering,likely_match,0.023,1.0,/Users/baiyixin/Downloads/pdf_386_by_paper_id/49d75437fd07.pdf
beaf258777e6,beaf258777e6.pdf,/Users/baiyixin/Downloads/pdf_386_by_paper_id/beaf258777e6.pdf,/Users/baiyixin/Downloads/pdf_386/What_is_the_value_of_design_theory.pdf,copied,Design theory,What is the value of design theory?,,2025,Proceedings of the Design Society,likely_match,0.023,1.0,/Users/baiyixin/Downloads/pdf_386_by_paper_id/beaf258777e6.pdf
5b3b013c191d,5b3b013c191d.pdf,/Users/baiyixin/Downloads/pdf_386_by_paper_id/5b3b013c191d.pdf,/Users/baiyixin/Downloads/pdf_386/Towards_a_unified_terminology_for_sonification_and_visualization.pdf,copied,Design theory,Towards a unified terminology for sonification and visualization,,2023,Personal and Ubiquitous Computing,likely_match,0.048,1.0,/Users/baiyixin/Downloads/pdf_386_by_paper_id/5b3b013c191d.pdf
