paper_id,keyword,title,doi,year,venue,url,pdf_found,pdf_extract_method,full_text_chars,paragraph_count,matched_paragraph_count,discussion_found,discussion_paragraph_count
00d7fbafe65f,Design Guidelines,"Demystifying Tacit Knowledge in Graphic Design: Characteristics, Instances, Approaches, and Guidelines",10.1145/3613904.3642886,2024,Proceedings of the 2024 CHI Conference on Human Factors in Computing Systems,https://doi.org/10.1145/3613904.3642886,True,pdfplumber,73017,52,10,False,0
ca185d91b684,Design Guidelines,Embracing Non-Natural Design in Human-Computer Interaction,10.1145/3656650.3660545,2024,Proceedings of the 2024 International Conference on Advanced Visual Interfaces,https://doi.org/10.1145/3656650.3660545,True,pdfplumber,5002,4,1,False,0
f0b2517a04a4,Design Guidelines,Don't Do That! Hunting Down Visual Design Smells in Complex UIs against Design Guidelines,10.1109/icse43902.2021.00075,2021,Proceedings of the 43rd International Conference on Software Engineering,https://doi.org/10.1109/ICSE43902.2021.00075,True,pdfplumber,69877,43,10,False,0
65c31c577170,Design Guidelines,The Rough Mile: Testing a Framework of Immersive Practice,10.1145/3064663.3064756,2017,Proceedings of the 2017 Conference on Designing Interactive Systems,https://doi.org/10.1145/3064663.3064756,True,pdfplumber,59439,38,10,False,0
615169de6f0e,Design Guidelines,From interaction to trajectories: designing coherent journeys through user experiences,10.1145/1518701.1518812,2009,Proceedings of the SIGCHI Conference on Human Factors in Computing Systems,https://doi.org/10.1145/1518701.1518812,True,pdfplumber,52454,36,10,False,0
9eecf23c4ce7,Design Heuristics,Design Heuristics for Web-Based Severe Weather Risk Communication,10.1145/3715335.3735482,2025,Proceedings of the 2025 ACM SIGCAS/SIGCHI Conference on Computing and Sustainable Societies,https://doi.org/10.1145/3715335.3735482,True,pdfplumber,57746,41,10,False,0
994d28d55eb8,Design Heuristics,From human factors to human actors to human crafters,10.1145/1940761.1940775,2011,Proceedings of the 2011 IConference,https://doi.org/10.1145/1940761.1940775,True,pdfplumber,44024,29,10,False,0
ccc616a68c38,Design knowledge,Towards Creating a Body of Evidence-based Interactive Digital Narrative Design Knowledge: Approaches and Challenges,10.1145/3132361.3133942,2017,Proceedings of the 2nd International Workshop on Multimedia Alternate Realities,https://doi.org/10.1145/3132361.3133942,True,pdfplumber,37104,25,10,False,0
b227e604cd40,Design knowledge,"The Dark Patterns Knowledge Stack: Exploring New Ways to Negotiate Context, Law, and Design",10.1145/3772318.3791264,2026,Proceedings of the 2026 CHI Conference on Human Factors in Computing Systems,https://doi.org/10.1145/3772318.3791264,True,pdfplumber,54338,39,10,False,0
d4ef8c48ded5,Design knowledge,"Toward an Inventory of Plans and Patterns, and Their Use to Foster Strategic Knowledge in Programming Novices",10.1145/3372782.3408115,2020,Proceedings of the 2020 ACM Conference on International Computing Education Research,https://doi.org/10.1145/3372782.3408115,True,pdfplumber,5024,4,1,False,0
e105857da02d,Design knowledge,Designerly Ways of Knowing in HRI: Broadening the Scope of Design-oriented HRI Through the Concept of Intermediate-level Knowledge,10.1145/3434073.3444668,2021,Proceedings of the 2021 ACM/IEEE International Conference on Human-Robot Interaction,https://doi.org/10.1145/3434073.3444668,True,pdfplumber,46696,31,10,False,0
b73f2343e274,Design knowledge,Let's Get Divorced: Constructing Knowledge Outcomes for Critical Design and Constructive Design Research,10.1145/3197391.3197395,2018,Proceedings of the 2018 ACM Conference Companion Publication on Designing Interactive Systems,https://doi.org/10.1145/3197391.3197395,True,pdfplumber,8728,6,5,False,0
4b599d3e2eb0,Design knowledge,Immodest Proposals: Research Through Design and Knowledge,10.1145/2702123.2702400,2015,Proceedings of the 33rd Annual ACM Conference on Human Factors in Computing Systems,https://doi.org/10.1145/2702123.2702400,True,pdfplumber,59504,38,10,False,0
0a373ca87142,Design methods,Surveying a Landscape of Ethics-Focused Design Methods,10.1145/3678988,2024,ACM J. Responsib. Comput.,https://doi.org/10.1145/3678988,True,pdfplumber,91872,63,10,True,13
b2234ef79a5a,Design methods,Tracing situated effects of innovative design methods: inexperienced designers' practices,10.1145/2079216.2079231,2011,Procedings of the Second Conference on Creativity and Innovation in Design,https://doi.org/10.1145/2079216.2079231,True,pdfplumber,53158,36,10,True,5
5611cdb5c33a,Design methods,Generating implications for design through design research,10.1145/2556288.2557357,2014,Proceedings of the SIGCHI Conference on Human Factors in Computing Systems,https://doi.org/10.1145/2556288.2557357,True,pdfplumber,61571,40,10,False,0
7ebbe03ea0d8,Design methods,Autobiographical design in HCI research: designing and learning through use-it-yourself,10.1145/2317956.2318034,2012,Proceedings of the Designing Interactive Systems Conference,https://doi.org/10.1145/2317956.2318034,True,pdfplumber,49272,33,10,False,0
1c04ffa25528,Design methods,The implications of improvisational acting and role-playing on design methodologies,10.1145/1753326.1753398,2010,Proceedings of the SIGCHI Conference on Human Factors in Computing Systems,https://doi.org/10.1145/1753326.1753398,True,pdfplumber,56148,37,10,False,0
e4c9f86a6933,Design Patterns,Design patterns for exploring and prototyping human-robot interactions,10.1145/2556288.2557057,2014,Proceedings of the SIGCHI Conference on Human Factors in Computing Systems,https://doi.org/10.1145/2556288.2557057,True,pdfplumber,49900,32,10,False,0
ddcb3ba05227,Design Patterns,Design patterns for sociality in human-robot interaction,10.1145/1349822.1349836,2008,Proceedings of the 3rd ACM/IEEE International Conference on Human Robot Interaction,https://doi.org/10.1145/1349822.1349836,True,pdfplumber,40893,26,10,False,0
2efb92894924,Design Patterns,Particles of a Whole: Design Patterns for Transparent and Auditable AI-Systems,10.1145/3460418.3479345,2021,Adjunct Proceedings of the 2021 ACM International Joint Conference on Pervasive and Ubiquitous Computing and Proceedings of the 2021 ACM International Symposium on Wearable Computers,https://doi.org/10.1145/3460418.3479345,True,pdfplumber,17789,12,10,False,0
098637c0f9ae,Design Patterns,Pattern design in the context space: paco - a methodological framework for designing auditory display with patterns,10.1145/1772070.1772091,2007,Proceedings of the 14th Conference on Pattern Languages of Programs,https://doi.org/10.1145/1772070.1772091,True,pdfplumber,35911,25,10,False,0
b8507dbe97ca,Design Patterns,A pattern approach to interaction design,10.1145/347642.347795,2000,"Proceedings of the 3rd Conference on Designing Interactive Systems: Processes, Practices, Methods, and Techniques",https://doi.org/10.1145/347642.347795,True,pdfplumber,76899,51,5,False,0
5f6661254e39,Design Patterns,Ethical Encounters in Design Practice: A Framework Grounded in Practitioner Experience,10.1145/3772318.3791435,2026,Proceedings of the 2026 CHI Conference on Human Factors in Computing Systems,https://doi.org/10.1145/3772318.3791435,True,pdfplumber,81334,52,10,False,0
cd42a6611470,Design Patterns,"Principles, patterns, and techniques for designing and implementing practical fluent interfaces in Java",10.1145/3135932.3135948,2017,"Proceedings Companion of the 2017 ACM SIGPLAN International Conference on Systems, Programming, Languages, and Applications: Software for Humanity",https://doi.org/10.1145/3135932.3135948,True,pdfplumber,8677,6,3,False,0
d0a936b480d4,Design principles,Acquiring educational access for neurodiverse learners through multisensory design principles,10.1145/2485760.2485848,2013,Proceedings of the 12th International Conference on Interaction Design and Children,https://doi.org/10.1145/2485760.2485848,True,pdfplumber,25068,16,7,False,0
01467836cecf,Design principles,Design principles for human-computer interfaces,10.1145/800045.801571,1983,Proceedings of the SIGCHI Conference on Human Factors in Computing Systems,https://doi.org/10.1145/800045.801571,True,pdfplumber,53374,36,10,False,0
0b35e34543e2,Design principles,Designing Artificial Identity: The Identity Design Framework and Research Agenda,10.1145/3800645.3812962,2026,Proceedings of the 2026 Designing Interactive Systems Conference,https://doi.org/10.1145/3800645.3812962,True,pdfplumber,105888,68,10,False,0
2280b868ea5f,Design principles,Form and Function: Toward a Better Understanding of Design-Based Games,10.1145/3723498.3723814,2025,Proceedings of the 20th International Conference on the Foundations of Digital Games,https://doi.org/10.1145/3723498.3723814,True,pdfplumber,52440,41,10,False,0
8eb8539b9712,Design principles,Designing Dialogic Disclaimers: Principles for Ethical Conversational Design in LLM Interfaces,10.1145/3719160.3737640,2025,Proceedings of the 7th ACM Conference on Conversational User Interfaces,https://doi.org/10.1145/3719160.3737640,True,pdfplumber,21416,17,7,False,0
96dd29c8f345,Design principles,Data Mesh: A Systematic Gray Literature Review,10.1145/3687301,2024,ACM Comput. Surv.,https://doi.org/10.1145/3687301,True,pdfplumber,101365,75,10,False,0
4ac74ce3f335,Design rationale,Towards a framework for documentation design: an abstract model of computer-mediated activity,10.1145/2501907.2501953,2013,Proceedings of the 31st European Conference on Cognitive Ergonomics,https://doi.org/10.1145/2501907.2501953,True,pdfplumber,29468,20,6,False,0
12568f76ff90,Design rationale,Patterns or claims: do they help in communicating design advice?,10.1145/1738826.1738831,2009,Proceedings of the 21st Annual Conference of the Australian Computer-Human Interaction Special Interest Group: Design: Open 24/7,https://doi.org/10.1145/1738826.1738831,True,pdfplumber,32238,22,10,True,3
296e021afe91,Design rationale,A generic model for reflective design,10.1145/350887.350895,2000,ACM Trans. Softw. Eng. Methodol.,https://doi.org/10.1145/350887.350895,True,pdfplumber,82222,61,10,False,0
dbc171dde63a,Design Rules,Perfect Eudaimonic User Experience Design That Aristotle Would Have Wanted,10.1145/3656156.3663737,2024,Companion Publication of the 2024 ACM Designing Interactive Systems Conference,https://doi.org/10.1145/3656156.3663737,True,pdfplumber,16296,13,8,False,0
8aeb26c1e21d,Design Rules,Steps toward a cognitive engineering: Design rules based on analyses of human error,10.1145/800049.801815,1982,Proceedings of the 1982 Conference on Human Factors in Computing Systems,https://doi.org/10.1145/800049.801815,True,pdfplumber,20757,14,6,False,0
bacdc4f76eea,Design theory,Work system principles: towards a justified design theory on the grounds of socio-instrumental pragmatism,10.1145/1479190.1479200,2008,Proceedings of the 3rd International Conference on the Pragmatic Web: Innovating the Interactive Society,https://doi.org/10.1145/1479190.1479200,True,pdfplumber,39748,27,10,False,0
dc61c8a1dcd6,Design theory,Multiscale Design Strategies in a Landscape Architecture Classroom,10.1145/3196709.3196812,2018,Proceedings of the 2018 Designing Interactive Systems Conference,https://doi.org/10.1145/3196709.3196812,True,pdfplumber,19799,16,6,False,0
a21900f84443,Design theory,Undesigning technology: considering the negation of design by design,10.1145/2207676.2208540,2012,Proceedings of the SIGCHI Conference on Human Factors in Computing Systems,https://doi.org/10.1145/2207676.2208540,True,pdfplumber,48804,32,10,False,0
ceac90427122,Design theory,Design-oriented human-computer interaction,10.1145/642611.642652,2003,Proceedings of the SIGCHI Conference on Human Factors in Computing Systems,https://doi.org/10.1145/642611.642652,True,pdfplumber,44058,29,10,False,0
64085b9b57e4,Design expertise,Towards an integrative approach to researching design expertise,10.1016/j.destud.2021.101017,2021,Design Studies,,False,,0,0,0,False,0
f51b21c51194,Design expertise,Understanding database design expertise,10.1016/0169-023X(95)00012-H,,Data & Knowledge Engineering,,False,,0,0,0,False,0
7afa6519f6fc,Design frameworks,"The experience, dynamics and artifacts framework: towards a holistic model for designing serious and entertainment games",10.1109/CoG52621.2021.9619144,,2021 IEEE Conference on Games (CoG),,True,pdfplumber,40318,27,10,False,0
85ba95ab4fa0,Design Guidelines,"Six Guidelines for Trustworthy, Ethical and Responsible Automation Design",10.48550/arXiv.2508.02371,2025,arXiv,,True,pdfplumber,44460,30,10,True,6
022ee7cf2e4e,Design Heuristics,Introduction of a standardized Notation of Design Heuristics for Knowledge Formalization,10.35199/dfx2022.08,2022,"Proceedings of the 33rd Symposium Design for X, DFX 2022",,True,pdfplumber,26661,19,10,False,0
cd211147691a,Design Heuristics,Design heuristics set for X: A design aid for assistive product concept generation,10.1016/j.destud.2018.04.003,2018,Design Studies,,False,,0,0,0,False,0
7cb073ebacac,Design Heuristics,Formal system for the expression of target-oriented design heuristics,10.21278/idc.2018.0120,2018,"Proceedings of International Design Conference, DESIGN",,True,pdfplumber,33477,23,10,False,0
9f4dbd790fe7,Design Heuristics,Design Heuristics in Innovative Products,10.1115/1.4032219,,Journal of Mechanical Design,,False,,0,0,0,False,0
0512599e76df,Design Heuristics,What is the content of 'design thinking'? Design Heuristics as conceptual repertoire,,2016,International Journal of Engineering Education,,False,,0,0,0,False,0
cdd6de21b74b,Design Heuristics,Evidence-based design heuristics for idea generation,10.1016/j.destud.2016.05.001,2016,Design Studies,,False,,0,0,0,False,0
0cbc36913472,Design Heuristics,Dialogue Appropriate to Assistive Technology Product Design: A Taxonomy of Communication Formats in Relation to Modes of Sensory Perception,10.1016/j.sheji.2018.01.001,,"She Ji: The Journal of Design, Economics, and Innovation",,False,,0,0,0,False,0
56dcde0a4f35,Design Heuristics,THEORY OF ENGINEERING DESIGN: A STRATEGY FOR CROSS-CULTURAL ANALYSIS.,,1987,,,False,,0,0,0,False,0
f50a79b2d7e1,Design knowledge,Towards scaling expertise with generative AI: design principles for governing AI-Mediated knowledge capture and transfer,10.1080/12460125.2026.2669855,2026,Journal of Decision Systems,,True,pdfplumber,57328,40,10,True,8
6391dee944e6,Design knowledge,Understanding What Design Research Is and Is NOT,10.4324/9781003489108-4,2026,Navigating the Landscapes of Design Research: Finding your way,,False,,0,0,0,False,0
02381ea80183,Design knowledge,A design theory for data quality tools in data ecosystems: Findings from three industry cases,10.1016/j.datak.2024.102333,,Data & Knowledge Engineering,,False,,0,0,0,False,0
78ea04e5eaee,Design knowledge,Socio-technical design principles for a multi-stakeholder agriculture extension information system in Ethiopia,10.1080/02681102.2023.2279309,,Information Technology for Development,,False,,0,0,0,False,0
6d926f3c4a97,Design knowledge,A domain reference ontology for design science research knowledge bases,,2024,CEUR Workshop Proceedings,,False,,0,0,0,False,0
31314745e651,Design knowledge,Using Schema Theory to Construct the Designer's Knowledge Framework,10.1007/978-3-031-61932-8_4,,"HCI International 2024 Posters: 26th International Conference on Human-Computer Interaction, HCII 2024, Proceedings. Communications in Computer and Information Science (2114)",,False,,0,0,0,False,0
07eb3166d706,Design knowledge,A Typology of Knowledge Creation in Design Science Research Projects,10.1007/978-3-031-61175-9_10,,"Design Science Research for a Resilient Future: 19th International Conference on Design Science Research in Information Systems and Technology, DESRIST 2024, Proceedings. Lecture Notes in Computer Science (14621)",,False,,0,0,0,False,0
e8f4a7417bf7,Design knowledge,Toward a Method for Design Science Research Meta-Studies to Improve the Reusability of Design Principles,10.1007/978-3-031-61175-9_13,,"Design Science Research for a Resilient Future: 19th International Conference on Design Science Research in Information Systems and Technology, DESRIST 2024, Proceedings. Lecture Notes in Computer Science (14621)",,False,,0,0,0,False,0
3058799f63c1,Design knowledge,Using Schema to Inform Method Design Practices,10.48550/arXiv.2405.00901,2024,arXiv,,True,pdfplumber,18619,15,10,False,0
73537bfbe719,Design knowledge,A taxonomy and ontology for digital platforms,10.1016/j.is.2023.102293,,Information Systems,,True,pdfplumber,73363,66,5,True,7
19dd6ec0253e,Design knowledge,A principle-based philosophical framework for fashion design praxis and education in new design landscapes,10.1007/s10798-022-09794-7,,International Journal of Technology and Design Education,,True,pdfplumber,48148,37,10,False,0
bdf1addf5a10,Design knowledge,Contestable AI by Design: Towards a Framework,10.1007/s11023-022-09611-z,2023,Minds and Machines,,True,pdfplumber,60842,43,10,True,10
9eda131748eb,Design knowledge,Engineering Design Principles for HCI as a Way Forward for HCI Design Knowledge,10.1007/978-3-031-79209-0_10,,"HCI Design Knowledge: Critique, Challenge, and a Way Forward. Synthesis Lectures on Human-Centered Informatics",,False,,0,0,0,False,0
0b7e6111aa14,Design knowledge,Synthesizing a Solution Space for Prescriptive Design Knowledge Codification,,,Scandinavian Journal of Information Systems,,False,,0,0,0,False,0
3dbca777664c,Design knowledge,Design Principles for Boundary Spanning in Transdisciplinary Design Science Research,10.1007/978-3-031-06516-3_4,,"The Transdisciplinary Reach of Design Science Research: 17th International Conference on Design Science Research in Information Systems and Technology, DESRIST 2022, Proceedings. Lecture Notes in Computer Science (13229)",,False,,0,0,0,False,0
4effa8e553a8,Design knowledge,Toward Engineering Design Principles for HCI,10.2200/s01172ed1v02y202202hci055,2022,Synthesis Lectures on Human-Centered Informatics,,False,,0,0,0,False,0
364b7d9127ec,Design knowledge,Toward a Unified Model of Design Knowledge,10.1162/desi_a_00679,2022,Design Issues,,False,,0,0,0,False,0
fd2392ff2aff,Design knowledge,Surveying a Landscape of Ethics-Focused Design Methods,10.48550/arXiv.2102.08909,2021,arXiv,,True,pdfplumber,94262,68,10,True,12
a7e06450729f,Design knowledge,Game Design as an Autonomous Research Subject,10.3390/info12090367,,Information,,True,pdfplumber,78220,57,10,False,0
82f49b5a1905,Design knowledge,SOLUTION REPERTOIRE,,2021,"Proceedings of the 23rd International Conference on Engineering and Product Design Education, E and PDE 2021",,False,,0,0,0,False,0
40668e23fbab,Design knowledge,Dimensions of knowledge in prototyping: A review and characterisation of prototyping methods and their contributions to design knowledge,10.1017/pds.2021.130,2021,Proceedings of the Design Society,,True,pdfplumber,32699,24,10,True,4
f6ba28a6efeb,Design knowledge,ON the HIERARCHICAL LEVELS of DESIGN KNOWLEDGE,10.1017/dsd.2020.330,2020,Proceedings of the Design Society: DESIGN Conference,,True,pdfplumber,28183,19,10,False,0
5a716d80ac6b,Design knowledge,Towards a Method for Design Principle Development in Information Systems,10.1007/978-3-030-64823-7_20,,"Designing for Digital Transformation. Co-Creating Services with Citizens and Industry. 15th International Conference on Design Science Research in Information Systems and Technology, DESRIST 2020. Proceedings. Lecture Notes in Computer Science (LNCS 12388)",,False,,0,0,0,False,0
33444d31c6dc,Design knowledge,A design theory for visual inquiry tools,10.17705/1jais.00617,2020,Journal of the Association for Information Systems,,True,pdfplumber,125128,88,10,True,15
95eee570b8f1,Design knowledge,Accumulating design knowledge: A mechanisms-based approach,10.17705/1jais.00619,2020,Journal of the Association for Information Systems,,True,pdfplumber,85818,59,10,False,0
cda6c6785f0a,Design knowledge,The design of social drones: a review of studies on autonomous flyers in inhabited environments,10.1145/3290605.3300480,,CHI '19: Proceedings of the 2019 CHI Conference on Human Factors in Computing Systems,,False,,0,0,0,False,0
ddf4ea43a777,Design knowledge,Adaptation of Toulmin‚Äôs Model of Argumentation for Establishing Rigour and Relevance in Design Research,10.1007/978-981-13-5974-3_1,,"Research into Design for a Connected World. Proceedings of ICoRD 2019. Smart Innovation, Systems and Technologies (SIST 134)",,False,,0,0,0,False,0
d6b2bf339ae4,Design knowledge,"Co-producing, curating, and defining design knowledge in an online practitioner community",10.1080/15710882.2018.1563193,,CoDesign,,False,,0,0,0,False,0
114973fd100e,Design knowledge,Identification and management of the near-field knowledge of industrial design for innovative product shapes,10.1177/1687814018816574,,Advances in Mechanical Engineering,,True,pdfplumber,26900,21,10,False,0
9d158233f041,Design knowledge,Guidelines supporting the formulation of design principles,10.5130/acis2018.ak,2018,ACIS 2018 - 29th Australasian Conference on Information Systems,,False,,0,0,0,False,0
e7091fbecdfa,Design knowledge,"Utilizing, Producing, and Contributing Design Knowledge in DSR Projects",10.1007/978-3-319-91800-6_6,,"Designing for a Digital and Globalized World. 13th International Conference, DESRIST 2018. Proceedings: LNCS 10844",,False,,0,0,0,False,0
c90163fa7f57,Design knowledge,A new model to express and capture the design rationale in the documents,10.1051/matecconf/201713900016,,MATEC Web of Conferences,,True,pdfplumber,18223,12,10,False,0
ade78c466271,Design knowledge,Revised set of usability heuristics for the evaluation of interactive systems,10.12948/issn14531305/21.3.2017.03,,Informatica Economica,,True,pdfplumber,24833,18,8,False,0
fffe50e033fa,Design knowledge,Activity as the ultimate particular of interaction design,10.1145/3025453.3025990,2017,Conference on Human Factors in Computing Systems - Proceedings,,True,pdfplumber,57597,38,10,True,2
7c4d2eb91f51,Design knowledge,Using a Visual Abstract as a Lens for Communicating and Promoting Design Science Research in Software Engineering,10.1109/ESEM.2017.28,2017,International Symposium on Empirical Software Engineering and Measurement,,True,pdfplumber,39607,22,10,False,0
7f559689c730,Design knowledge,Strong Technology-Enhanced Learning Concepts,10.1007/978-3-319-66610-5_42,,"Data Driven Approaches in Digital Education. 12th European Conference on Technology Enhanced Learning, EC-TEL 2017. Proceedings: LNCS 10474",,False,,0,0,0,False,0
03adadfa0ad4,Design knowledge,"Design Principles: Literature Review, Analysis, and Future Directions",10.1115/1.4034105,,Journal of Mechanical Design,,False,,0,0,0,False,0
1b8c995dfc43,Design knowledge,Seven design frames that teachers use when considering technological pedagogical content knowledge (TPACK),10.1016/j.compedu.2016.09.003,,Computers & Education,,False,,0,0,0,False,0
b0fe7e080516,Design knowledge,Design knowledge representation: An ontological perspective,,2015,CEUR Workshop Proceedings,,False,,0,0,0,False,0
e958310acab5,Design knowledge,"Prescriptive knowledge in IS research: Conceptualizing design principles in terms of materiality, action, and boundary conditions",10.1109/HICSS.2015.485,2015,Proceedings of the Annual Hawaii International Conference on System Sciences,,True,pdfplumber,52663,35,10,False,0
1c7fa3f7d73a,Design knowledge,A theoretical framework for the studio as a learning environment,10.1007/s10798-011-9181-5,2013,International Journal of Technology and Design Education,,True,pdfplumber,58614,43,10,False,0
c0efa7750b45,Design knowledge,Forms of reasoning in the design science research process,10.1007/978-3-642-20633-7_2,2011,Lecture Notes in Computer Science (including subseries Lecture Notes in Artificial Intelligence and Lecture Notes in Bioinformatics),,False,,0,0,0,False,0
a883ec94b37a,Design knowledge,Causal design knowledge: Alternative representation method for product development knowledge management,10.1016/j.cad.2011.05.005,,Computer Aided Design,,False,,0,0,0,False,0
92fb23753506,Design knowledge,Statues and progress of research on users' tacit knowledge in product design,,2010,"Jisuanji Jicheng Zhizao Xitong/Computer Integrated Manufacturing Systems, CIMS",,False,,0,0,0,False,0
b256aafa902e,Design knowledge,A Multi-Grounded Design Research Process,,,"Global Perspectives on Design Science Research. Proceedings 5th International Conference, DESRIST 2010",,False,,0,0,0,False,0
6e7959c82d5f,Design knowledge,The anatomy of HCI design patterns,10.1109/ComputationWorld.2009.45,2009,"Computation World: Future Computing, Service Computation, Adaptive, Content, Cognitive, Patterns, ComputationWorld 2009",,True,pdfplumber,24104,16,10,False,0
2a3139d14895,Design knowledge,What is design knowledge from the viewpoint of CPM/PDD?,,2008,"Proceedings DESIGN 2008, the 10th International Design Conference",,False,,0,0,0,False,0
76d309f713b9,Design knowledge,How industrial design knowledge differs from engineering design knowledge,,2008,"DS 46: Proceedings of E and PDE 2008, the 10th International Conference on Engineering and Product Design Education",,False,,0,0,0,False,0
6b9f020cd024,Design knowledge,Design knowledge for decision-making process in a DFX product design approach,10.1007/978-1-84800-239-5_13,2008,Global Design to Gain a Competitive Edge: An Holistic and Collaborative Design Approach Based on Computational Tools,,False,,0,0,0,False,0
7b15d81000db,Design knowledge,The anatomy of a design theory,10.17705/1jais.00129,2007,Journal of the Association for Information Systems,,True,pdfplumber,48928,34,10,False,0
86c052a239d1,Design knowledge,Towards a formal definition of design and its possible applications,,2007,DESRIST 2007 Conference Proceedings - 2nd International Conference on Design Science Research in Information Systems and Technology,,False,,0,0,0,False,0
817a6d8c927b,Design knowledge,KNOWLEDGE REPRESENTATION IN THE CONCEPTUAL DESIGN PROCESS FOR BUILDING ENERGY SYSTEMS.,10.1007/978-3-662-21626-2_97,1986,,,False,,0,0,0,False,0
fe2d6cd3e881,Design knowledge,Design knowledge: theory is support of practice,10.1080/09544829008901646,,Journal of Engineering Design,,False,,0,0,0,False,0
e8a17b6120e4,Design knowledge,Designing as reflective conversation with the materials of a design situation,10.1016/0950-7051(92)90020-G,,Knowledge-Based Systems,,False,,0,0,0,False,0
5000c5049cbd,Design knowledge,Learning design knowledge as generalization,,1998,Cybernetics and Systems,,False,,0,0,0,False,0
37f353dbe230,Design knowledge,Managing design knowledge,,,Proceedings of the IASTED International Conference Intelligent Systems and Control,,False,,0,0,0,False,0
18d57211cb40,Design knowledge,Object oriented design knowledge: ontology and measurement of impact,,,"Object-Oriented Information Systems. 8th International Conference, OOIS 2002. Proceedings (Lecture Notes in Computer Science Vol.2425)",,False,,0,0,0,False,0
1401e17184c0,Design knowledge,Software creation: cliche as intermediate knowledge in software design,,,IEICE Transactions on Information and Systems,,False,,0,0,0,False,0
fc4c2b9d38d7,Design knowledge,A framework for supporting architecture knowledge and rationale management,10.1007/978-3-540-30998-7_11,2006,Rationale Management in Software Engineering,,False,,0,0,0,False,0
495817cc9c25,Design knowledge,"Object-oriented design knowledge: Principles, heuristics and best practices",10.4018/978-1-59140-896-3,2006,"Object-Oriented Design Knowledge: Principles, Heuristics and Best Practices",,False,,0,0,0,False,0
a140a90ce7b9,Design knowledge,The object-oriented design knowledge ontology,10.4018/978-1-59140-896-3.ch002,2006,"Object-Oriented Design Knowledge: Principles, Heuristics and Best Practices",,False,,0,0,0,False,0
7e095752d24c,Design methods,Think-4-EmCoDe framework: Highlighting key qualities in embodied co-design techniques for children,10.1016/j.ijhcs.2023.103065,,International Journal of Human-Computer Studies,,True,pdfplumber,92810,62,10,False,0
60c69d24c5a3,Design methods,Evaluating the efficacy and effectiveness of design methods: A systematic review and assessment framework,10.1016/j.destud.2023.101204,2023,Design Studies,,False,,0,0,0,False,0
b5d968168f35,Design methods,A Framework of Design Method Corroboration,,2023,Proceedings of the Annual Hawaii International Conference on System Sciences,,False,,0,0,0,False,0
40a2d86cd488,Design methods,Elements of a design method - a basis for describing and evaluating design methods,10.1017/dsj.2022.23,,Design Science,,True,pdfplumber,70677,48,10,False,0
d330bde18c87,Design methods,Languaging design methods,10.1016/j.destud.2021.101076,,Design Studies,,False,,0,0,0,False,0
5ba50396ff25,Design methods,What is a Convention in Interactive Narrative Design?,10.1007/978-3-319-71027-3_29,,"Interactive Storytelling. 10th International Conference on Interactive Digital Storytelling, ICIDS 2017. Proceedings: LNCS 10690",,False,,0,0,0,False,0
dbf31702e533,Design methods,Patterns for living lab practice: describing key know-how to promote service co-creation with users,10.20965/ijat.2020.p0769,2020,International Journal of Automation Technology,,False,,0,0,0,False,0
49719118a4a0,Design methods,Progressive collapse of structures ‚Äì review and outlook,10.1201/9780429426506-364,2019,"Advances in Engineering Materials, Structures and Systems: Innovations, Mechanics and Applications - Proceedings of the 7th International Conference on Structural Engineering, Mechanics and Computation, 2019",,False,,0,0,0,False,0
4934044e5959,Design methods,Constraint management for concept ideation in conceptual design,10.1016/j.cirpj.2018.11.006,2019,CIRP Journal of Manufacturing Science and Technology,,False,,0,0,0,False,0
4a9c96b6c482,Design Patterns,Meta patternsma means for capturing the essentials of reusable object-oriented design,,1994,Lecture Notes in Computer Science (including subseries Lecture Notes in Artificial Intelligence and Lecture Notes in Bioinformatics),,False,,0,0,0,False,0
2b7b4d1ed27a,Design Patterns,Using design patterns: elements of reusable architectures,,,OOP '95. Conference Proceedings,,False,,0,0,0,False,0
b967c3a334ff,Design Patterns,Industrial experience with design patterns,,1995,Proceedings - International Conference on Software Engineering,,False,,0,0,0,False,0
774e05395765,Design Patterns,Understanding and using patterns in software development,10.1002/(SICI)1096-9942(1996)2:13.0.CO;2-%23,1996,Theory and Practice of Object Systems,,False,,0,0,0,False,0
da5dd15cd345,Design Patterns,A functional theory of design patterns,,,IJCAI-97. Proceedings of the Fifteenth International Joint Conference on Artificial Intelligence,,False,,0,0,0,False,0
f1a4dde3d156,Design Patterns,Catalogue of general-purpose software design patterns,,1997,"Proceedings of the Conference on Technology of Object-Oriented Languages and Systems, TOOLS",,False,,0,0,0,False,0
4911e795230f,Design Patterns,Implementing patterns,,,C++ Report,,False,,0,0,0,False,0
d56cd856926c,Design Patterns,Pedagogical patterns: picking up the design patterns approach,,,Object Expert,,False,,0,0,0,False,0
40848ec101fc,Design Patterns,Design pattern in object-oriented technology,,,Mini-Micro Systems,,False,,0,0,0,False,0
b458715f3f4e,Design Patterns,AntiPatterns,,,Dr. Dobb's Journal,,False,,0,0,0,False,0
001fdbe8c5a1,Design Patterns,Giving ‚Äúthe quality‚Äù a name: precise specification of design patterns‚àía second look at the manuscripts,,,JOOP,,False,,0,0,0,False,0
bc6d0afdec8f,Design Patterns,Design patterns for component-oriented software development,10.1109/EURMIC.1999.794784,1999,Conference Proceedings of the EUROMICRO,,True,pdfplumber,36249,24,8,False,0
b9f64070ed9a,Design Patterns,‚ÄúModeling-by-Patterns‚Äù of Web applications,,,"Advances in Conceptual Modeling. ER'99 Workshop on Evolution and Change in Data Management, Reverse Engineering in Information Systems, and the World Wide Web and Conceptual Modeling. Proceedings (Lecture Notes in Computer Science Vol.1727)",,False,,0,0,0,False,0
87b61e77d082,Design Patterns,Analysis patterns,10.1007/3-540-44411-4_9,2000,Lecture Notes in Computer Science (including subseries Lecture Notes in Artificial Intelligence and Lecture Notes in Bioinformatics),,False,,0,0,0,False,0
953ab6888562,Design Patterns,Analysis patterns,,,SOFSEM 2000: Theory and Practice of Informatics. 27th Conference on Current Trends in Theory and Practice of Informatics. Proceedings (Lecture Notes in Computer Science Vol.1963),,False,,0,0,0,False,0
a0d1057f0acb,Design Patterns,Pattern approach to interaction design,,2000,"Proceedings of the Conference on Designing Interactive Systems: Processes, Practices, Methods, and Techniques, DIS",,False,,0,0,0,False,0
242644458c6e,Design Patterns,A pattern approach to interaction design,10.1007/bf01206115,2001,AI and Society,,True,pdfplumber,2758,3,2,False,0
4fb2c242dfee,Design Patterns,Coupling of design patterns: common practices and their benefits,10.1109/CMPSAC.2001.960670,,25th Annual International Computer Software and Applications Conference. COMPSAC 2001,,True,pdfplumber,21619,15,10,False,0
677c4dc89d1d,Design Patterns,Elemental design patterns: A formal semantics for composition of OO software architecture,10.1109/SEW.2002.1199472,2003,"Proceedings - 27th Annual NASA Goddard / IEEE Software Engineering Workshop, SEW 2002",,True,pdfplumber,31238,22,10,False,0
1151f6830f77,Design Patterns,Design patterns in intelligent systems,,,"Foundations of Intelligent Systems. 14th International Symposium, ISMIS 2003. Proceedings (Lecture Notes in Artificial Intelligence Vol.2871)",,False,,0,0,0,False,0
a3bc8ece9d73,Design Patterns,Use of design patterns in analogy-based design,10.1016/j.aei.2004.09.003,,Advanced Engineering Informatics,,False,,0,0,0,False,0
098c9db1090d,Design Patterns,A semantic representation for domain-specific patterns,,,"Metainformatics. International Symposium, MIS 2004. Revised Selected Papers (Lecture Notes in Computer Science Vol. 3511)",,False,,0,0,0,False,0
287b2d823523,Design Patterns,Architecture pattern organization,,2004,"Proceedings of the International Conference on Software Engineering Research and Practice, SERP'04",,False,,0,0,0,False,0
99cc9d73669c,Design Patterns,Micro patterns in Java code,,2005,"Proceedings of the Conference on Object-Oriented Programming Systems, Languages, and Applications, OOPSLA",,False,,0,0,0,False,0
5cc118253cb0,Design Patterns,Design patterns for real-time distributed system,,2006,"Proceedings of the ISCA 15th International Conference on Software Engineering and Data Engineering, SEDE 2006",,False,,0,0,0,False,0
498a6aa649eb,Design Patterns,Service engineering design patterns,,,2006 2nd IEEE International Symposium on Service-oriented System Engineering,,False,,0,0,0,False,0
c7afdd089fdd,Design Patterns,Toward patterns for collaborative knowledge creation,,2007,Lecture Notes in Computer Science (including subseries Lecture Notes in Artificial Intelligence and Lecture Notes in Bioinformatics),,False,,0,0,0,False,0
a9303960f19a,Design Patterns,Abstraction in computer science,10.1007/s11023-007-9061-7,2007,Minds and Machines,,True,pdfplumber,47184,33,8,False,0
6f73a944b8d6,Design Patterns,Video collaboratories for research and education: An analysis of collaboration design patterns,10.1109/TLT.2009.5,2008,IEEE Transactions on Learning Technologies,,True,pdfplumber,57542,39,10,False,0
00fc3fcb374a,Design Patterns,Complex Operators: The Correspondence between the Visitor and Builder Design Patterns,,,Proceedings of the 2009 International Conference on Software Engineering Research & Practice. SERP 2009,,False,,0,0,0,False,0
2fdfe19e4493,Design Patterns,E-Business Design: A Shift to Adaptability,,,Proceedings of the International Conference on Wireless Information Networks and Systems,,False,,0,0,0,False,0
69560ebf92b1,Design Patterns,E-business design,,,Proceedings of the International Conference on e-Business,,False,,0,0,0,False,0
51099fe3fdce,Design Patterns,Making Sense of Design Patterns,10.1007/978-3-642-16438-5_23,2010,Lecture Notes in Computer Science,,False,,0,0,0,False,0
8393d36cff90,Design Patterns,An overview of human-computer interaction patterns in pervasive systems,10.1109/IUSER.2010.5716740,2010,"Proceedings - 2010 International Conference on User Science and Engineering, i-USEr 2010",,True,pdfplumber,33825,22,10,False,0
1445730be68b,Design principles,A problem-based approach to the advancement of heuristics for socio-technical evaluation,10.1080/0144929X.2021.1972157,,Behaviour & Information Technology,,False,,0,0,0,False,0
d893185b7873,Design principles,Introduction to Initial HCI Engineering Design Principles for Domestic Energy Planning and Control,10.1007/978-3-031-79215-1_2,,Toward Engineering Design Principles for HCI. Synthesis Lectures on Human-Centered Informatics,,False,,0,0,0,False,0
fee96194a322,Design principles,Personalising learning: towards a coherent learning design framework,10.1109/ICALT55010.2022.00030,,2022 International Conference on Advanced Learning Technologies (ICALT),,True,pdfplumber,17226,12,7,False,0
a0bac1579403,Design principles,Analysing adaptive gamification design principles for online courses,10.1080/0144929X.2020.1817559,,Behaviour & Information Technology,,False,,0,0,0,False,0
31bdafb1fc73,Design principles,Explainable Medical Imaging AI Needs Human-Centered Design: Guidelines and Evidence from a Systematic Review,,2021,arXiv,,False,,0,0,0,False,0
93bb03ac03b6,Design principles,Design principles for data analysis,,2021,arXiv,,False,,0,0,0,False,0
2ba0daf07e8e,Design principles,Engineering design principles as patterns of relationships in frame creation,10.1007/s00163-021-00362-z,,Research in Engineering Design,,True,pdfplumber,65903,45,10,True,8
83aa5bd0e6f8,Design principles,Designing Embodied Sonic Meditation,,2021,ICMC 2021 - Proceedings of the International Computer Music Conference 2021,,False,,0,0,0,False,0
1217bfc6316e,Design Procedures,Design research,,,Conference on electronics design,,False,,0,0,0,False,0
75731fe2e6d1,Design rationale,"Feature, specification and evidence framework for communicating design rationale",10.1017/dsj.2024.19,,Design Science,,True,pdfplumber,66118,48,10,False,0
a60240423604,Design rationale,"Reviewing the state-of-the-art design rationale definitions, representations and capabilities",10.1504/IJDE.2014.062377,,International Journal of Design Engineering,,False,,0,0,0,False,0
19c286f4e44f,Design rationale,Scientific design rationale,10.1017/S0890060408000243,2008,"Artificial Intelligence for Engineering Design, Analysis and Manufacturing: AIEDAM",,False,,0,0,0,False,0
40034332988c,Design rationale,Redesigning the rationale for design rationale,10.1007/978-3-540-73105-4_2,2007,Lecture Notes in Computer Science (including subseries Lecture Notes in Artificial Intelligence and Lecture Notes in Bioinformatics),,False,,0,0,0,False,0
9378ab34b041,Design rationale,Redesigning the rationale for design rationale,,,"Human-Computer Interaction - Interaction Design and Usability. Proceedings 12th International Conference, HCI International 2007",,False,,0,0,0,False,0
16b7f7939f93,Design rationale,Characterizing Design Rationales Using Computational Linguistics and Human Evaluations,10.1115/1.4069232,2025,Journal of Mechanical Design,,False,,0,0,0,False,0
0050f73e4373,Design rationale,Integrating different perspective on design rationale: Supporting the emergence of design rationale from design communication,,1997,"Artificial Intelligence for Engineering Design, Analysis and Manufacturing: AIEDAM",,False,,0,0,0,False,0
4c8bdfbd1309,Design rationale,Integrating different perspectives on design rationale: supporting the emergence of design rationale from design communication,10.1017/S089006040000192X,,"(AI EDAM) Artificial Intelligence for Engineering Design, Analysis and Manufacturing",,False,,0,0,0,False,0
866d8935b9e0,Design rationale,"Issues critical to the development of design history, design rationale and design intent systems",,1994,"American Society of Mechanical Engineers, Design Engineering Division (Publication) DE",,False,,0,0,0,False,0
7a42dd52852e,Design rationale,What's in design rationale?,,1991,Human-Computer Interaction,,False,,0,0,0,False,0
e875047efc35,Design rationale,Design rationale capture as knowledge acquisition: tradeoffs in the design of interactive tools,,,Machine Learning. Proceedings of the Eighth International Workshop on Machine Learning (ML91),,False,,0,0,0,False,0
6d339b25d458,Design rationale,Shared Mental Models for Collaborative Mechanical Design in Mechanical Engineering,10.4028/www.scientific.net/AMR.644.378,,Advanced Materials Research,,False,,0,0,0,False,0
edde6dc75b19,Design rationale,The language of design: Theory and computation,10.1007/978-1-84882-021-0,2009,The Language of Design: Theory and Computation,,False,,0,0,0,False,0
d5d39efbe945,Design rationale,Method rationale in method engineering,,,Proceedings of the 33rd Annual Hawaii International Conference on System Sciences,,False,,0,0,0,False,0
24bfa2182839,Design rationale,Designing claims for reuse in interactive systems design,10.1006/ijhc.1999.0245,,International Journal of Human-Computer Studies,,False,,0,0,0,False,0
2a22a314dcfb,Design Rules,Studying Software Architecture Through Design Spaces and Rules,,Nov-90,,,False,,0,0,0,False,0
8abe5ed83bac,Design theory,"DESIGN PROCESS: FRAMES, METAPHORS, AND GAMES.",,1983,,,False,,0,0,0,False,0
74beefd3ed50,Design theory,"The design process: frames, metaphors, and games",,,"Systems Design For, With and By the Users. Proceedings of the IFIP WG9.1 Working Conference",,False,,0,0,0,False,0
ec380d04cf61,Design theory,GENERAL DESIGN THEORY.,,1985,"Journal of the Faculty of Engineering, the University of Tokyo, Series A",,False,,0,0,0,False,0
a285258b5545,Design theory,Extended general design theory. I. Compactification of concept space,,,Journal of the Japan Society of Precision Engineering,,False,,0,0,0,False,0
057bbf472430,Design theory,Toward an Integrated Theory of Task Design,,Apr-86,,,False,,0,0,0,False,0
5ffd963397c9,Design theory,THEORY OF TECHNICAL SYSTEMS - PREREQUISITE TO DESIGN THEORY.,,1987,,,False,,0,0,0,False,0
4025e28730c1,Design theory,Conceptual foundations of design problem solving,10.1109/21.260655,,"IEEE Transactions on Systems, Man and Cybernetics",,True,pdfplumber,61478,40,10,False,0
f0eab2f851e8,Design theory,Design science‚àíthe need for a scientific basis for engineering design methodology,10.1080/09544829408907878,,Journal of Engineering Design,,False,,0,0,0,False,0
f652405808cb,Design theory,A Theory of Decision Support System Design for User Calibration,10.1287/isre.7.2.215,1996,Information Systems Research,,False,,0,0,0,False,0
4db508a9681a,Design theory,Philosophy of design: A meta-theoretical structure for design theory,10.1016/S0142-694X(99)00012-5,2000,Design Studies,,False,,0,0,0,False,0
f0dd2d28f3d2,Design theory,Research methods for design theory,10.1115/DETC2001/DTM-21694,2001,Proceedings of the ASME Design Engineering Technical Conference,,False,,0,0,0,False,0
c3005cf4cf75,Design theory,Design as interactions of problem framing and problem solving,,,ECAI 2002. 15th European Conference on Artificial Intelligence Proceedings,,False,,0,0,0,False,0
f56243f52335,Design theory,"Theory construction in design research Criteria: Approaches, and methods",10.1016/S0142-694X(03)00039-5,2003,Design Studies,,False,,0,0,0,False,0
804431d6f285,Design theory,Concepts and definitions for product recovery: Analysis and clarification of the terminology used in academia and industry,10.1007/1-4020-4617-0_8,2006,Innovation in Life Cycle Engineering and Sustainable Development,,False,,0,0,0,False,0
c0372ed4d123,Design theory,Web-based information systems: Developing a design theory,,2007,"Association for Information Systems - 13th Americas Conference on Information Systems, AMCIS 2007: Reaching New Heights",,False,,0,0,0,False,0
43fee329f83e,Design theory,Process design theory for digital information services,10.1007/978-3-540-78431-9_31,2008,Methods and Tools for Effective Knowledge Life-Cycle-Management,,True,pdfplumber,30036,22,10,False,0
9049c4d2bbec,Design theory,Towards a design theory of blended learning curriculum,10.1007/978-3-540-85170-7_6,,"Hybrid Learning and Education. First International Conference, ICHL 2008",,False,,0,0,0,False,0
0bca44c18d6c,Design theory,"Tinkering, tailoring, and bricolage: Implications for theories of Design",,2009,"15th Americas Conference on Information Systems 2009, AMCIS 2009",,False,,0,0,0,False,0
0ecb6c9b7eeb,Design theory,Pluralism in Knowledge Management: a Review,,,Electronic Journal of Knowledge Management,,False,,0,0,0,False,0
9f9f7295ec8c,Design theory,Affordance based design: a relational theory for design,10.1007/s00163-008-0060-3,,Research in Engineering Design,,True,pdfplumber,63936,46,10,False,0
b21a9b4cc5ef,Design theory,C-K design theory: an advanced formulation,10.1007/s00163-008-0043-4,,Research in Engineering Design,,True,pdfplumber,49123,32,10,False,0
0a130c0971e9,Design theory,Feedforward as an essential active principle of engagement in computer games,10.4018/978-1-61520-717-6.ch005,2010,Gaming and Cognition: Theories and Practice from the Learning Sciences,,False,,0,0,0,False,0
a1a2a51ae22e,Design theory,Incommensurability in design science: Which comes first-Theory or artefact?,10.22459/isf.12.2010.04,2010,Information Systems Foundations: The Role of Design Science,,True,pdfplumber,32996,24,10,False,0
92fd41483399,Design theory,Design exemplars for synchronous e-learning: A design theory approach,10.1016/j.compedu.2010.02.025,,Computers & Education,,False,,0,0,0,False,0
75ffc50a1708,Design theory,Transformation design theory: A meta-analogical framework,10.1115/1.3470028,2010,Journal of Computing and Information Science in Engineering,,False,,0,0,0,False,0
103eb1a8586b,Design theory,Incommensurability and multi-paradigm grounding in design science research: Implications for creating knowledge,10.1007/978-3-642-12113-5_2,2010,IFIP Advances in Information and Communication Technology,,False,,0,0,0,False,0
c9175ef9ebfe,Design theory,Management design theories,10.1007/978-3-642-12113-5_16,2010,IFIP Advances in Information and Communication Technology,,False,,0,0,0,False,0
1728dd2afe4b,Design theory,Design theory in practice ‚Äì Making design science research more transparent,10.1007/978-3-642-20633-7_4,2011,Lecture Notes in Computer Science (including subseries Lecture Notes in Artificial Intelligence and Lecture Notes in Bioinformatics),,False,,0,0,0,False,0
75f43821c56f,Design Guidelines,Towards a Model of Information Aesthetics in Information Visualization,10.1109/IV.2007.114,2007,,,True,pdfplumber,30250,21,10,False,0
b357bc5a3d3b,Design Guidelines,Towards Canonical Task Types for User Interface Design,10.1109/LA-WEB.2009.33,2009,,,True,pdfplumber,36361,22,5,False,0
b14f85b19a87,Design Guidelines,Design Study Methodology: Reflections from the Trenches and the Stacks,10.1109/TVCG.2012.213,2012,,,True,pdfplumber,66697,42,10,False,0
b841f16ac5b3,Design methods,Design methods for real time software,,1990,,,False,,0,0,0,False,0
721f009574ce,Design methods,On integration of interface design methods: Can debates be resolved?,10.1016/j.intcom.2005.11.008,2006,,,False,,0,0,0,False,0
c6e7060b0fa0,Design Patterns,LabelPatterns.org: A comprehensive pattern library for consumer-decision labels,10.1109/IPCC.2011.6087185,2011,,,True,pdfplumber,31407,21,10,False,0
7d99b05f405e,Design Patterns,Design Patterns for AI-based Systems: A Multivocal Literature Review and Pattern Repository,10.1109/CAIN58948.2023.00035,2023,,,True,pdfplumber,27417,20,10,False,0
c7ed46400a28,Design Patterns,Exploring the design space of composite visualization,10.1109/PacificVis.2012.6183556,2012,,,True,pdfplumber,42384,29,10,False,0
79abc1449981,Design Patterns,Thriving Systems Theory: An Emergent Information Systems Design Theory,10.1109/HICSS.2013.550,2013,,,True,pdfplumber,49929,32,10,False,0
a74bec243b7f,Design Patterns,Universal Structural-Semantic Model of Design Patterns,10.1109/IT67293.2026.11435724,2026,,,True,pdfplumber,40349,27,10,False,0
4e727e38805c,Design Patterns,"Visualization Atlases: Explaining and Exploring Complex Topics Through Data, Visualization, and Narration",10.1109/TVCG.2024.3456311,2025,,,True,pdfplumber,63607,42,10,False,0
42c66c187222,Design principles,Toward an effective approach to collaboration education: A taxonomy for game design,10.1109/GEM.2015.7377203,2015,,,True,pdfplumber,19008,13,1,False,0
44848ca19e31,Design principles,"Design Obligations for Software, with Examples from Data Abstraction and Adaptive Systems",10.1109/Designing66910.2025.00016,2025,,,True,pdfplumber,15995,11,5,False,0
b77e7d67555e,Design principles,USSF: A Unified Framework for Screen Standardization in Software Systems,10.1109/CIEES66347.2025.11300084,2025,,,True,pdfplumber,27384,19,9,False,0
ba03a17bc120,Design Rules,"The Good, the Bad, and the Ugly: A Theoretical Framework for the Assessment of Continuous Colormaps",10.1109/TVCG.2017.2743978,2018,,,True,pdfplumber,109630,69,10,False,0
56da61efca6b,Design theory,Transitional Theory,,2017,,,False,,0,0,0,False,0
5a973fb8ae6f,Design theory,ICT-Enabled Self-Management of Chronic Diseases: Literature Review and Analysis Using Value-Sensitive Design,10.1109/HICSS.2015.388,2015,,,True,pdfplumber,39952,27,10,False,0
554b27236356,Design theory,Technique Innovation,,2016,,,False,,0,0,0,False,0
8107b8d7a099,Design theory,Analyzing Initial Design Theory Components for Developing Information Security Laboratories,10.1109/CSP55486.2022.00015,2022,,,True,pdfplumber,218241,5,1,False,0
268903a30da5,Design frameworks,Systematic Review of Systemic Design Frameworks for Complex Challenges,,2025,Strategic Design Research Journal,https://www.semanticscholar.org/paper/0ad5afc83d67ef0110cda1d9f605336b53447b1a,False,,0,0,0,False,0
560be0c20de7,Design frameworks,"Designing for Trust, Progress, and Dignity: A Conceptual Framework for Reliability, Responsiveness, and Relational Quality in AI-Enabled Service Systems",,2026,Information,https://www.semanticscholar.org/paper/51493efcd757168bfe90566436e0982efe07bfd9,False,,0,0,0,False,0
1e7ab64c6cf9,Design frameworks,Commentary: Strength-based co-design that EMPOWERs ‚Äì Lessons from codesigning with older adults,,2023,Journal of Services Marketing,https://www.semanticscholar.org/paper/66872f88e4301696a2c140413d0072fc0e04dd88,False,,0,0,0,False,0
660ca24145b2,Design frameworks,The E-Design Assessment Tool: an evidence-informed approach towards a consistent terminology for quantifying online distance learning activities,,2019,Research in Learning Technology,https://www.semanticscholar.org/paper/b16b678f10cc89599644f2c85895dbff730b3569,False,,0,0,0,False,0
e09769771b82,Design frameworks,"The Experience, Dynamics and Artifacts Framework: Towards a Holistic Model for Designing Serious and Entertainment Games",,2021,2021 IEEE Conference on Games (CoG),https://www.semanticscholar.org/paper/c99ce43ca2809df3634eb95801e9f47fa335d56f,True,pdfplumber,40318,27,10,False,0
d0a17557440f,Design Guidelines,Avoiding virtual dystopia: A design theory for emancipatory participatory immersive platforms,,2025,Journal of strategic information systems,https://www.semanticscholar.org/paper/0118e4e235a32b2389d0a4caf0344774b888ca5c,False,,0,0,0,False,0
b077c606da41,Design Guidelines,Classification approach for hybrid components in mechanical engineering with a focus on additive manufacturing,,2021,,https://www.semanticscholar.org/paper/059e9cf8f5148cf9c2aa96430fa38ec930824191,False,,0,0,0,False,0
139a1e71d8dc,Design Guidelines,Separation of Modeling Principles and Design Principles in Enterprise Engineering,,2016,The Practice of Enterprise Modeling,https://www.semanticscholar.org/paper/05ace0f237feda9c4e4dd78cdc60b3dd91738543,False,,0,0,0,False,0
14dcaf15aa66,Design Guidelines,Terminologia kohtaa k√§ytett√§vyyden. Terminologisen k√§ytett√§vyyden ydint√§ rakentamassa,,2016,VAKKI Publications,https://www.semanticscholar.org/paper/11c6a0fa8fc166972194899f747f6bd2d3e40b34,True,pdfplumber,34970,24,2,False,0
48af90d5dfe7,Design Guidelines,Design Guidelines for Domain Specific Languages,,2014,arXiv.org,https://www.semanticscholar.org/paper/26640e6ab9ea74e28d9401eaf3f66a78a2ab19b7,False,,0,0,0,False,0
425cad2aba7c,Design Guidelines,Design Guidelines and Examples,,2022,Human-Centered AI,https://www.semanticscholar.org/paper/48814299c7a7b6cbb6072c1a2afd03eb0ab7b7b4,False,,0,0,0,False,0
2cceb8eaa8c9,Design Guidelines,Design Guidelines and Strategies for Interim Innovation,,2024,"Creativity, Innovation and Entrepreneurship",https://www.semanticscholar.org/paper/4ea3c5beca8287f43cdecca8c3ae507628cb8817,False,,0,0,0,False,0
0ef759265f23,Design Guidelines,The equitable use concept in sidewalk design,,2019,Cities,https://www.semanticscholar.org/paper/5a686e01a536a318c32f70e8b1eb114fd34c05de,False,,0,0,0,False,0
9020aa145571,Design Guidelines,A Process Framework for Designing Software Reference Architectures for Providing Tools as a Service,,2016,International Conference on Product Focused Software Process Improvement,https://www.semanticscholar.org/paper/67ea5b36bfc4ea94e7fb7aa36c54bef831deb69e,False,,0,0,0,False,0
866322a64dc5,Design Guidelines,Healthy Eating Design Guidelines for School Architecture,,2013,Preventing Chronic Disease,https://www.semanticscholar.org/paper/8cf045de91534b74094162cb036d8acb5a6c74c4,False,,0,0,0,False,0
ee0a5b26f6dc,Design Guidelines,Formalizing Visualization Design Knowledge as Constraints: Actionable and Extensible Models in Draco,,2018,IEEE Transactions on Visualization and Computer Graphics,https://www.semanticscholar.org/paper/8db0faf2764f8b578c5d702989d437ff8bea9f14,True,pdfplumber,141778,90,10,False,0
0176348439b8,Design Guidelines,A Comparative Study of Chinese and American Rural Design Guidelines,,2019,International Journal of Structural and Civil Engineering Research,https://www.semanticscholar.org/paper/af67c18e22e351362a73fa3cb1d997e238f8c3d7,False,,0,0,0,False,0
cb5bf6a78d8e,Design Guidelines,From surface realism to training considerations: a proposal for changing the focus in the design of training systems,,2020,Theoretical Issues in Ergonomics Science,https://www.semanticscholar.org/paper/ccf1364334d003c0962a2718b0cd994071ef0106,False,,0,0,0,False,0
0842498049c7,Design Guidelines,The Extended Likeability Framework: A Theoretical Framework for and a Practical Case of Designing Likeable Media Applications for Preschoolers,,2008,Adv. Hum. Comput. Interact.,https://www.semanticscholar.org/paper/e2837ac0465e8cea18f2ab5b2f9f12f874ddbe1f,False,,0,0,0,False,0
cb7daae2b94f,Design Guidelines,User Experience Design in Professional Map-Based Geo-Portals,,2013,ISPRS Int. J. Geo Inf.,https://www.semanticscholar.org/paper/f2125c2a28765c33506f17f80c8f8098c4408196,False,,0,0,0,False,0
c216cc01fe23,Design Guidelines,A Preliminary Proposal Towards Unambiguous Definitions for Modular Interfaces and Interactions,,2019,Proceedings of the Design Society,https://www.semanticscholar.org/paper/fac005c1d5ad4e966d06ca69426e26c52795b094,True,pdfplumber,31993,23,7,True,4
95202402b15a,Design Heuristics,Enhancing creativity with domain-specific design heuristics for digital product innovation,,2025,The Design Journal,https://www.semanticscholar.org/paper/247fef9f223d8fed6ecccf1329633c543a3dabbe,False,,0,0,0,False,0
17ad371dac5e,Design Heuristics,Rethinking User Interface and Experience Design: Heuristic Insights from Makeup and Stage Performance,,2026,Faculty of Natural and Applied Sciences Journal of Scientific Innovations,https://www.semanticscholar.org/paper/4d0f8a0b110ecdc8030a1cadf15717375d39d9b3,False,,0,0,0,False,0
ba2ae8bf282a,Design Heuristics,Design Heuristics: Extraction and Classification Methods With Jet Propulsion Laboratory's Architecture Team,,2019,Journal of Mechanical Design,https://www.semanticscholar.org/paper/ab12c1c5509ef1f29591aa494b4754491b42b8ee,False,,0,0,0,False,0
c6955d14d66c,Design Heuristics,Dialogue appropriate to assistive technology product design: A taxonomy of communication formats in relation to modes of sensory perception,,2017,,https://www.semanticscholar.org/paper/e3863795197b4a7168ac1c641588497ad18d3671,False,,0,0,0,False,0
a1ccc16dab98,Design knowledge,ANALYSIS OF DESIGN COMPETENCE OF FUTURE ENGINEER-TEACHERS,,2024,Problems of Engineering Pedagogic Education,https://www.semanticscholar.org/paper/15c3811ae940cd712a69146bed4bed2a119080d6,False,,0,0,0,False,0
8f065cfd18a4,Design knowledge,Pattern language: A framework for learning,,2004,European Journal of Operational Research,https://www.semanticscholar.org/paper/22ed7807be2712d6f37c6d4ad6b09ffb3525480e,False,,0,0,0,False,0
6aeae7ccf85b,Design knowledge,Toward a Framework for the Design of Interactive Technology for Nature Recreation,,2025,International journal of human computer interactions,https://www.semanticscholar.org/paper/27eb58f9f616fb54aae331fcbec9abdb5496f5e0,False,,0,0,0,False,0
af4a4237d98a,Design knowledge,Utilization of design principles for hybrid learning configurations by interprofessional design teams,,2017,,https://www.semanticscholar.org/paper/283b7871f4761ad84513199e4f22100232b20a4b,True,pdfplumber,59716,45,10,True,6
39fee30eb03c,Design knowledge,Cutting Cubes Out of Fog: The Whole View of Design,,2020,"She Ji: The Journal of Design, Economics and Innovation",https://www.semanticscholar.org/paper/435277a3e5471ed7631d518071836b93944925b0,False,,0,0,0,False,0
a707fd62833a,Design knowledge,Tracing the tensions surrounding understandings of agency and knowledge in technology design,,2019,Conference Proceedings of the Academy for Design Innovation Management,https://www.semanticscholar.org/paper/4acc5b8aa733c7fa82f49703473735aeb54c7095,False,,0,0,0,False,0
94bc88b88ae6,Design knowledge,Design knowledge in the artistic‚Äìaesthetic development and transformation of the world,,2019,MATEC Web of Conferences,https://www.semanticscholar.org/paper/4ed4e5d7bea333c04880c9e67cd730ee9463610f,True,pdfplumber,21767,14,9,False,0
dcbdeccbb96c,Design knowledge,Is there a specific type of knowledge associated with design?,,2002,Proceedings of DRS,https://www.semanticscholar.org/paper/51832372b50bbb3bb52d528c67d7b699133b0b02,False,,0,0,0,False,0
7f7baeb83bac,Design knowledge,A theoretical framework on embodiment in digital design,,2024,Journal of Design for Resilience in Architecture and Planning,https://www.semanticscholar.org/paper/999c3e425c176f6b5edd863d167d256744852b1e,False,,0,0,0,False,0
38f057747444,Design knowledge,Reusable design: A proposed approach to Public Health Informatics system design,,2011,BMC Public Health,https://www.semanticscholar.org/paper/9c8b1c67ac970533f6aee74d608749c545113cdd,False,,0,0,0,False,0
cc5e9fe45cc6,Design knowledge,A study of practice based design research models from knowledge integration perspective,,2019,,https://www.semanticscholar.org/paper/9f26e050d534e82159a5fa1af1f865603733aa49,False,,0,0,0,False,0
c5d4c66275a8,Design knowledge,Towards a Theory Driven Foundational Model for Design: Rethinking Requirement Elicitation for Special Needs,,2025,Digital Enterprise Computing,https://www.semanticscholar.org/paper/a02bcc09b09789ba51cd5bf0e57da568c03c8021,False,,0,0,0,False,0
53adec5acee6,Design knowledge,Mapping design knowledge: 36 years of Design Studies,,2016,,https://www.semanticscholar.org/paper/a749b4fe5ef70d2391f17102eab0671f5d3f3dc1,True,pdfplumber,34208,27,10,False,0
77b350f029e7,Design knowledge,A taxonomy and ontology for digital platforms,,2023,Information Systems,https://www.semanticscholar.org/paper/a9332bbc8582c4f0033949a3b7f7f447b5654b6b,False,,0,0,0,False,0
ef3a9300a2f3,Design knowledge,Developing a competency taxonomy for teacher design knowledge in technology-enhanced learning environments: a literature review,,2019,Research and Practice in Technology Enhanced Learning,https://www.semanticscholar.org/paper/b2c846608aefa5aa21c43b4819c02c7bcc295e5c,False,,0,0,0,False,0
2042efa7e455,Design knowledge,The DSR grid: six core dimensions for effectively planning and communicating design science research projects,,2019,Electronic Markets,https://www.semanticscholar.org/paper/b4891a8c14bc74a60e95cce3915a3efae59ff889,False,,0,0,0,False,0
fda0636dbea5,Design knowledge,Design Research: Aesthetic Epistemology and Explanatory Knowledge,,2017,,https://www.semanticscholar.org/paper/b8368428524409fb5ce01bc510bb3e1c79eff1b9,False,,0,0,0,False,0
29a8891f4c02,Design knowledge,The Need for Design Cases: Disseminating Design Knowledge,,2010,,https://www.semanticscholar.org/paper/b924e7e2da2b5dfae02528ebbb53b209e8077c32,True,pdfplumber,16550,11,10,False,0
c058d036363a,Design knowledge,What designers know,,2018,The Design Student‚Äôs Journey,https://www.semanticscholar.org/paper/c1f0c8baf4f3c8cddaae36f4100ec07bdde0e693,False,,0,0,0,False,0
00e42ae113b8,Design knowledge,Utilization of design principles for hybrid learning configurations by interprofessional design teams,,2016,Instructional Science,https://www.semanticscholar.org/paper/c789600c7369bddaf982676630fa98befecacde6,True,pdfplumber,59716,45,10,True,6
f02904f836be,Design methods,Universal Participatory Design: Achievements and Challenges,,2019,,https://www.semanticscholar.org/paper/06bb9a92fbf53b9d7a93c86acc244c380656fc1f,False,,0,0,0,False,0
714b3f6f8ac7,Design methods,Degrees of Interaction: Towards a Classification,,2011,Proceedings of the 29th International Conference on Education and Research in Computer Aided Architectural Design in Europe (eCAADe),https://www.semanticscholar.org/paper/0e9390e0acbae28af61e300fca19b7e400e6a211,False,,0,0,0,False,0
c825a5e5ab08,Design methods,Functional design framework for innovative design thinking in product development,,2020,,https://www.semanticscholar.org/paper/1af6479afed41181f7b7d7c315f80b691cb038f1,False,,0,0,0,False,0
878cf959ac53,Design methods,Designerly Research Methods and Researcherly Design Methods,,2020,,https://www.semanticscholar.org/paper/3c1e79eab204a59ccd27f91f5c60a8bc77fd660a,False,,0,0,0,False,0
9de0e13a7156,Design methods,Towards functional de novo designed proteins.,,2019,Current Opinion in Chemical Biology,https://www.semanticscholar.org/paper/4c8fc56c0f81ebbdc38feccc5c71e2ef2926cfba,False,,0,0,0,False,0
885a1eee70e3,Design methods,"The Design of Business Models: What, How and Why",,2024,Journal of Business Models,https://www.semanticscholar.org/paper/4ddeee32ce878180b4aa8e380f01a51103dc9b26,False,,0,0,0,False,0
da2bb1488305,Design methods,Rigor in MIS Survey Research: In Search of Ideal Survey Methodological Attributes,,2006,Journal of Computational Information Systems,https://www.semanticscholar.org/paper/56503943bd26382896ce79aa8996e559b19ad0cd,False,,0,0,0,False,0
95c2b3d44aff,Design methods,Multiple forms of applications and impacts of a design theory -ten years of industrial applications of C-K theory,,2016,,https://www.semanticscholar.org/paper/5975acb4d5d895ad651694e7ae4694f8abac61d2,True,pdfplumber,36478,29,10,False,0
799b06403189,Design methods,State of the Art on Robust Design Methods for Additive Manufacturing,,2020,Lecture Notes in Mechanical Engineering,https://www.semanticscholar.org/paper/5d5004424041e3ab71ae951f9013b54439ee2cf7,False,,0,0,0,False,0
03ce61847eb3,Design methods,Emotion Semantics Construction in Industrial Product Application,,2024,Spectrum of Art,https://www.semanticscholar.org/paper/6f02f16a16473889b3ceea6c87a753d0886a0bc5,False,,0,0,0,False,0
66218ff443f6,Design methods,Deliberated Evolution: Stalking the View Matcher in Design Space,,1996,Hum. Comput. Interact.,https://www.semanticscholar.org/paper/7396740affd17f5cc3db5d1a68c15af8c79cb17e,False,,0,0,0,False,0
76669ffc8981,Design methods,A Framework for Effective Virtual Commissioning: Guiding Principles for Seamless System Integration,,2024,Journal of Manufacturing and Materials Processing,https://www.semanticscholar.org/paper/97c9a4799592ce42d22539428acaa5f9ab544e51,False,,0,0,0,False,0
94347a49c12b,Design methods,Using System Dynamics to Construct Design Theory for Community Information Systems,,2007,Journal of Community Informatics,https://www.semanticscholar.org/paper/9898a05d24456f06fae80b2792799f42c78e97c2,False,,0,0,0,False,0
6e06768bb26b,Design methods,Design as Research in Landscape Architecture,,2020,Landscape Journal,https://www.semanticscholar.org/paper/9ccbde1f4c0beea16f19aefd301adc55e39d9928,False,,0,0,0,False,0
215d4603e3c7,Design methods,A case study of the extension of floorplan flexibility using sector margins,,2020,,https://www.semanticscholar.org/paper/9fc959bade7102e255548fbbb86b7e325126e9fd,False,,0,0,0,False,0
55dc4ef842a6,Design methods,IMPLEMENTATION OF THE BASIC PRINCIPLES OF FORMING THE ARCHITECTURE OF NON-FORMAL EDUCATION INSTITUTIONS,,2023,Urban development and spatial planning,https://www.semanticscholar.org/paper/a720f8dc5c42c3805e61cfc84c13f6d8f708404b,False,,0,0,0,False,0
ac2f5510db32,Design methods,Beyond geometric complexity: a critical review of complexity theory and how it relates to architecture engineering and construction,,2019,Architectural Science Review,https://www.semanticscholar.org/paper/b50cc2220c9a692e8c31e6465f08e7008ae10dbf,False,,0,0,0,False,0
8ade38cacb53,Design methods,Architectural Design Method of Architectural Engineering,,2016,JOURNAL OF ENGINEERING STUDIES,https://www.semanticscholar.org/paper/b60bd5a5811c98785d060b818ae48da7474ea5e7,False,,0,0,0,False,0
4592ed134f14,Design methods,The relation between brain-learning physiology and conceptualization methods in the design process of architecture students1,,2023,"Art, Design &amp; Communication in Higher Education",https://www.semanticscholar.org/paper/c5082819981d9c379c06ad40e4e00d558456836b,False,,0,0,0,False,0
5389fb1cc38b,Design methods,Elements of a design method ‚Äì a basis for describing and evaluating design methods,,2022,Design Science,https://www.semanticscholar.org/paper/c6983d646df77563eea8dc5d05abb895c9c8b87f,False,,0,0,0,False,0
9fbb38d67689,Design methods,Analysis of methods of creating new technical systems,,2023,Journal of Mechanical Engineering and Transport,https://www.semanticscholar.org/paper/cf5c6ebb3656965e5eb2a4543c370e0a41f32df1,False,,0,0,0,False,0
f47226c43979,Design methods,The Human-Centredness Metric: Early Assessment of the Quality of Human-Centred Design Activities,,2023,Applied Sciences,https://www.semanticscholar.org/paper/e5f6abe0431dd1e20d6c555a3cdf31e1a8d632e9,False,,0,0,0,False,0
f16832406221,Design methods,A Framework for Systemic Design,,2014,,https://www.semanticscholar.org/paper/e7cf73c02d6b1359d48322826cd202eb83161e7a,False,,0,0,0,False,0
1416cd2b88de,Design methods,Cross-disciplinary system value overview towards value-oriented design,,2023,Research in Engineering Design,https://www.semanticscholar.org/paper/e973cd46b42f3c987ddf80186b3d6c1ba79263b4,True,pdfplumber,84275,57,10,True,5
bee7b59885fa,Design methods,Adapting the FBS Model of Designing for Usage-Driven Innovation Processes,,2018,Volume 7: 30th International Conference on Design Theory and Methodology,https://www.semanticscholar.org/paper/eca62463fe663c3015618cf05fc19693f7cec6fa,False,,0,0,0,False,0
27b32c0d515d,Design methods,Advancing service design research with design science research,,2019,,https://www.semanticscholar.org/paper/f49d404b4031df752c7cb95c7b140dceff637616,False,,0,0,0,False,0
e9826a1c57b0,Design Patterns,In Search of Living Law: How Should We Design for (Digital) Legal Interaction?,,2024,Digital Society,https://www.semanticscholar.org/paper/1011c572d0207c2203619839525ce10850c028e4,False,,0,0,0,False,0
49d75437fd07,Design Patterns,A Framework for Design Patterns in TROPOS,,2003,Brazilian Symposium on Software Engineering,https://www.semanticscholar.org/paper/27c4d424b3d562fdc6dd87d6f06badce56f21ee7,True,pdfplumber,31969,25,7,False,0
3269f651fd9c,Design Patterns,"Designing AI-Enabled Engineering Courses: E-AIP Framework for Learning Outcomes, Process Evidence, and Integrity",,2025,Int. J. Eng. Pedagog.,https://www.semanticscholar.org/paper/2ab5c1476d21b2dedf95b4e208bae1ed432bf6b2,False,,0,0,0,False,0
9ddabd46988b,Design Patterns,Towards project communication management patterns,,2016,,https://www.semanticscholar.org/paper/32151fad667b576649833919a71f37d315c43c48,False,,0,0,0,False,0
e763873f823a,Design Patterns,Formalising design patterns,,1996,FME 1996,https://www.semanticscholar.org/paper/42d183baa4bedc79c05bc4e3d59a929ce9aab935,False,,0,0,0,False,0
3a87795ac48c,Design Patterns,Framework for Designing and Evaluating Game Achievements,,2011,DiGRA Conference,https://www.semanticscholar.org/paper/4de775e4ffb6e1457af1e816baaa8c99cc4a0def,False,,0,0,0,False,0
12029fe2805e,Design Patterns,ConsideracÃßoÃÉes sobre o pattern,,2016,,https://www.semanticscholar.org/paper/5dddc96892a4a3b6bc60a30ab697045d7da17b13,False,,0,0,0,False,0
1fda49b32463,Design Patterns,A Pattern-Oriented Approach to a Methodical Evaluation of Modeling Methods,,1996,Australasian Journal of Information Systems,https://www.semanticscholar.org/paper/5e199da79d0144ff9979ccc095e49b10504d7504,False,,0,0,0,False,0
0783409933b4,Design Patterns,A Two-Dimensional Framework for AI Agent Design Patterns: Cognitive Function and Execution Topology,,2026,,https://www.semanticscholar.org/paper/67855ed25bb27f6a2f8bae704fdd2d35c8891262,False,,0,0,0,False,0
09055cc69e8c,Design Patterns,A Theoretical Model for Game Mechanics: Bridging Design Practice and Education,,2025,European Conference on Games Based Learning,https://www.semanticscholar.org/paper/7f6e881f023b0fe5f2281893261c1c7df62ed203,False,,0,0,0,False,0
b42559e0a5d5,Design Patterns,ICT Systems Security and Privacy Protection,,2014,IFIP Advances in Information and Communication Technology,https://www.semanticscholar.org/paper/83a4fbd1050484c5a9c2242d844bef1cc34ac89c,False,,0,0,0,False,0
5a05967135ba,Design Patterns,Cross-cultural adaptation of¬†educational design patterns¬†at scale,,2024,Journal of Work-Applied Management,https://www.semanticscholar.org/paper/a289e650dcf66ee89360651d91afbb407cca0c77,False,,0,0,0,False,0
77ba97562fe7,Design Patterns,Teachers‚Äô Collaborative Pattern Language Design,,2018,,https://www.semanticscholar.org/paper/a61eca6d22ff2d451e296be24f69dcfa9aed96fd,False,,0,0,0,False,0
368e4036648e,Design Patterns,From Directional Stimuli to Prompt Architectures: Documenting the Practice of Meta-Prompting,,2026,Social Science Research Network,https://www.semanticscholar.org/paper/cc6622c7b5aec35fb3b4174aa730a28c6c5c0844,False,,0,0,0,False,0
ade4419d3095,Design Patterns,Hybrid modeling design patterns,,2023,Journal of Mathematics in Industry,https://www.semanticscholar.org/paper/d1798033cdc2d510fec08ea61044d91d10061c67,False,,0,0,0,False,0
35874d939f8d,Design Patterns,"Patterns, anticipation and participatory futures",,2020,arXiv.org,https://www.semanticscholar.org/paper/d906be0109cf9b217d62a8aff8e74aa2173985ee,False,,0,0,0,False,0
1744134ec197,Design Patterns,A pattern language for designing innovative projects: project design patterns,,2019,International Journal of Entrepreneurship and Small Business,https://www.semanticscholar.org/paper/ee386b03d67c8663f4dc586aa43dfd653f88cdef,False,,0,0,0,False,0
3524dd73bb30,Design Patterns,Design Patterns of Biological Cells,,2024,Bioessays,https://www.semanticscholar.org/paper/f26d25a6933311f0177bd3d7b18af01927b69ba8,False,,0,0,0,False,0
09e4195a775c,Design Patterns,BIOPHILIC DESIGN PATTERNS: Emerging Nature-Based Parameters for Health and Well-Being in the Built Environment,,2014,,https://www.semanticscholar.org/paper/f2f43cc85573cfe8f7a2770354fbea84c95e0f36,False,,0,0,0,False,0
4000c6073b5d,Design Patterns,Design Patterns and Design Principles for Internal Domain-Specific Languages,,2013,,https://www.semanticscholar.org/paper/f87e9b8e062bd9dbd0d055a23d6168ba5f260157,False,,0,0,0,False,0
6ea89aad84f6,Design Procedures,Development of Sustainable Integrated Design Framework for Stream Restoration,,2019,Sustainability,https://www.semanticscholar.org/paper/2d6d2d98a2743302a62da00967844cdc92ff28c4,False,,0,0,0,False,0
4567075d70b4,Design rationale,Making Argumentation Serve Design,,1996,Hum. Comput. Interact.,https://www.semanticscholar.org/paper/3030e27be928a7240a7e390ad8a09ba979d0cac9,False,,0,0,0,False,0
ab97fa9e6ec7,Design rationale,"""Argumentative Design Rationale and the Object-Oriented Development Process: better analysis, better design""",,2011,2006 Fall ASEE Middle Atlantic Section Conference Proceedings,https://www.semanticscholar.org/paper/40f61a83349d805ce7200a1424e4aa6df3e58313,False,,0,0,0,False,0
5c096c480387,Design Rules,User interfaces of information retrieval systems and user friendliness,,2013,Knji≈ænica,https://www.semanticscholar.org/paper/9aa514c3ca92faefeccdf83e91e0ddef127ac487,False,,0,0,0,False,0
43856ed76df1,Design Rules,Hybrid Prototyping: Pure Theory or a Practical Solution to Accelerating Prototyping Tasks?,,2019,Proceedings of the Design Society,https://www.semanticscholar.org/paper/9f9e2a02a0991265112e3a3b729389070bdb496f,False,,0,0,0,False,0
f941f0424e1a,Design Rules,"Design Rules, Volume 2: Chapter 6‚ÄîThe Value Structure of Technologies, Part 1: Mapping Functional Components",,2020,Social Science Research Network,https://www.semanticscholar.org/paper/abcbcc31184f047ab91479bf2dc56bd1a2def833,False,,0,0,0,False,0
cf2ee8097a06,Design Rules,"Design Rules, Volume 2: Chapter 4‚ÄîThe Mirroring Hypothesis: Linkages Inside and Across Transaction Free Zones",,2020,Social Science Research Network,https://www.semanticscholar.org/paper/b2acd9c3d6ff7edde932d69118071e11ebd21892,False,,0,0,0,False,0
1d033f71eb02,Design Rules,"Soft, Flexible, and Stretchable Platforms for Tissue‚ÄêInterfaced Bioelectronics",,2026,Advancement of science,https://www.semanticscholar.org/paper/c3374b7851bf707048b3359556ab8226b87eea9d,False,,0,0,0,False,0
892ad7622adf,Design Rules,"Modularity Design Rules for Architecture Development: Theory, Implementation, and Evidence from the Development of the Renault‚ÄìNissan Alliance ‚ÄúCommon Module Family‚Äù Architecture",,2018,"Journal of Open Innovation: Technology, Market and Complexity",https://www.semanticscholar.org/paper/f0c8dde0db23ccabc0cd5d3499399bdb253bdf5c,False,,0,0,0,False,0
6f114a6d29d1,Design Rules,Toward a Conceptualization of Organizational Modularity,,2019,"Advances in Logistics, Operations, and Management Science",https://www.semanticscholar.org/paper/fcc6161b8680d7a12b3a2153bdee6188488ffd1b,False,,0,0,0,False,0
2faef10b819d,Design theory,A design theory for software engineering,,2017,Information and Software Technology,https://www.semanticscholar.org/paper/01d6dabb554091dd3a9d65f13a80ead9b166bd79,False,,0,0,0,False,0
232abf4e9e91,Design theory,The Conceptual Design of Mechanical Products,,2022,Periodico,https://www.semanticscholar.org/paper/0397508218bbb477dc15863a74245d3c12b1eb0e,False,,0,0,0,False,0
64230bcb1202,Design theory,Chimera heuristics: Generative rational heuristics for the unknown from design theory,,2023,European Management Review,https://www.semanticscholar.org/paper/046e1e9a9fc6dc38b07293cd91dbc526b1db8743,False,,0,0,0,False,0
beaf258777e6,Design theory,What is the value of design theory?,,2025,Proceedings of the Design Society,https://www.semanticscholar.org/paper/0d7e7fd02d0d2f8d7ef7f2409b371e3896b739b8,True,pdfplumber,33066,23,10,False,0
02f3ae017acb,Design theory,Design Theory and Method of Complex Products: A Review,,2022,Chinese Journal of Mechanical Engineering,https://www.semanticscholar.org/paper/11b673bc049bd6075777c1697de805d195198e5b,False,,0,0,0,False,0
7fb79f6d2f73,Design theory,"PEDAGOGICAL DESIGN: CONCEPT, PRINCIPLES, MODELS",,2023,"–ú–ê–¢–ï–ú–ê–¢–ò–ö–ê–ù–´, –§–ò–ó–ò–ö–ê–ù–´ –ñ”ò–ù–ï –ò–ù–§–û–†–ú–ê–¢–ò–ö–ê–ù–´ –û“ö–´–¢–£–î–´“¢ ”®–ó–ï–ö–¢–Ü –ú”ò–°–ï–õ–ï–õ–ï–†–Ü",https://www.semanticscholar.org/paper/1a8fe4b63d8b32fd0df817839f391b3a8d909fb4,False,,0,0,0,False,0
c1db52f69aae,Design theory,Editorial: A Critical Look at Theories in Design Science Research,,2020,Journal of the AIS,https://www.semanticscholar.org/paper/2ded85743bbacd8b2e71f387fbcaaf83d269d8eb,False,,0,0,0,False,0
79d31b954d2a,Design theory,THE LOGICS OF DOUBLE PROOF IN PROOF OF CONCEPT: A DESIGN THEORY-BASED MODEL OF EXPERIMENTATION IN THE UNKNOWN,,2021,Proceedings of the Design Society,https://www.semanticscholar.org/paper/2f013a55be5284205856b2e343329e282bcbdb09,False,,0,0,0,False,0
d2fba2826d90,Design theory,Design Principles for Platform-Enabled Knowledge Commons with an Expository Instantiation,,2023,Journal of the AIS,https://www.semanticscholar.org/paper/3e67cd0d0c79603b5118e7a44b1153b4cd7553ad,False,,0,0,0,False,0
68bf6cd63875,Design theory,Design epistemology as innovation in public health research,,2020,,https://www.semanticscholar.org/paper/49d0d80cace9913bdeabbd7376508b67572245a8,False,,0,0,0,False,0
fd05a25a5e94,Design theory,Four Criteria for Design Theories,,2017,,https://www.semanticscholar.org/paper/4c0eb75439b4fdadc1743f7ff41d8e9adb2c7eb8,False,,0,0,0,False,0
50c94f5857d8,Design theory,Eight Components of a Design Theory of Sonification,,2019,Proceedings of the 25th International Conference on Auditory Display (ICAD 2019),https://www.semanticscholar.org/paper/5e41b7e4f9a1804f3369a8815558f7989daff1df,False,,0,0,0,False,0
85c3a6761bcc,Design theory,Designing Process Guidance Systems,,2019,Journal of the AIS,https://www.semanticscholar.org/paper/5e51d43088f2281205feb89ba8a66707f5498104,False,,0,0,0,False,0
d19f5f66d2ba,Design theory,A Survey of Definition and its Role in Strengthening Design Theory,,2010,Proceedings of DRS,https://www.semanticscholar.org/paper/66340bc794b9f491a7459ed19271054c66ec0735,False,,0,0,0,False,0
20f56bbbd10c,Design theory,2. Interstitial Design Processes: How Design Thinking and Social Design Processes Bridge Theory and Practice in TPC Pedagogy,,2020,"Effective Teaching of Technical Communication: Theory, Practice, and Application",https://www.semanticscholar.org/paper/6df8482c73b59f082fea220e6f8aebb62906723a,False,,0,0,0,False,0
ad8d60b9d2e6,Design theory,WAR GAMES CLASSIFICATION SYSTEMS,,2025,–ë–õ–ò–ó–ö–ò–Ø–¢ –ö–û–°–ú–û–° ‚Äì –û–ë–©–ê –¶–ï–õ,https://www.semanticscholar.org/paper/743559a4001fce97fd25fa318029682742e28f45,False,,0,0,0,False,0
c2c57ac5453e,Design theory,"Theory construction in design research. Criteria, approaches, and methods.",,2002,Proceedings of DRS,https://www.semanticscholar.org/paper/77be0017d3222a9d67af14b59218c4c05d5fd16a,False,,0,0,0,False,0
5b3b013c191d,Design theory,Towards a unified terminology for sonification and visualization,,2023,Personal and Ubiquitous Computing,https://www.semanticscholar.org/paper/79f758f21333f7a0a552329d1b8ad8cf8bfd0154,True,pdfplumber,52856,35,8,False,0
6ecb18a5b139,Design theory,TO THE PROBLEM OF FORMING THE CATEGORIAL AND CONCEPTUAL APPARATUS OF THE COURSE ‚ÄúHISTORY AND METHODOLOGY OF DESIGN DESIGN‚Äù,,2020,,https://www.semanticscholar.org/paper/7d824a6668b58b3a5799c88bdd089a659751a214,False,,0,0,0,False,0
3f7b5dc9fc40,Design theory,Concerning the Epistemology of Design: The Role of the Eco-Cognitive Model of Abduction in Pragmatism,,2023,Philosophies,https://www.semanticscholar.org/paper/7e135cc8cc3f2977f008136b33bf88e38576edcc,False,,0,0,0,False,0
6194ef223969,Design theory,A typology of Urban Design theories and its application to the shared body of knowledge,,2015,Urban Design International,https://www.semanticscholar.org/paper/89914fef1674939de30d51f67c4e54d2aee8e0dd,False,,0,0,0,False,0
83d1ebe7d6c0,Design theory,Design Theory in Information Systems,,2002,Australasian Journal of Information Systems,https://www.semanticscholar.org/paper/aa849c3dea50cd7496aac43c8aea0c53fc070505,False,,0,0,0,False,0
41443180c5b4,Design theory,"Service Ecosystem Design: Propositions, Process Model, and Future Research Agenda",,2020,Journal of services research,https://www.semanticscholar.org/paper/ac1bd39fb2c3e185247823c8a846c9829bb5ce27,False,,0,0,0,False,0
03fd54829f02,Design theory,Digisprudence: the design of legitimate code,,2020,"Law, Innovation and Technology",https://www.semanticscholar.org/paper/b7a97635870c5a15c94ff83c2036a3f4466ac1b3,False,,0,0,0,False,0
2c8a6e74557f,Design theory,"The tacit knowledge of entrepreneurial design: Interrelating theory, practice and prescription in entrepreneurship research",,2019,Journal of Business Venturing Insights,https://www.semanticscholar.org/paper/befeef12bbd0366a0c81034c7f964b82b76b220f,False,,0,0,0,False,0
141f85abba0a,Design theory,How to Define Design in Industrial Control and Automation Software,,2025,arXiv.org,https://www.semanticscholar.org/paper/cbb4104ae7d335b7082069b705d473ed76b53b60,False,,0,0,0,False,0
00781ed0e844,Design theory,Cognitive Point of View in Recursive Design,,2019,"She Ji: The Journal of Design, Economics and Innovation",https://www.semanticscholar.org/paper/cd9c2c3812ad8a7feccea4741cea6b98dd33a007,False,,0,0,0,False,0
66d4b9b36f31,Design theory,"SHEAFIFICATION AS A DESIGN TECHNIQUE FOR CREATIVE PRESERVATION ‚Äì PRINCIPLES, ILLUSTRATIONS, AND FIRST APPLICATIONS",,2023,Proceedings of the Design Society,https://www.semanticscholar.org/paper/d28da3cd68003e5f171ae5f7535602430cfc0ad5,False,,0,0,0,False,0
d250dc6eb9d9,Design theory,Systems Thinking and Design Thinking: The Search for Principles in the World We Are Making,,2019,"She Ji: The Journal of Design, Economics and Innovation",https://www.semanticscholar.org/paper/d64394099025a58afe7de86086203be82f736091,False,,0,0,0,False,0
af66a447ca7c,Design theory,Digital Panopticon: How Remote Work Monitoring Shapes Employee Behavior and Motivation,,2026,Businesses,https://www.semanticscholar.org/paper/dcae6e93cb73b5532913f20f88311ba7d2aabcc4,False,,0,0,0,False,0
288676f720a1,Design theory,A design theory for digital platforms supporting online communities: a multiple case study,,2015,Journal of Information and Technology,https://www.semanticscholar.org/paper/e0e64fb553b44ffc85c79f32f7fa53c7f7583af4,False,,0,0,0,False,0
056ae4e01610,Design theory,Beyond the old game design: a new design paradigm in Game Studies through C-K Theory,,2023,Digra,https://www.semanticscholar.org/paper/e2519811712840d36f7232cb309002293ed1ff8d,False,,0,0,0,False,0
363ca9685308,Design theory,Cognitive Architecture and Instructional Design: 20 Years Later,,2019,Educational Psychology Review,https://www.semanticscholar.org/paper/e28d73214751d51c3f46a867920be41c49c45130,False,,0,0,0,False,0
5b52ec143fa6,Design theory,The ECC Methodology for Architecture Design Theory and Practices Research,,2021,IOP Conference Series: Materials Science and Engineering,https://www.semanticscholar.org/paper/e2e838097c3370c8b6bf8c86a344609304d86bac,False,,0,0,0,False,0
67d72b35ce6b,Design theory,A nascent design theory for explainable intelligent systems,,2022,Electronic Markets,https://www.semanticscholar.org/paper/edb6c93255bbaa879f6d4af173a947a2026ed4c6,False,,0,0,0,False,0
0e02199ea150,Design theory,The Inspiration of Design Affairology to Hcd in Post Humanism Era,,2021,International Journal of Frontiers in Sociology,https://www.semanticscholar.org/paper/f10d15a36e1a2d6f31eb975c6a8223f94685740f,False,,0,0,0,False,0
91ac41f73380,Design theory,Knowing the Unknowable: Understanding and Measuring Design Impact Across Disciplines and Scale,,2021,,https://www.semanticscholar.org/paper/f8112d8b9e2da1801b40f5ecf119a41f9b7d6a78,False,,0,0,0,False,0
e47202a23273,Design theory,Toward a design theory of strategic enterprise management business intelligence (SEMBI) capability maturity model,,2023,Journal of Electronic Business &amp; Digital Economics,https://www.semanticscholar.org/paper/fd5b0d221b29d73fcc3b280b0b40943ee25dd98b,False,,0,0,0,False,0
1e8f1494fc78,Design theory,Collaboration Engineering Methodology: Horizontal Extension to Accommodate Project and Program Concerns,,2017,Hawaii International Conference on System Sciences,https://www.semanticscholar.org/paper/fe77a2730aafcb45ea2ce433da64b4122ef0b7ed,False,,0,0,0,False,0
