priority_rank,keyword,paper_id,year,title,authors,venue,doi,download_url,suggested_filename,manual_notes
1,Design knowledge,02381ea80183,,A design theory for data quality tools in data ecosystems: Findings from three industry cases,"Altendeitering, M. (1, 2); Guggenberger, T.M. (1, 2); MoÃàller, F. (1, 3)",Data & Knowledge Engineering,10.1016/j.datak.2024.102333,https://doi.org/10.1016/j.datak.2024.102333,1016.j.datak.2024.102333.pdf,download via DOI/publisher/library/VPN; save into /Users/baiyixin/Downloads/pdf_386
1,Design knowledge,6d926f3c4a97,2024,A domain reference ontology for design science research knowledge bases,"Piest, Jean Paul Sebastian (1); Jales de Oliviera, Victor Benoiston (2); de Alencar Silva, Patr√≠cio (2); Ricardo da Cunha, Manoel (2); van Sinderen, Marten (1)",CEUR Workshop Proceedings,,,A_domain_reference_ontology_for_design_science_research_knowledge_bases.pdf,download via DOI/publisher/library/VPN; save into /Users/baiyixin/Downloads/pdf_386
1,Design knowledge,fc4c2b9d38d7,2006,A framework for supporting architecture knowledge and rationale management,"Babar, Muhammad Ali (1); Gorton, Ian (1); Kitchenham, Barbara (1)",Rationale Management in Software Engineering,10.1007/978-3-540-30998-7_11,https://doi.org/10.1007/978-3-540-30998-7_11,1007.978-3-540-30998-7.11.pdf,download via DOI/publisher/library/VPN; save into /Users/baiyixin/Downloads/pdf_386
1,Design knowledge,b256aafa902e,,A Multi-Grounded Design Research Process,"Goldkuhl, G. (1); Lind, M. (2)","Global Perspectives on Design Science Research. Proceedings 5th International Conference, DESRIST 2010",,,A_Multi-Grounded_Design_Research_Process.pdf,download via DOI/publisher/library/VPN; save into /Users/baiyixin/Downloads/pdf_386
1,Design knowledge,cc5e9fe45cc6,2019,A study of practice based design research models from knowledge integration perspective,Honghai Li; Jun Cai,,,https://www.semanticscholar.org/paper/9f26e050d534e82159a5fa1af1f865603733aa49,A_study_of_practice_based_design_research_models_from_knowledge_integration_perspective.pdf,download via DOI/publisher/library/VPN; save into /Users/baiyixin/Downloads/pdf_386
1,Design knowledge,77b350f029e7,2023,A taxonomy and ontology for digital platforms,Thomas Derave; F. Gailly; T. P. Sales; G. Poels,Information Systems,,https://www.semanticscholar.org/paper/a9332bbc8582c4f0033949a3b7f7f447b5654b6b,A_taxonomy_and_ontology_for_digital_platforms.pdf,download via DOI/publisher/library/VPN; save into /Users/baiyixin/Downloads/pdf_386
1,Design knowledge,7f7baeb83bac,2024,A theoretical framework on embodiment in digital design,S. A≈üut; A. Erdem,Journal of Design for Resilience in Architecture and Planning,,https://www.semanticscholar.org/paper/999c3e425c176f6b5edd863d167d256744852b1e,A_theoretical_framework_on_embodiment_in_digital_design.pdf,download via DOI/publisher/library/VPN; save into /Users/baiyixin/Downloads/pdf_386
1,Design knowledge,07eb3166d706,,A Typology of Knowledge Creation in Design Science Research Projects,"Chatterjee, S. (1); Bhattacherjee, A. (2); Gilb, T. (3)","Design Science Research for a Resilient Future: 19th International Conference on Design Science Research in Information Systems and Technology, DESRIST 2024, Proceedings. Lecture Notes in Computer Science (14621)",10.1007/978-3-031-61175-9_10,https://doi.org/10.1007/978-3-031-61175-9_10,1007.978-3-031-61175-9.10.pdf,download via DOI/publisher/library/VPN; save into /Users/baiyixin/Downloads/pdf_386
1,Design knowledge,ddf4ea43a777,,Adaptation of Toulmin‚Äôs Model of Argumentation for Establishing Rigour and Relevance in Design Research,"Khambete, P. (1)","Research into Design for a Connected World. Proceedings of ICoRD 2019. Smart Innovation, Systems and Technologies (SIST 134)",10.1007/978-981-13-5974-3_1,https://doi.org/10.1007/978-981-13-5974-3_1,1007.978-981-13-5974-3.1.pdf,download via DOI/publisher/library/VPN; save into /Users/baiyixin/Downloads/pdf_386
1,Design knowledge,a1ccc16dab98,2024,ANALYSIS OF DESIGN COMPETENCE OF FUTURE ENGINEER-TEACHERS,N. Korolova; Y. Bilotserkivska; –û. Y. Mukhin,Problems of Engineering Pedagogic Education,,https://www.semanticscholar.org/paper/15c3811ae940cd712a69146bed4bed2a119080d6,ANALYSIS_OF_DESIGN_COMPETENCE_OF_FUTURE_ENGINEER-TEACHERS.pdf,download via DOI/publisher/library/VPN; save into /Users/baiyixin/Downloads/pdf_386
1,Design knowledge,a883ec94b37a,,Causal design knowledge: Alternative representation method for product development knowledge management,Kyoung-Yun Kim (1); Yun Seon Kim (1),Computer Aided Design,10.1016/j.cad.2011.05.005,https://doi.org/10.1016/j.cad.2011.05.005,1016.j.cad.2011.05.005.pdf,download via DOI/publisher/library/VPN; save into /Users/baiyixin/Downloads/pdf_386
1,Design knowledge,d6b2bf339ae4,,"Co-producing, curating, and defining design knowledge in an online practitioner community","Gray, C.M. (1); Kou, Y. (2)",CoDesign,10.1080/15710882.2018.1563193,https://doi.org/10.1080/15710882.2018.1563193,1080.15710882.2018.1563193.pdf,download via DOI/publisher/library/VPN; save into /Users/baiyixin/Downloads/pdf_386
1,Design knowledge,39fee30eb03c,2020,Cutting Cubes Out of Fog: The Whole View of Design,P. Whitney; Andr√© Nogueira,"She Ji: The Journal of Design, Economics and Innovation",,https://www.semanticscholar.org/paper/435277a3e5471ed7631d518071836b93944925b0,Cutting_Cubes_Out_of_Fog_The_Whole_View_of_Design.pdf,download via DOI/publisher/library/VPN; save into /Users/baiyixin/Downloads/pdf_386
1,Design knowledge,6b9f020cd024,2008,Design knowledge for decision-making process in a DFX product design approach,"Wang, Keqin (1); Roucoules, Lionel (2); Tong, Shurong (1); Eynard, Benoit (2); Matta, Nada (2)",Global Design to Gain a Competitive Edge: An Holistic and Collaborative Design Approach Based on Computational Tools,10.1007/978-1-84800-239-5_13,https://doi.org/10.1007/978-1-84800-239-5_13,1007.978-1-84800-239-5.13.pdf,download via DOI/publisher/library/VPN; save into /Users/baiyixin/Downloads/pdf_386
1,Design knowledge,b0fe7e080516,2015,Design knowledge representation: An ontological perspective,"Sanfilippo, Emilio M. (1, 2); Masolo, Claudio (1); Porello, Daniele (1)",CEUR Workshop Proceedings,,,Design_knowledge_representation_An_ontological_perspective.pdf,download via DOI/publisher/library/VPN; save into /Users/baiyixin/Downloads/pdf_386
1,Design knowledge,fe2d6cd3e881,,Design knowledge: theory is support of practice,"Hubka, V. (1); Eder, W.E.",Journal of Engineering Design,10.1080/09544829008901646,https://doi.org/10.1080/09544829008901646,1080.09544829008901646.pdf,download via DOI/publisher/library/VPN; save into /Users/baiyixin/Downloads/pdf_386
1,Design knowledge,3dbca777664c,,Design Principles for Boundary Spanning in Transdisciplinary Design Science Research,"MoÃàller, F. (1, 2); Chandra kruse, L. (3); Schoormann, T. (4); Otto, B. (1, 2)","The Transdisciplinary Reach of Design Science Research: 17th International Conference on Design Science Research in Information Systems and Technology, DESRIST 2022, Proceedings. Lecture Notes in Computer Science (13229)",10.1007/978-3-031-06516-3_4,https://doi.org/10.1007/978-3-031-06516-3_4,1007.978-3-031-06516-3.4.pdf,download via DOI/publisher/library/VPN; save into /Users/baiyixin/Downloads/pdf_386
1,Design knowledge,03adadfa0ad4,,"Design Principles: Literature Review, Analysis, and Future Directions","Fu, K.K. (1); Yang, M.C. (2); Wood, K.L. (3)",Journal of Mechanical Design,10.1115/1.4034105,https://doi.org/10.1115/1.4034105,1115.1.4034105.pdf,download via DOI/publisher/library/VPN; save into /Users/baiyixin/Downloads/pdf_386
1,Design knowledge,fda0636dbea5,2017,Design Research: Aesthetic Epistemology and Explanatory Knowledge,P. Murphy,,,https://www.semanticscholar.org/paper/b8368428524409fb5ce01bc510bb3e1c79eff1b9,Design_Research_Aesthetic_Epistemology_and_Explanatory_Knowledge.pdf,download via DOI/publisher/library/VPN; save into /Users/baiyixin/Downloads/pdf_386
1,Design knowledge,e8a17b6120e4,,Designing as reflective conversation with the materials of a design situation,"Schon, D.A. (1)",Knowledge-Based Systems,10.1016/0950-7051(92)90020-G,https://doi.org/10.1016/0950-7051(92)90020-G,1016.0950-7051(92)90020-g.pdf,download via DOI/publisher/library/VPN; save into /Users/baiyixin/Downloads/pdf_386
1,Design knowledge,ef3a9300a2f3,2019,Developing a competency taxonomy for teacher design knowledge in technology-enhanced learning environments: a literature review,Mi Song Kim,Research and Practice in Technology Enhanced Learning,,https://www.semanticscholar.org/paper/b2c846608aefa5aa21c43b4819c02c7bcc295e5c,Developing_a_competency_taxonomy_for_teacher_design_knowledge_in_technology-enhanced_learning_environments_a_literature_.pdf,download via DOI/publisher/library/VPN; save into /Users/baiyixin/Downloads/pdf_386
1,Design knowledge,9eda131748eb,,Engineering Design Principles for HCI as a Way Forward for HCI Design Knowledge,"Long, J. (1); Cummaford, S. (2); Stork, A. (3)","HCI Design Knowledge: Critique, Challenge, and a Way Forward. Synthesis Lectures on Human-Centered Informatics",10.1007/978-3-031-79209-0_10,https://doi.org/10.1007/978-3-031-79209-0_10,1007.978-3-031-79209-0.10.pdf,download via DOI/publisher/library/VPN; save into /Users/baiyixin/Downloads/pdf_386
1,Design knowledge,c0efa7750b45,2011,Forms of reasoning in the design science research process,"Fischer, Christian (1, 2); Gregor, Shirley (2)",Lecture Notes in Computer Science (including subseries Lecture Notes in Artificial Intelligence and Lecture Notes in Bioinformatics),10.1007/978-3-642-20633-7_2,https://doi.org/10.1007/978-3-642-20633-7_2,1007.978-3-642-20633-7.2.pdf,download via DOI/publisher/library/VPN; save into /Users/baiyixin/Downloads/pdf_386
1,Design knowledge,9d158233f041,2018,Guidelines supporting the formulation of design principles,"Cronholm, Stefan (1); G√∂bel, Hannes (1)",ACIS 2018 - 29th Australasian Conference on Information Systems,10.5130/acis2018.ak,https://doi.org/10.5130/acis2018.ak,5130.acis2018.ak.pdf,download via DOI/publisher/library/VPN; save into /Users/baiyixin/Downloads/pdf_386
1,Design knowledge,76d309f713b9,2008,How industrial design knowledge differs from engineering design knowledge,"W√∂lfel, Christian (1)","DS 46: Proceedings of E and PDE 2008, the 10th International Conference on Engineering and Product Design Education",,,How_industrial_design_knowledge_differs_from_engineering_design_knowledge.pdf,download via DOI/publisher/library/VPN; save into /Users/baiyixin/Downloads/pdf_386
1,Design knowledge,dcbdeccbb96c,2002,Is there a specific type of knowledge associated with design?,A. Purcell; K. S. Sodersten,Proceedings of DRS,,https://www.semanticscholar.org/paper/51832372b50bbb3bb52d528c67d7b699133b0b02,Is_there_a_specific_type_of_knowledge_associated_with_design.pdf,download via DOI/publisher/library/VPN; save into /Users/baiyixin/Downloads/pdf_386
1,Design knowledge,817a6d8c927b,1986,KNOWLEDGE REPRESENTATION IN THE CONCEPTUAL DESIGN PROCESS FOR BUILDING ENERGY SYSTEMS.,"Monaghan, Paul F. (1); Doheny, James G. (1)",,10.1007/978-3-662-21626-2_97,https://doi.org/10.1007/978-3-662-21626-2_97,1007.978-3-662-21626-2.97.pdf,download via DOI/publisher/library/VPN; save into /Users/baiyixin/Downloads/pdf_386
1,Design knowledge,5000c5049cbd,1998,Learning design knowledge as generalization,"Li, Heng (1); Wu, Xindong (1)",Cybernetics and Systems,,,Learning_design_knowledge_as_generalization.pdf,download via DOI/publisher/library/VPN; save into /Users/baiyixin/Downloads/pdf_386
1,Design knowledge,37f353dbe230,,Managing design knowledge,"Neelamkavil, J. (1)",Proceedings of the IASTED International Conference Intelligent Systems and Control,,,Managing_design_knowledge.pdf,download via DOI/publisher/library/VPN; save into /Users/baiyixin/Downloads/pdf_386
1,Design knowledge,18d57211cb40,,Object oriented design knowledge: ontology and measurement of impact,"Garzas, J. (1); Piattini, M.","Object-Oriented Information Systems. 8th International Conference, OOIS 2002. Proceedings (Lecture Notes in Computer Science Vol.2425)",,,Object_oriented_design_knowledge_ontology_and_measurement_of_impact.pdf,download via DOI/publisher/library/VPN; save into /Users/baiyixin/Downloads/pdf_386
1,Design knowledge,495817cc9c25,2006,"Object-oriented design knowledge: Principles, heuristics and best practices","Garz√°s, Javier (1); Piattini, Mario (2)","Object-Oriented Design Knowledge: Principles, Heuristics and Best Practices",10.4018/978-1-59140-896-3,https://doi.org/10.4018/978-1-59140-896-3,4018.978-1-59140-896-3.pdf,download via DOI/publisher/library/VPN; save into /Users/baiyixin/Downloads/pdf_386
1,Design knowledge,8f065cfd18a4,2004,Pattern language: A framework for learning,A. Jessop,European Journal of Operational Research,,https://www.semanticscholar.org/paper/22ed7807be2712d6f37c6d4ad6b09ffb3525480e,Pattern_language_A_framework_for_learning.pdf,download via DOI/publisher/library/VPN; save into /Users/baiyixin/Downloads/pdf_386
1,Design knowledge,38f057747444,2011,Reusable design: A proposed approach to Public Health Informatics system design,B. Reeder; Rebecca A. Hills; G. Demiris; D. Revere; Jamie Pina,BMC Public Health,,https://www.semanticscholar.org/paper/9c8b1c67ac970533f6aee74d608749c545113cdd,Reusable_design_A_proposed_approach_to_Public_Health_Informatics_system_design.pdf,download via DOI/publisher/library/VPN; save into /Users/baiyixin/Downloads/pdf_386
1,Design knowledge,1b8c995dfc43,,Seven design frames that teachers use when considering technological pedagogical content knowledge (TPACK),"Koh, J.H.L. (1); Ching Sing Chai (1)",Computers & Education,10.1016/j.compedu.2016.09.003,https://doi.org/10.1016/j.compedu.2016.09.003,1016.j.compedu.2016.09.003.pdf,download via DOI/publisher/library/VPN; save into /Users/baiyixin/Downloads/pdf_386
1,Design knowledge,78ea04e5eaee,,Socio-technical design principles for a multi-stakeholder agriculture extension information system in Ethiopia,"Atinaf, M. (1); Anteneh, S. (1); Kifle, M. (1)",Information Technology for Development,10.1080/02681102.2023.2279309,https://doi.org/10.1080/02681102.2023.2279309,1080.02681102.2023.2279309.pdf,download via DOI/publisher/library/VPN; save into /Users/baiyixin/Downloads/pdf_386
1,Design knowledge,1401e17184c0,,Software creation: cliche as intermediate knowledge in software design,"Abolhassani, H. (1); Hui Chen (1); Koono, Z. (1)",IEICE Transactions on Information and Systems,,,Software_creation_cliche_as_intermediate_knowledge_in_software_design.pdf,download via DOI/publisher/library/VPN; save into /Users/baiyixin/Downloads/pdf_386
1,Design knowledge,82f49b5a1905,2021,SOLUTION REPERTOIRE,"van Turnhout, Koen (1); Smits, Aletta (1)","Proceedings of the 23rd International Conference on Engineering and Product Design Education, E and PDE 2021",,,SOLUTION_REPERTOIRE.pdf,download via DOI/publisher/library/VPN; save into /Users/baiyixin/Downloads/pdf_386
1,Design knowledge,92fb23753506,2010,Statues and progress of research on users' tacit knowledge in product design,"Luo, Shi-Jian (1); Zhu, Shang-Shang (2); Ying, Fang-Tian (1); Zhang, Jin-Song (3)","Jisuanji Jicheng Zhizao Xitong/Computer Integrated Manufacturing Systems, CIMS",,,Statues_and_progress_of_research_on_users_tacit_knowledge_in_product_design.pdf,download via DOI/publisher/library/VPN; save into /Users/baiyixin/Downloads/pdf_386
1,Design knowledge,7f559689c730,,Strong Technology-Enhanced Learning Concepts,"Prieto, L.P. (1); Alavi, H. (2); Verma, H. (3)","Data Driven Approaches in Digital Education. 12th European Conference on Technology Enhanced Learning, EC-TEL 2017. Proceedings: LNCS 10474",10.1007/978-3-319-66610-5_42,https://doi.org/10.1007/978-3-319-66610-5_42,1007.978-3-319-66610-5.42.pdf,download via DOI/publisher/library/VPN; save into /Users/baiyixin/Downloads/pdf_386
1,Design knowledge,0b7e6111aa14,,Synthesizing a Solution Space for Prescriptive Design Knowledge Codification,"MoÃàller, F. (1); Hansen, M.R.P. (2); Schoormann, T. (3)",Scandinavian Journal of Information Systems,,,Synthesizing_a_Solution_Space_for_Prescriptive_Design_Knowledge_Codification.pdf,download via DOI/publisher/library/VPN; save into /Users/baiyixin/Downloads/pdf_386
1,Design knowledge,2042efa7e455,2019,The DSR grid: six core dimensions for effectively planning and communicating design science research projects,J. Brocke; A. Maedche,Electronic Markets,,https://www.semanticscholar.org/paper/b4891a8c14bc74a60e95cce3915a3efae59ff889,The_DSR_grid_six_core_dimensions_for_effectively_planning_and_communicating_design_science_research_projects.pdf,download via DOI/publisher/library/VPN; save into /Users/baiyixin/Downloads/pdf_386
1,Design knowledge,29a8891f4c02,2010,The Need for Design Cases: Disseminating Design Knowledge,E. Boling,,,https://www.semanticscholar.org/paper/b924e7e2da2b5dfae02528ebbb53b209e8077c32,The_Need_for_Design_Cases_Disseminating_Design_Knowledge.pdf,download via DOI/publisher/library/VPN; save into /Users/baiyixin/Downloads/pdf_386
1,Design knowledge,a140a90ce7b9,2006,The object-oriented design knowledge ontology,"Garz√°s, Javier (1); Piattini, Mario (2)","Object-Oriented Design Knowledge: Principles, Heuristics and Best Practices",10.4018/978-1-59140-896-3.ch002,https://doi.org/10.4018/978-1-59140-896-3.ch002,4018.978-1-59140-896-3.ch002.pdf,download via DOI/publisher/library/VPN; save into /Users/baiyixin/Downloads/pdf_386
1,Design knowledge,6aeae7ccf85b,2025,Toward a Framework for the Design of Interactive Technology for Nature Recreation,Michael D. Jones; Tuomas Kari; Daniel Reich; Barrett Ens; Siyi Liu; Solomon B. Pobee; F. Mueller,International journal of human computer interactions,,https://www.semanticscholar.org/paper/27eb58f9f616fb54aae331fcbec9abdb5496f5e0,Toward_a_Framework_for_the_Design_of_Interactive_Technology_for_Nature_Recreation.pdf,download via DOI/publisher/library/VPN; save into /Users/baiyixin/Downloads/pdf_386
1,Design knowledge,e8f4a7417bf7,,Toward a Method for Design Science Research Meta-Studies to Improve the Reusability of Design Principles,"Khosrawi-Rad, B. (1); Grogorick, L. (1); Strohmann, T. (1); Robra-Bissantz, S. (1)","Design Science Research for a Resilient Future: 19th International Conference on Design Science Research in Information Systems and Technology, DESRIST 2024, Proceedings. Lecture Notes in Computer Science (14621)",10.1007/978-3-031-61175-9_13,https://doi.org/10.1007/978-3-031-61175-9_13,1007.978-3-031-61175-9.13.pdf,download via DOI/publisher/library/VPN; save into /Users/baiyixin/Downloads/pdf_386
1,Design knowledge,364b7d9127ec,2022,Toward a Unified Model of Design Knowledge,"Thoring, Katja (1); Mueller, Roland M. (2); Desmet, Pieter (3); Badke-Schaub, Petra (4)",Design Issues,10.1162/desi_a_00679,https://doi.org/10.1162/desi_a_00679,1162.desi.a.00679.pdf,download via DOI/publisher/library/VPN; save into /Users/baiyixin/Downloads/pdf_386
1,Design knowledge,4effa8e553a8,2022,Toward Engineering Design Principles for HCI,"Long, John (1); Cummaford, Steve (2); Stork, Adam (3)",Synthesis Lectures on Human-Centered Informatics,10.2200/s01172ed1v02y202202hci055,https://doi.org/10.2200/s01172ed1v02y202202hci055,2200.s01172ed1v02y202202hci055.pdf,download via DOI/publisher/library/VPN; save into /Users/baiyixin/Downloads/pdf_386
1,Design knowledge,86c052a239d1,2007,Towards a formal definition of design and its possible applications,"Ralph, Paul (1); Wand, Yair (1)",DESRIST 2007 Conference Proceedings - 2nd International Conference on Design Science Research in Information Systems and Technology,,,Towards_a_formal_definition_of_design_and_its_possible_applications.pdf,download via DOI/publisher/library/VPN; save into /Users/baiyixin/Downloads/pdf_386
1,Design knowledge,5a716d80ac6b,,Towards a Method for Design Principle Development in Information Systems,"MoÃàller, F. (1); Guggenberger, T.M. (1); Otto, B. (1)","Designing for Digital Transformation. Co-Creating Services with Citizens and Industry. 15th International Conference on Design Science Research in Information Systems and Technology, DESRIST 2020. Proceedings. Lecture Notes in Computer Science (LNCS 12388)",10.1007/978-3-030-64823-7_20,https://doi.org/10.1007/978-3-030-64823-7_20,1007.978-3-030-64823-7.20.pdf,download via DOI/publisher/library/VPN; save into /Users/baiyixin/Downloads/pdf_386
1,Design knowledge,c5d4c66275a8,2025,Towards a Theory Driven Foundational Model for Design: Rethinking Requirement Elicitation for Special Needs,K. Venkatesh; Shakuntala Acharya; J. Allen; F. Mistree,Digital Enterprise Computing,,https://www.semanticscholar.org/paper/a02bcc09b09789ba51cd5bf0e57da568c03c8021,Towards_a_Theory_Driven_Foundational_Model_for_Design_Rethinking_Requirement_Elicitation_for_Special_Needs.pdf,download via DOI/publisher/library/VPN; save into /Users/baiyixin/Downloads/pdf_386
1,Design knowledge,a707fd62833a,2019,Tracing the tensions surrounding understandings of agency and knowledge in technology design,Ruth Neubauer; E. Bohemia; K. Harman,Conference Proceedings of the Academy for Design Innovation Management,,https://www.semanticscholar.org/paper/4acc5b8aa733c7fa82f49703473735aeb54c7095,Tracing_the_tensions_surrounding_understandings_of_agency_and_knowledge_in_technology_design.pdf,download via DOI/publisher/library/VPN; save into /Users/baiyixin/Downloads/pdf_386
1,Design knowledge,6391dee944e6,2026,Understanding What Design Research Is and Is NOT,"Gibson, Michael R. (1); Owens, Keith M. (1)",Navigating the Landscapes of Design Research: Finding your way,10.4324/9781003489108-4,https://doi.org/10.4324/9781003489108-4,4324.9781003489108-4.pdf,download via DOI/publisher/library/VPN; save into /Users/baiyixin/Downloads/pdf_386
1,Design knowledge,31314745e651,,Using Schema Theory to Construct the Designer's Knowledge Framework,"Guo, S. (1)","HCI International 2024 Posters: 26th International Conference on Human-Computer Interaction, HCII 2024, Proceedings. Communications in Computer and Information Science (2114)",10.1007/978-3-031-61932-8_4,https://doi.org/10.1007/978-3-031-61932-8_4,1007.978-3-031-61932-8.4.pdf,download via DOI/publisher/library/VPN; save into /Users/baiyixin/Downloads/pdf_386
1,Design knowledge,e7091fbecdfa,,"Utilizing, Producing, and Contributing Design Knowledge in DSR Projects","Drechsler, A. (1); Hevner, A.R. (2)","Designing for a Digital and Globalized World. 13th International Conference, DESRIST 2018. Proceedings: LNCS 10844",10.1007/978-3-319-91800-6_6,https://doi.org/10.1007/978-3-319-91800-6_6,1007.978-3-319-91800-6.6.pdf,download via DOI/publisher/library/VPN; save into /Users/baiyixin/Downloads/pdf_386
1,Design knowledge,c058d036363a,2018,What designers know,B. Lawson,The Design Student‚Äôs Journey,,https://www.semanticscholar.org/paper/c1f0c8baf4f3c8cddaae36f4100ec07bdde0e693,What_designers_know.pdf,download via DOI/publisher/library/VPN; save into /Users/baiyixin/Downloads/pdf_386
1,Design knowledge,2a3139d14895,2008,What is design knowledge from the viewpoint of CPM/PDD?,"Conrad, J. (1); K√∂hler, C. (1); Wanke, S. (1); Weber, C. (1)","Proceedings DESIGN 2008, the 10th International Design Conference",,,What_is_design_knowledge_from_the_viewpoint_of_CPM_PDD.pdf,download via DOI/publisher/library/VPN; save into /Users/baiyixin/Downloads/pdf_386
2,Design theory,20f56bbbd10c,2020,2. Interstitial Design Processes: How Design Thinking and Social Design Processes Bridge Theory and Practice in TPC Pedagogy,L. Lane,"Effective Teaching of Technical Communication: Theory, Practice, and Application",,https://www.semanticscholar.org/paper/6df8482c73b59f082fea220e6f8aebb62906723a,2._Interstitial_Design_Processes_How_Design_Thinking_and_Social_Design_Processes_Bridge_Theory_and_Practice_in_TPC_Pedag.pdf,download via DOI/publisher/library/VPN; save into /Users/baiyixin/Downloads/pdf_386
2,Design theory,288676f720a1,2015,A design theory for digital platforms supporting online communities: a multiple case study,P. Spagnoletti; A. Resca; Gwanhoo Lee,Journal of Information and Technology,,https://www.semanticscholar.org/paper/e0e64fb553b44ffc85c79f32f7fa53c7f7583af4,A_design_theory_for_digital_platforms_supporting_online_communities_a_multiple_case_study.pdf,download via DOI/publisher/library/VPN; save into /Users/baiyixin/Downloads/pdf_386
2,Design theory,2faef10b819d,2017,A design theory for software engineering,Jon G. Hall; L. Rapanotti,Information and Software Technology,,https://www.semanticscholar.org/paper/01d6dabb554091dd3a9d65f13a80ead9b166bd79,A_design_theory_for_software_engineering.pdf,download via DOI/publisher/library/VPN; save into /Users/baiyixin/Downloads/pdf_386
2,Design theory,67d72b35ce6b,2022,A nascent design theory for explainable intelligent systems,L. Herm; Th. Steinbach; Jonas Wanner; Christian Janiesch,Electronic Markets,,https://www.semanticscholar.org/paper/edb6c93255bbaa879f6d4af173a947a2026ed4c6,A_nascent_design_theory_for_explainable_intelligent_systems.pdf,download via DOI/publisher/library/VPN; save into /Users/baiyixin/Downloads/pdf_386
2,Design theory,d19f5f66d2ba,2010,A Survey of Definition and its Role in Strengthening Design Theory,Robert Andruchow,Proceedings of DRS,,https://www.semanticscholar.org/paper/66340bc794b9f491a7459ed19271054c66ec0735,A_Survey_of_Definition_and_its_Role_in_Strengthening_Design_Theory.pdf,download via DOI/publisher/library/VPN; save into /Users/baiyixin/Downloads/pdf_386
2,Design theory,f652405808cb,1996,A Theory of Decision Support System Design for User Calibration,"Kasper, George M. (1)",Information Systems Research,10.1287/isre.7.2.215,https://doi.org/10.1287/isre.7.2.215,1287.isre.7.2.215.pdf,download via DOI/publisher/library/VPN; save into /Users/baiyixin/Downloads/pdf_386
2,Design theory,6194ef223969,2015,A typology of Urban Design theories and its application to the shared body of knowledge,Hooman Foroughmand Araabi,Urban Design International,,https://www.semanticscholar.org/paper/89914fef1674939de30d51f67c4e54d2aee8e0dd,A_typology_of_Urban_Design_theories_and_its_application_to_the_shared_body_of_knowledge.pdf,download via DOI/publisher/library/VPN; save into /Users/baiyixin/Downloads/pdf_386
2,Design theory,056ae4e01610,2023,Beyond the old game design: a new design paradigm in Game Studies through C-K Theory,Enrique Perez,Digra,,https://www.semanticscholar.org/paper/e2519811712840d36f7232cb309002293ed1ff8d,Beyond_the_old_game_design_a_new_design_paradigm_in_Game_Studies_through_C-K_Theory.pdf,download via DOI/publisher/library/VPN; save into /Users/baiyixin/Downloads/pdf_386
2,Design theory,64230bcb1202,2023,Chimera heuristics: Generative rational heuristics for the unknown from design theory,Agathe Gilain; Pascal le Le Masson; B. Weil,European Management Review,,https://www.semanticscholar.org/paper/046e1e9a9fc6dc38b07293cd91dbc526b1db8743,Chimera_heuristics_Generative_rational_heuristics_for_the_unknown_from_design_theory.pdf,download via DOI/publisher/library/VPN; save into /Users/baiyixin/Downloads/pdf_386
2,Design theory,363ca9685308,2019,Cognitive Architecture and Instructional Design: 20 Years Later,J. Sweller; J. V. van Merri√´nboer; F. Paas,Educational Psychology Review,,https://www.semanticscholar.org/paper/e28d73214751d51c3f46a867920be41c49c45130,Cognitive_Architecture_and_Instructional_Design_20_Years_Later.pdf,download via DOI/publisher/library/VPN; save into /Users/baiyixin/Downloads/pdf_386
2,Design theory,00781ed0e844,2019,Cognitive Point of View in Recursive Design,Evan Barba,"She Ji: The Journal of Design, Economics and Innovation",,https://www.semanticscholar.org/paper/cd9c2c3812ad8a7feccea4741cea6b98dd33a007,Cognitive_Point_of_View_in_Recursive_Design.pdf,download via DOI/publisher/library/VPN; save into /Users/baiyixin/Downloads/pdf_386
2,Design theory,1e8f1494fc78,2017,Collaboration Engineering Methodology: Horizontal Extension to Accommodate Project and Program Concerns,Nils L. Randrup; R. Briggs,Hawaii International Conference on System Sciences,,https://www.semanticscholar.org/paper/fe77a2730aafcb45ea2ce433da64b4122ef0b7ed,Collaboration_Engineering_Methodology_Horizontal_Extension_to_Accommodate_Project_and_Program_Concerns.pdf,download via DOI/publisher/library/VPN; save into /Users/baiyixin/Downloads/pdf_386
2,Design theory,804431d6f285,2006,Concepts and definitions for product recovery: Analysis and clarification of the terminology used in academia and industry,"Lindahl, M. (1, 2); Sundin, E. (1, 2); √ñstlin, J. (1, 2); Bj√∂rkman, M. (1, 2)",Innovation in Life Cycle Engineering and Sustainable Development,10.1007/1-4020-4617-0_8,https://doi.org/10.1007/1-4020-4617-0_8,1007.1-4020-4617-0.8.pdf,download via DOI/publisher/library/VPN; save into /Users/baiyixin/Downloads/pdf_386
2,Design theory,3f7b5dc9fc40,2023,Concerning the Epistemology of Design: The Role of the Eco-Cognitive Model of Abduction in Pragmatism,Alger Sans Pinillos; A. Estany,Philosophies,,https://www.semanticscholar.org/paper/7e135cc8cc3f2977f008136b33bf88e38576edcc,Concerning_the_Epistemology_of_Design_The_Role_of_the_Eco-Cognitive_Model_of_Abduction_in_Pragmatism.pdf,download via DOI/publisher/library/VPN; save into /Users/baiyixin/Downloads/pdf_386
2,Design theory,c3005cf4cf75,,Design as interactions of problem framing and problem solving,"Dzbor, M. (1); Zdrahal, Z. (1)",ECAI 2002. 15th European Conference on Artificial Intelligence Proceedings,,,Design_as_interactions_of_problem_framing_and_problem_solving.pdf,download via DOI/publisher/library/VPN; save into /Users/baiyixin/Downloads/pdf_386
2,Design theory,68bf6cd63875,2020,Design epistemology as innovation in public health research,A. Estany,,,https://www.semanticscholar.org/paper/49d0d80cace9913bdeabbd7376508b67572245a8,Design_epistemology_as_innovation_in_public_health_research.pdf,download via DOI/publisher/library/VPN; save into /Users/baiyixin/Downloads/pdf_386
2,Design theory,92fd41483399,,Design exemplars for synchronous e-learning: A design theory approach,"Hrastinski, S. (1); Keller, C. (2); Carlsson, S.A. (3)",Computers & Education,10.1016/j.compedu.2010.02.025,https://doi.org/10.1016/j.compedu.2010.02.025,1016.j.compedu.2002.025.pdf,download via DOI/publisher/library/VPN; save into /Users/baiyixin/Downloads/pdf_386
2,Design theory,d2fba2826d90,2023,Design Principles for Platform-Enabled Knowledge Commons with an Expository Instantiation,M. Ramakrishnan; Shirley Gregor; Anup Shrestha; J. Soar,Journal of the AIS,,https://www.semanticscholar.org/paper/3e67cd0d0c79603b5118e7a44b1153b4cd7553ad,Design_Principles_for_Platform-Enabled_Knowledge_Commons_with_an_Expository_Instantiation.pdf,download via DOI/publisher/library/VPN; save into /Users/baiyixin/Downloads/pdf_386
2,Design theory,8abe5ed83bac,1983,"DESIGN PROCESS: FRAMES, METAPHORS, AND GAMES.","Lanzara, Giovan Francesco (1)",,,,DESIGN_PROCESS_FRAMES_METAPHORS_AND_GAMES.pdf,download via DOI/publisher/library/VPN; save into /Users/baiyixin/Downloads/pdf_386
2,Design theory,f0eab2f851e8,,Design science‚àíthe need for a scientific basis for engineering design methodology,"Beitz, W. (1)",Journal of Engineering Design,10.1080/09544829408907878,https://doi.org/10.1080/09544829408907878,1080.09544829408907878.pdf,download via DOI/publisher/library/VPN; save into /Users/baiyixin/Downloads/pdf_386
2,Design theory,02f3ae017acb,2022,Design Theory and Method of Complex Products: A Review,Chan Qiu; Jianrong Tan; Zhen-yu Liu; Haoyang Mao; Weifei Hu,Chinese Journal of Mechanical Engineering,,https://www.semanticscholar.org/paper/11b673bc049bd6075777c1697de805d195198e5b,Design_Theory_and_Method_of_Complex_Products_A_Review.pdf,download via DOI/publisher/library/VPN; save into /Users/baiyixin/Downloads/pdf_386
2,Design theory,83d1ebe7d6c0,2002,Design Theory in Information Systems,S. Gregor,Australasian Journal of Information Systems,,https://www.semanticscholar.org/paper/aa849c3dea50cd7496aac43c8aea0c53fc070505,Design_Theory_in_Information_Systems.pdf,download via DOI/publisher/library/VPN; save into /Users/baiyixin/Downloads/pdf_386
2,Design theory,1728dd2afe4b,2011,Design theory in practice ‚Äì Making design science research more transparent,"Piirainen, Kalle A. (1, 2); Briggs, Robert O. (3)",Lecture Notes in Computer Science (including subseries Lecture Notes in Artificial Intelligence and Lecture Notes in Bioinformatics),10.1007/978-3-642-20633-7_4,https://doi.org/10.1007/978-3-642-20633-7_4,1007.978-3-642-20633-7.4.pdf,download via DOI/publisher/library/VPN; save into /Users/baiyixin/Downloads/pdf_386
2,Design theory,85c3a6761bcc,2019,Designing Process Guidance Systems,Stefan Morana; Julia Kr√∂nung; A. Maedche; Silvia Schacht,Journal of the AIS,,https://www.semanticscholar.org/paper/5e51d43088f2281205feb89ba8a66707f5498104,Designing_Process_Guidance_Systems.pdf,download via DOI/publisher/library/VPN; save into /Users/baiyixin/Downloads/pdf_386
2,Design theory,03fd54829f02,2020,Digisprudence: the design of legitimate code,Laurence Diver,"Law, Innovation and Technology",,https://www.semanticscholar.org/paper/b7a97635870c5a15c94ff83c2036a3f4466ac1b3,Digisprudence_the_design_of_legitimate_code.pdf,download via DOI/publisher/library/VPN; save into /Users/baiyixin/Downloads/pdf_386
2,Design theory,af66a447ca7c,2026,Digital Panopticon: How Remote Work Monitoring Shapes Employee Behavior and Motivation,Aleksandar Nikodinovski; Darjan Karaba≈°eviƒá; Vuk Mirƒçetiƒá,Businesses,,https://www.semanticscholar.org/paper/dcae6e93cb73b5532913f20f88311ba7d2aabcc4,Digital_Panopticon_How_Remote_Work_Monitoring_Shapes_Employee_Behavior_and_Motivation.pdf,download via DOI/publisher/library/VPN; save into /Users/baiyixin/Downloads/pdf_386
2,Design theory,c1db52f69aae,2020,Editorial: A Critical Look at Theories in Design Science Research,J. Iivari,Journal of the AIS,,https://www.semanticscholar.org/paper/2ded85743bbacd8b2e71f387fbcaaf83d269d8eb,Editorial_A_Critical_Look_at_Theories_in_Design_Science_Research.pdf,download via DOI/publisher/library/VPN; save into /Users/baiyixin/Downloads/pdf_386
2,Design theory,50c94f5857d8,2019,Eight Components of a Design Theory of Sonification,M. Nees,Proceedings of the 25th International Conference on Auditory Display (ICAD 2019),,https://www.semanticscholar.org/paper/5e41b7e4f9a1804f3369a8815558f7989daff1df,Eight_Components_of_a_Design_Theory_of_Sonification.pdf,download via DOI/publisher/library/VPN; save into /Users/baiyixin/Downloads/pdf_386
2,Design theory,a285258b5545,,Extended general design theory. I. Compactification of concept space,"Tomiyama, T.; Yoshikawa, H.",Journal of the Japan Society of Precision Engineering,,,Extended_general_design_theory._I._Compactification_of_concept_space.pdf,download via DOI/publisher/library/VPN; save into /Users/baiyixin/Downloads/pdf_386
2,Design theory,0a130c0971e9,2010,Feedforward as an essential active principle of engagement in computer games,"Swan, Richard H. (1)",Gaming and Cognition: Theories and Practice from the Learning Sciences,10.4018/978-1-61520-717-6.ch005,https://doi.org/10.4018/978-1-61520-717-6.ch005,4018.978-1-61520-717-6.ch005.pdf,download via DOI/publisher/library/VPN; save into /Users/baiyixin/Downloads/pdf_386
2,Design theory,fd05a25a5e94,2017,Four Criteria for Design Theories,P. Hodges; Stan Ruecker; C. Scaletsky; Jaime Rivera; R. Faller; A. Geppert,,,https://www.semanticscholar.org/paper/4c0eb75439b4fdadc1743f7ff41d8e9adb2c7eb8,Four_Criteria_for_Design_Theories.pdf,download via DOI/publisher/library/VPN; save into /Users/baiyixin/Downloads/pdf_386
2,Design theory,ec380d04cf61,1985,GENERAL DESIGN THEORY.,"Yoshikawa, Hiroyuki (1); Tomiyama, Tetsuo (1); Kumazawa, Masami (1)","Journal of the Faculty of Engineering, the University of Tokyo, Series A",,,GENERAL_DESIGN_THEORY.pdf,download via DOI/publisher/library/VPN; save into /Users/baiyixin/Downloads/pdf_386
2,Design theory,141f85abba0a,2025,How to Define Design in Industrial Control and Automation Software,Aydin Homay,arXiv.org,,https://www.semanticscholar.org/paper/cbb4104ae7d335b7082069b705d473ed76b53b60,How_to_Define_Design_in_Industrial_Control_and_Automation_Software.pdf,download via DOI/publisher/library/VPN; save into /Users/baiyixin/Downloads/pdf_386
2,Design theory,103eb1a8586b,2010,Incommensurability and multi-paradigm grounding in design science research: Implications for creating knowledge,"Hovorka, Dirk S. (1)",IFIP Advances in Information and Communication Technology,10.1007/978-3-642-12113-5_2,https://doi.org/10.1007/978-3-642-12113-5_2,1007.978-3-642-12113-5.2.pdf,download via DOI/publisher/library/VPN; save into /Users/baiyixin/Downloads/pdf_386
2,Design theory,91ac41f73380,2021,Knowing the Unknowable: Understanding and Measuring Design Impact Across Disciplines and Scale,Ashreya M. Venkatesh; Arianne X. Collopy; G. Loo; K. Sng; Daniel D. Jensen; Kris Wood,,,https://www.semanticscholar.org/paper/f8112d8b9e2da1801b40f5ecf119a41f9b7d6a78,Knowing_the_Unknowable_Understanding_and_Measuring_Design_Impact_Across_Disciplines_and_Scale.pdf,download via DOI/publisher/library/VPN; save into /Users/baiyixin/Downloads/pdf_386
2,Design theory,c9175ef9ebfe,2010,Management design theories,"Pries-Heje, Jan (1); Baskerville, Richard L. (2)",IFIP Advances in Information and Communication Technology,10.1007/978-3-642-12113-5_16,https://doi.org/10.1007/978-3-642-12113-5_16,1007.978-3-642-12113-5.16.pdf,download via DOI/publisher/library/VPN; save into /Users/baiyixin/Downloads/pdf_386
2,Design theory,7fb79f6d2f73,2023,"PEDAGOGICAL DESIGN: CONCEPT, PRINCIPLES, MODELS",G.–ú. Ussainova; V. I. Kazarenkov,"–ú–ê–¢–ï–ú–ê–¢–ò–ö–ê–ù–´, –§–ò–ó–ò–ö–ê–ù–´ –ñ”ò–ù–ï –ò–ù–§–û–†–ú–ê–¢–ò–ö–ê–ù–´ –û“ö–´–¢–£–î–´“¢ ”®–ó–ï–ö–¢–Ü –ú”ò–°–ï–õ–ï–õ–ï–†–Ü",,https://www.semanticscholar.org/paper/1a8fe4b63d8b32fd0df817839f391b3a8d909fb4,PEDAGOGICAL_DESIGN_CONCEPT_PRINCIPLES_MODELS.pdf,download via DOI/publisher/library/VPN; save into /Users/baiyixin/Downloads/pdf_386
2,Design theory,4db508a9681a,2000,Philosophy of design: A meta-theoretical structure for design theory,"Love, Terence",Design Studies,10.1016/S0142-694X(99)00012-5,https://doi.org/10.1016/S0142-694X(99)00012-5,1016.s0142-694x(99)00012-5.pdf,download via DOI/publisher/library/VPN; save into /Users/baiyixin/Downloads/pdf_386
2,Design theory,0ecb6c9b7eeb,,Pluralism in Knowledge Management: a Review,"Sheffield, J. (1)",Electronic Journal of Knowledge Management,,,Pluralism_in_Knowledge_Management_a_Review.pdf,download via DOI/publisher/library/VPN; save into /Users/baiyixin/Downloads/pdf_386
2,Design theory,f0dd2d28f3d2,2001,Research methods for design theory,"Tate, Derrick (1); Nordlund, Mats (2)",Proceedings of the ASME Design Engineering Technical Conference,10.1115/DETC2001/DTM-21694,https://doi.org/10.1115/DETC2001/DTM-21694,1115.detc2001.dtm-21694.pdf,download via DOI/publisher/library/VPN; save into /Users/baiyixin/Downloads/pdf_386
2,Design theory,41443180c5b4,2020,"Service Ecosystem Design: Propositions, Process Model, and Future Research Agenda",J. Vink; Kaisa Koskela-Huotari; B. Tronvoll; B. Edvardsson; Katarina Wetter-Edman,Journal of services research,,https://www.semanticscholar.org/paper/ac1bd39fb2c3e185247823c8a846c9829bb5ce27,Service_Ecosystem_Design_Propositions_Process_Model_and_Future_Research_Agenda.pdf,download via DOI/publisher/library/VPN; save into /Users/baiyixin/Downloads/pdf_386
2,Design theory,66d4b9b36f31,2023,"SHEAFIFICATION AS A DESIGN TECHNIQUE FOR CREATIVE PRESERVATION ‚Äì PRINCIPLES, ILLUSTRATIONS, AND FIRST APPLICATIONS",P. le Masson; A. Hatchuel; B. Weil,Proceedings of the Design Society,,https://www.semanticscholar.org/paper/d28da3cd68003e5f171ae5f7535602430cfc0ad5,SHEAFIFICATION_AS_A_DESIGN_TECHNIQUE_FOR_CREATIVE_PRESERVATION_PRINCIPLES_ILLUSTRATIONS_AND_FIRST_APPLICATIONS.pdf,download via DOI/publisher/library/VPN; save into /Users/baiyixin/Downloads/pdf_386
2,Design theory,d250dc6eb9d9,2019,Systems Thinking and Design Thinking: The Search for Principles in the World We Are Making,Richard Buchanan,"She Ji: The Journal of Design, Economics and Innovation",,https://www.semanticscholar.org/paper/d64394099025a58afe7de86086203be82f736091,Systems_Thinking_and_Design_Thinking_The_Search_for_Principles_in_the_World_We_Are_Making.pdf,download via DOI/publisher/library/VPN; save into /Users/baiyixin/Downloads/pdf_386
2,Design theory,554b27236356,2016,Technique Innovation,D. Harhoff; K. R. Lakhani,,,,Technique_Innovation.pdf,download via DOI/publisher/library/VPN; save into /Users/baiyixin/Downloads/pdf_386
2,Design theory,232abf4e9e91,2022,The Conceptual Design of Mechanical Products,Ambrose Edward Irudayaraj; V. Anbumalar,Periodico,,https://www.semanticscholar.org/paper/0397508218bbb477dc15863a74245d3c12b1eb0e,The_Conceptual_Design_of_Mechanical_Products.pdf,download via DOI/publisher/library/VPN; save into /Users/baiyixin/Downloads/pdf_386
2,Design theory,74beefd3ed50,,"The design process: frames, metaphors, and games","Lanzara, G.F. (1)","Systems Design For, With and By the Users. Proceedings of the IFIP WG9.1 Working Conference",,,The_design_process_frames_metaphors_and_games.pdf,download via DOI/publisher/library/VPN; save into /Users/baiyixin/Downloads/pdf_386
2,Design theory,5b52ec143fa6,2021,The ECC Methodology for Architecture Design Theory and Practices Research,Fathi Bashier,IOP Conference Series: Materials Science and Engineering,,https://www.semanticscholar.org/paper/e2e838097c3370c8b6bf8c86a344609304d86bac,The_ECC_Methodology_for_Architecture_Design_Theory_and_Practices_Research.pdf,download via DOI/publisher/library/VPN; save into /Users/baiyixin/Downloads/pdf_386
2,Design theory,0e02199ea150,2021,The Inspiration of Design Affairology to Hcd in Post Humanism Era,Bai Yu,International Journal of Frontiers in Sociology,,https://www.semanticscholar.org/paper/f10d15a36e1a2d6f31eb975c6a8223f94685740f,The_Inspiration_of_Design_Affairology_to_Hcd_in_Post_Humanism_Era.pdf,download via DOI/publisher/library/VPN; save into /Users/baiyixin/Downloads/pdf_386
2,Design theory,79d31b954d2a,2021,THE LOGICS OF DOUBLE PROOF IN PROOF OF CONCEPT: A DESIGN THEORY-BASED MODEL OF EXPERIMENTATION IN THE UNKNOWN,Caroline Jobin; S. Hooge; P. le Masson,Proceedings of the Design Society,,https://www.semanticscholar.org/paper/2f013a55be5284205856b2e343329e282bcbdb09,THE_LOGICS_OF_DOUBLE_PROOF_IN_PROOF_OF_CONCEPT_A_DESIGN_THEORY-BASED_MODEL_OF_EXPERIMENTATION_IN_THE_UNKNOWN.pdf,download via DOI/publisher/library/VPN; save into /Users/baiyixin/Downloads/pdf_386
2,Design theory,2c8a6e74557f,2019,"The tacit knowledge of entrepreneurial design: Interrelating theory, practice and prescription in entrepreneurship research",P. Selden; D. Fletcher,Journal of Business Venturing Insights,,https://www.semanticscholar.org/paper/befeef12bbd0366a0c81034c7f964b82b76b220f,The_tacit_knowledge_of_entrepreneurial_design_Interrelating_theory_practice_and_prescription_in_entrepreneurship_researc.pdf,download via DOI/publisher/library/VPN; save into /Users/baiyixin/Downloads/pdf_386
2,Design theory,f56243f52335,2003,"Theory construction in design research Criteria: Approaches, and methods","Friedman, Ken (1)",Design Studies,10.1016/S0142-694X(03)00039-5,https://doi.org/10.1016/S0142-694X(03)00039-5,1016.s0142-694x(03)00039-5.pdf,download via DOI/publisher/library/VPN; save into /Users/baiyixin/Downloads/pdf_386
2,Design theory,c2c57ac5453e,2002,"Theory construction in design research. Criteria, approaches, and methods.",K. Friedman,Proceedings of DRS,,https://www.semanticscholar.org/paper/77be0017d3222a9d67af14b59218c4c05d5fd16a,Theory_construction_in_design_research._Criteria_approaches_and_methods.pdf,download via DOI/publisher/library/VPN; save into /Users/baiyixin/Downloads/pdf_386
2,Design theory,5ffd963397c9,1987,THEORY OF TECHNICAL SYSTEMS - PREREQUISITE TO DESIGN THEORY.,"Eder, W.Ernst",,,,THEORY_OF_TECHNICAL_SYSTEMS_-_PREREQUISITE_TO_DESIGN_THEORY.pdf,download via DOI/publisher/library/VPN; save into /Users/baiyixin/Downloads/pdf_386
2,Design theory,0bca44c18d6c,2009,"Tinkering, tailoring, and bricolage: Implications for theories of Design","Hovorka, Dirk S. (1); Germonprez, Matt (2)","15th Americas Conference on Information Systems 2009, AMCIS 2009",,,Tinkering_tailoring_and_bricolage_Implications_for_theories_of_Design.pdf,download via DOI/publisher/library/VPN; save into /Users/baiyixin/Downloads/pdf_386
2,Design theory,6ecb18a5b139,2020,TO THE PROBLEM OF FORMING THE CATEGORIAL AND CONCEPTUAL APPARATUS OF THE COURSE ‚ÄúHISTORY AND METHODOLOGY OF DESIGN DESIGN‚Äù,N. Aganina; D. D.Filonenko,,,https://www.semanticscholar.org/paper/7d824a6668b58b3a5799c88bdd089a659751a214,TO_THE_PROBLEM_OF_FORMING_THE_CATEGORIAL_AND_CONCEPTUAL_APPARATUS_OF_THE_COURSE_HISTORY_AND_METHODOLOGY_OF_DESIGN_DESIGN.pdf,download via DOI/publisher/library/VPN; save into /Users/baiyixin/Downloads/pdf_386
2,Design theory,e47202a23273,2023,Toward a design theory of strategic enterprise management business intelligence (SEMBI) capability maturity model,X. Luo; Fang-Kai Chang,Journal of Electronic Business &amp; Digital Economics,,https://www.semanticscholar.org/paper/fd5b0d221b29d73fcc3b280b0b40943ee25dd98b,Toward_a_design_theory_of_strategic_enterprise_management_business_intelligence_SEMBI_capability_maturity_model.pdf,download via DOI/publisher/library/VPN; save into /Users/baiyixin/Downloads/pdf_386
2,Design theory,057bbf472430,Apr-86,Toward an Integrated Theory of Task Design,"Griffin, R. W.; Daft, R. L.",,,,Toward_an_Integrated_Theory_of_Task_Design.pdf,download via DOI/publisher/library/VPN; save into /Users/baiyixin/Downloads/pdf_386
2,Design theory,9049c4d2bbec,,Towards a design theory of blended learning curriculum,Ronghuai Huang (1); Ding Ma (1); Haisen Zhang (1),"Hybrid Learning and Education. First International Conference, ICHL 2008",10.1007/978-3-540-85170-7_6,https://doi.org/10.1007/978-3-540-85170-7_6,1007.978-3-540-85170-7.6.pdf,download via DOI/publisher/library/VPN; save into /Users/baiyixin/Downloads/pdf_386
2,Design theory,75ffc50a1708,2010,Transformation design theory: A meta-analogical framework,"Weaver, Jason (1); Wood, Kristin (1); Crawford, Richard (1); Jensen, Dan (2)",Journal of Computing and Information Science in Engineering,10.1115/1.3470028,https://doi.org/10.1115/1.3470028,1115.1.3470028.pdf,download via DOI/publisher/library/VPN; save into /Users/baiyixin/Downloads/pdf_386
2,Design theory,56da61efca6b,2017,Transitional Theory,J. Redstrom,,,,Transitional_Theory.pdf,download via DOI/publisher/library/VPN; save into /Users/baiyixin/Downloads/pdf_386
2,Design theory,ad8d60b9d2e6,2025,WAR GAMES CLASSIFICATION SYSTEMS,D.S. Beshevliev,–ë–õ–ò–ó–ö–ò–Ø–¢ –ö–û–°–ú–û–° ‚Äì –û–ë–©–ê –¶–ï–õ,,https://www.semanticscholar.org/paper/743559a4001fce97fd25fa318029682742e28f45,WAR_GAMES_CLASSIFICATION_SYSTEMS.pdf,download via DOI/publisher/library/VPN; save into /Users/baiyixin/Downloads/pdf_386
2,Design theory,c0372ed4d123,2007,Web-based information systems: Developing a design theory,"Siau, Keng (1); Chen, Xiaofeng (1); Tan, Xin (2)","Association for Information Systems - 13th Americas Conference on Information Systems, AMCIS 2007: Reaching New Heights",,,Web-based_information_systems_Developing_a_design_theory.pdf,download via DOI/publisher/library/VPN; save into /Users/baiyixin/Downloads/pdf_386
3,Design Patterns,da5dd15cd345,,A functional theory of design patterns,"Bhatta, S.R. (1); Goel, A.K.",IJCAI-97. Proceedings of the Fifteenth International Joint Conference on Artificial Intelligence,,,A_functional_theory_of_design_patterns.pdf,download via DOI/publisher/library/VPN; save into /Users/baiyixin/Downloads/pdf_386
3,Design Patterns,1744134ec197,2019,A pattern language for designing innovative projects: project design patterns,Takashi Iba; Haruka Mori; Ayaka Yoshikawa,International Journal of Entrepreneurship and Small Business,,https://www.semanticscholar.org/paper/ee386b03d67c8663f4dc586aa43dfd653f88cdef,A_pattern_language_for_designing_innovative_projects_project_design_patterns.pdf,download via DOI/publisher/library/VPN; save into /Users/baiyixin/Downloads/pdf_386
3,Design Patterns,1fda49b32463,1996,A Pattern-Oriented Approach to a Methodical Evaluation of Modeling Methods,M. Amberg,Australasian Journal of Information Systems,,https://www.semanticscholar.org/paper/5e199da79d0144ff9979ccc095e49b10504d7504,A_Pattern-Oriented_Approach_to_a_Methodical_Evaluation_of_Modeling_Methods.pdf,download via DOI/publisher/library/VPN; save into /Users/baiyixin/Downloads/pdf_386
3,Design Patterns,098c9db1090d,,A semantic representation for domain-specific patterns,"Montero, S. (1); Diaz, P. (1); Aedo, I. (1)","Metainformatics. International Symposium, MIS 2004. Revised Selected Papers (Lecture Notes in Computer Science Vol. 3511)",,,A_semantic_representation_for_domain-specific_patterns.pdf,download via DOI/publisher/library/VPN; save into /Users/baiyixin/Downloads/pdf_386
3,Design Patterns,09055cc69e8c,2025,A Theoretical Model for Game Mechanics: Bridging Design Practice and Education,Rafael Marques de Albuquerque; Fl√°vio Anthero Nunes Vianna dos Santos,European Conference on Games Based Learning,,https://www.semanticscholar.org/paper/7f6e881f023b0fe5f2281893261c1c7df62ed203,A_Theoretical_Model_for_Game_Mechanics_Bridging_Design_Practice_and_Education.pdf,download via DOI/publisher/library/VPN; save into /Users/baiyixin/Downloads/pdf_386
3,Design Patterns,0783409933b4,2026,A Two-Dimensional Framework for AI Agent Design Patterns: Cognitive Function and Execution Topology,Jia Huang; J. Zhou,,,https://www.semanticscholar.org/paper/67855ed25bb27f6a2f8bae704fdd2d35c8891262,A_Two-Dimensional_Framework_for_AI_Agent_Design_Patterns_Cognitive_Function_and_Execution_Topology.pdf,download via DOI/publisher/library/VPN; save into /Users/baiyixin/Downloads/pdf_386
3,Design Patterns,87b61e77d082,2000,Analysis patterns,"≈†e≈°era, L‚Äôubor (1)",Lecture Notes in Computer Science (including subseries Lecture Notes in Artificial Intelligence and Lecture Notes in Bioinformatics),10.1007/3-540-44411-4_9,https://doi.org/10.1007/3-540-44411-4_9,1007.3-540-44411-4.9.pdf,download via DOI/publisher/library/VPN; save into /Users/baiyixin/Downloads/pdf_386
3,Design Patterns,953ab6888562,,Analysis patterns,"Sesera, L. (1)",SOFSEM 2000: Theory and Practice of Informatics. 27th Conference on Current Trends in Theory and Practice of Informatics. Proceedings (Lecture Notes in Computer Science Vol.1963),,,Analysis_patterns.pdf,download via DOI/publisher/library/VPN; save into /Users/baiyixin/Downloads/pdf_386
3,Design Patterns,b458715f3f4e,,AntiPatterns,"McCormick, H.W.; Malveaux, R.",Dr. Dobb's Journal,,,AntiPatterns.pdf,download via DOI/publisher/library/VPN; save into /Users/baiyixin/Downloads/pdf_386
3,Design Patterns,287b2d823523,2004,Architecture pattern organization,"Kapadia, Riaz (1); Sarkar, Santonu (1); Modi, Reva (1)","Proceedings of the International Conference on Software Engineering Research and Practice, SERP'04",,,Architecture_pattern_organization.pdf,download via DOI/publisher/library/VPN; save into /Users/baiyixin/Downloads/pdf_386
3,Design Patterns,09e4195a775c,2014,BIOPHILIC DESIGN PATTERNS: Emerging Nature-Based Parameters for Health and Well-Being in the Built Environment,Catherine O. Ryan; W. Browning; Joseph Clancy; Scott L Andrews; Namita B Kallianpurkar,,,https://www.semanticscholar.org/paper/f2f43cc85573cfe8f7a2770354fbea84c95e0f36,BIOPHILIC_DESIGN_PATTERNS_Emerging_Nature-Based_Parameters_for_Health_and_Well-Being_in_the_Built_Environment.pdf,download via DOI/publisher/library/VPN; save into /Users/baiyixin/Downloads/pdf_386
3,Design Patterns,f1a4dde3d156,1997,Catalogue of general-purpose software design patterns,"Tichy, Walter F. (1)","Proceedings of the Conference on Technology of Object-Oriented Languages and Systems, TOOLS",,,Catalogue_of_general-purpose_software_design_patterns.pdf,download via DOI/publisher/library/VPN; save into /Users/baiyixin/Downloads/pdf_386
3,Design Patterns,00fc3fcb374a,,Complex Operators: The Correspondence between the Visitor and Builder Design Patterns,"Wilkins, A.J. (1); Jenness, J. (1)",Proceedings of the 2009 International Conference on Software Engineering Research & Practice. SERP 2009,,,Complex_Operators_The_Correspondence_between_the_Visitor_and_Builder_Design_Patterns.pdf,download via DOI/publisher/library/VPN; save into /Users/baiyixin/Downloads/pdf_386
3,Design Patterns,12029fe2805e,2016,ConsideracÃßoÃÉes sobre o pattern,A. Graciano; S√©rgio Nesteriuk; Gilbertto Prado,,,https://www.semanticscholar.org/paper/5dddc96892a4a3b6bc60a30ab697045d7da17b13,Considerac_o_es_sobre_o_pattern.pdf,download via DOI/publisher/library/VPN; save into /Users/baiyixin/Downloads/pdf_386
3,Design Patterns,5a05967135ba,2024,Cross-cultural adaptation of¬†educational design patterns¬†at scale,Carmen Jane Vallis; Huyen Thi Ngoc Nguyen; Adrian Norman,Journal of Work-Applied Management,,https://www.semanticscholar.org/paper/a289e650dcf66ee89360651d91afbb407cca0c77,Cross-cultural_adaptation_of_educational_design_patterns_at_scale.pdf,download via DOI/publisher/library/VPN; save into /Users/baiyixin/Downloads/pdf_386
3,Design Patterns,40848ec101fc,,Design pattern in object-oriented technology,Ding Xin (1); Chen Yiyun (1); Shi Xiang (1),Mini-Micro Systems,,,Design_pattern_in_object-oriented_technology.pdf,download via DOI/publisher/library/VPN; save into /Users/baiyixin/Downloads/pdf_386
3,Design Patterns,4000c6073b5d,2013,Design Patterns and Design Principles for Internal Domain-Specific Languages,S. G√ºnther,,,https://www.semanticscholar.org/paper/f87e9b8e062bd9dbd0d055a23d6168ba5f260157,Design_Patterns_and_Design_Principles_for_Internal_Domain-Specific_Languages.pdf,download via DOI/publisher/library/VPN; save into /Users/baiyixin/Downloads/pdf_386
3,Design Patterns,5cc118253cb0,2006,Design patterns for real-time distributed system,"Xu, Yiqin (1); Sang, Daisy F. (1); Peng, Chang-Shyh (2)","Proceedings of the ISCA 15th International Conference on Software Engineering and Data Engineering, SEDE 2006",,,Design_patterns_for_real-time_distributed_system.pdf,download via DOI/publisher/library/VPN; save into /Users/baiyixin/Downloads/pdf_386
3,Design Patterns,1151f6830f77,,Design patterns in intelligent systems,"Peters, J.F. (1)","Foundations of Intelligent Systems. 14th International Symposium, ISMIS 2003. Proceedings (Lecture Notes in Artificial Intelligence Vol.2871)",,,Design_patterns_in_intelligent_systems.pdf,download via DOI/publisher/library/VPN; save into /Users/baiyixin/Downloads/pdf_386
3,Design Patterns,3524dd73bb30,2024,Design Patterns of Biological Cells,Steven S. Andrews; H. Wiley; Herbert M. Sauro,Bioessays,,https://www.semanticscholar.org/paper/f26d25a6933311f0177bd3d7b18af01927b69ba8,Design_Patterns_of_Biological_Cells.pdf,download via DOI/publisher/library/VPN; save into /Users/baiyixin/Downloads/pdf_386
3,Design Patterns,3269f651fd9c,2025,"Designing AI-Enabled Engineering Courses: E-AIP Framework for Learning Outcomes, Process Evidence, and Integrity",Abdullah Khataan; G. Bapat; S. Rahaman; Anuj Kumar,Int. J. Eng. Pedagog.,,https://www.semanticscholar.org/paper/2ab5c1476d21b2dedf95b4e208bae1ed432bf6b2,Designing_AI-Enabled_Engineering_Courses_E-AIP_Framework_for_Learning_Outcomes_Process_Evidence_and_Integrity.pdf,download via DOI/publisher/library/VPN; save into /Users/baiyixin/Downloads/pdf_386
3,Design Patterns,69560ebf92b1,,E-business design,"Marca, D.A. (1)",Proceedings of the International Conference on e-Business,,,E-business_design.pdf,download via DOI/publisher/library/VPN; save into /Users/baiyixin/Downloads/pdf_386
3,Design Patterns,2fdfe19e4493,,E-Business Design: A Shift to Adaptability,"Marca, D.A. (1)",Proceedings of the International Conference on Wireless Information Networks and Systems,,,E-Business_Design_A_Shift_to_Adaptability.pdf,download via DOI/publisher/library/VPN; save into /Users/baiyixin/Downloads/pdf_386
3,Design Patterns,e763873f823a,1996,Formalising design patterns,K. Lano; J. Bicarregui; S. Goldsack,FME 1996,,https://www.semanticscholar.org/paper/42d183baa4bedc79c05bc4e3d59a929ce9aab935,Formalising_design_patterns.pdf,download via DOI/publisher/library/VPN; save into /Users/baiyixin/Downloads/pdf_386
3,Design Patterns,3a87795ac48c,2011,Framework for Designing and Evaluating Game Achievements,Juho Hamari; V. Eranti,DiGRA Conference,,https://www.semanticscholar.org/paper/4de775e4ffb6e1457af1e816baaa8c99cc4a0def,Framework_for_Designing_and_Evaluating_Game_Achievements.pdf,download via DOI/publisher/library/VPN; save into /Users/baiyixin/Downloads/pdf_386
3,Design Patterns,368e4036648e,2026,From Directional Stimuli to Prompt Architectures: Documenting the Practice of Meta-Prompting,D. Ligot,Social Science Research Network,,https://www.semanticscholar.org/paper/cc6622c7b5aec35fb3b4174aa730a28c6c5c0844,From_Directional_Stimuli_to_Prompt_Architectures_Documenting_the_Practice_of_Meta-Prompting.pdf,download via DOI/publisher/library/VPN; save into /Users/baiyixin/Downloads/pdf_386
3,Design Patterns,001fdbe8c5a1,,Giving ‚Äúthe quality‚Äù a name: precise specification of design patterns‚àía second look at the manuscripts,"Eden, A.H. (1)",JOOP,,,Giving_the_quality_a_name_precise_specification_of_design_patterns_a_second_look_at_the_manuscripts.pdf,download via DOI/publisher/library/VPN; save into /Users/baiyixin/Downloads/pdf_386
3,Design Patterns,ade4419d3095,2023,Hybrid modeling design patterns,M. Rudolph; Stefan Kurz; Barbara Rakitsch,Journal of Mathematics in Industry,,https://www.semanticscholar.org/paper/d1798033cdc2d510fec08ea61044d91d10061c67,Hybrid_modeling_design_patterns.pdf,download via DOI/publisher/library/VPN; save into /Users/baiyixin/Downloads/pdf_386
3,Design Patterns,b42559e0a5d5,2014,ICT Systems Security and Privacy Protection,N. Cuppens-Boulahia; F. Cuppens; S. Jajodia; A. A. E. Kalam; Thierry Sans,IFIP Advances in Information and Communication Technology,,https://www.semanticscholar.org/paper/83a4fbd1050484c5a9c2242d844bef1cc34ac89c,ICT_Systems_Security_and_Privacy_Protection.pdf,download via DOI/publisher/library/VPN; save into /Users/baiyixin/Downloads/pdf_386
3,Design Patterns,4911e795230f,,Implementing patterns,"Soukup, J.",C++ Report,,,Implementing_patterns.pdf,download via DOI/publisher/library/VPN; save into /Users/baiyixin/Downloads/pdf_386
3,Design Patterns,e9826a1c57b0,2024,In Search of Living Law: How Should We Design for (Digital) Legal Interaction?,Riikka Koulu,Digital Society,,https://www.semanticscholar.org/paper/1011c572d0207c2203619839525ce10850c028e4,In_Search_of_Living_Law_How_Should_We_Design_for_Digital_Legal_Interaction.pdf,download via DOI/publisher/library/VPN; save into /Users/baiyixin/Downloads/pdf_386
3,Design Patterns,b967c3a334ff,1995,Industrial experience with design patterns,"Beck, Kent (1); Coplien, James O. (1); Crocker, Ron (1); Dominick, Lutz (1); Meszaros, Gerard (1); Paulisch, Frances (1); Vlissides, John (1)",Proceedings - International Conference on Software Engineering,,,Industrial_experience_with_design_patterns.pdf,download via DOI/publisher/library/VPN; save into /Users/baiyixin/Downloads/pdf_386
3,Design Patterns,51099fe3fdce,2010,Making Sense of Design Patterns,"Hoekstra, Rinke (1, 2); Breuker, Joost (1)",Lecture Notes in Computer Science,10.1007/978-3-642-16438-5_23,https://doi.org/10.1007/978-3-642-16438-5_23,1007.978-3-642-16438-5.23.pdf,download via DOI/publisher/library/VPN; save into /Users/baiyixin/Downloads/pdf_386
3,Design Patterns,4a9c96b6c482,1994,Meta patternsma means for capturing the essentials of reusable object-oriented design,"Pree, Wolfgang (1)",Lecture Notes in Computer Science (including subseries Lecture Notes in Artificial Intelligence and Lecture Notes in Bioinformatics),,,Meta_patternsma_means_for_capturing_the_essentials_of_reusable_object-oriented_design.pdf,download via DOI/publisher/library/VPN; save into /Users/baiyixin/Downloads/pdf_386
3,Design Patterns,99cc9d73669c,2005,Micro patterns in Java code,"Gil, Joseph (1); Maman, Itay (1)","Proceedings of the Conference on Object-Oriented Programming Systems, Languages, and Applications, OOPSLA",,,Micro_patterns_in_Java_code.pdf,download via DOI/publisher/library/VPN; save into /Users/baiyixin/Downloads/pdf_386
3,Design Patterns,a0d1057f0acb,2000,Pattern approach to interaction design,"Borchers, Jan O. (1)","Proceedings of the Conference on Designing Interactive Systems: Processes, Practices, Methods, and Techniques, DIS",,,Pattern_approach_to_interaction_design.pdf,download via DOI/publisher/library/VPN; save into /Users/baiyixin/Downloads/pdf_386
3,Design Patterns,35874d939f8d,2020,"Patterns, anticipation and participatory futures",R. Puzio; Paola Ricaurte; Charles Jeffrey Danoff; Charlotte Pierce; Analua Dutka-Chirichetti; Vitor Bruno; H. Cintra; J. Corneli,arXiv.org,,https://www.semanticscholar.org/paper/d906be0109cf9b217d62a8aff8e74aa2173985ee,Patterns_anticipation_and_participatory_futures.pdf,download via DOI/publisher/library/VPN; save into /Users/baiyixin/Downloads/pdf_386
3,Design Patterns,d56cd856926c,,Pedagogical patterns: picking up the design patterns approach,"Abreu, F.B.E. (1)",Object Expert,,,Pedagogical_patterns_picking_up_the_design_patterns_approach.pdf,download via DOI/publisher/library/VPN; save into /Users/baiyixin/Downloads/pdf_386
3,Design Patterns,498a6aa649eb,,Service engineering design patterns,"Milanovic, N. (1)",2006 2nd IEEE International Symposium on Service-oriented System Engineering,,,Service_engineering_design_patterns.pdf,download via DOI/publisher/library/VPN; save into /Users/baiyixin/Downloads/pdf_386
3,Design Patterns,77ba97562fe7,2018,Teachers‚Äô Collaborative Pattern Language Design,Ola Knutsson; R. Ramberg,,,https://www.semanticscholar.org/paper/a61eca6d22ff2d451e296be24f69dcfa9aed96fd,Teachers_Collaborative_Pattern_Language_Design.pdf,download via DOI/publisher/library/VPN; save into /Users/baiyixin/Downloads/pdf_386
3,Design Patterns,c7afdd089fdd,2007,Toward patterns for collaborative knowledge creation,"Haoxiang, Xia (1); Zhaoguo, Xuan (1); Taketoshi, Yosbida (2); Zhongtuo, Wang (1)",Lecture Notes in Computer Science (including subseries Lecture Notes in Artificial Intelligence and Lecture Notes in Bioinformatics),,,Toward_patterns_for_collaborative_knowledge_creation.pdf,download via DOI/publisher/library/VPN; save into /Users/baiyixin/Downloads/pdf_386
3,Design Patterns,9ddabd46988b,2016,Towards project communication management patterns,Karolina Muszy≈Ñska,,,https://www.semanticscholar.org/paper/32151fad667b576649833919a71f37d315c43c48,Towards_project_communication_management_patterns.pdf,download via DOI/publisher/library/VPN; save into /Users/baiyixin/Downloads/pdf_386
3,Design Patterns,774e05395765,1996,Understanding and using patterns in software development,"Riehle, D. (1); Zullighoven, H. (1)",Theory and Practice of Object Systems,10.1002/(SICI)1096-9942(1996)2:13.0.CO;2-%23,https://doi.org/10.1002/(SICI)1096-9942(1996)2:13.0.CO;2-%23,1002.(sici)1096-9942(1996)2.13.0.co;2-%23.pdf,download via DOI/publisher/library/VPN; save into /Users/baiyixin/Downloads/pdf_386
3,Design Patterns,a3bc8ece9d73,,Use of design patterns in analogy-based design,"Goel, A.K. (1); Bhatta, S.R.",Advanced Engineering Informatics,10.1016/j.aei.2004.09.003,https://doi.org/10.1016/j.aei.2004.09.003,1016.j.aei.2004.09.003.pdf,download via DOI/publisher/library/VPN; save into /Users/baiyixin/Downloads/pdf_386
3,Design Patterns,2b7b4d1ed27a,,Using design patterns: elements of reusable architectures,"Vlissides, J. (1)",OOP '95. Conference Proceedings,,,Using_design_patterns_elements_of_reusable_architectures.pdf,download via DOI/publisher/library/VPN; save into /Users/baiyixin/Downloads/pdf_386
3,Design Patterns,b9f64070ed9a,,‚ÄúModeling-by-Patterns‚Äù of Web applications,"Garzotto, F. (1); Paolinil, P. (1); Bolchini, D.; Valenti, S.","Advances in Conceptual Modeling. ER'99 Workshop on Evolution and Change in Data Management, Reverse Engineering in Information Systems, and the World Wide Web and Conceptual Modeling. Proceedings (Lecture Notes in Computer Science Vol.1727)",,,Modeling-by-Patterns_of_Web_applications.pdf,download via DOI/publisher/library/VPN; save into /Users/baiyixin/Downloads/pdf_386
4,Design methods,215d4603e3c7,2020,A case study of the extension of floorplan flexibility using sector margins,Marie Kim; C. Yoon,,,https://www.semanticscholar.org/paper/9fc959bade7102e255548fbbb86b7e325126e9fd,A_case_study_of_the_extension_of_floorplan_flexibility_using_sector_margins.pdf,download via DOI/publisher/library/VPN; save into /Users/baiyixin/Downloads/pdf_386
4,Design methods,76669ffc8981,2024,A Framework for Effective Virtual Commissioning: Guiding Principles for Seamless System Integration,Rich√°rd Korpai; Norbert Sz√°nt√≥; √Å. Csap√≥,Journal of Manufacturing and Materials Processing,,https://www.semanticscholar.org/paper/97c9a4799592ce42d22539428acaa5f9ab544e51,A_Framework_for_Effective_Virtual_Commissioning_Guiding_Principles_for_Seamless_System_Integration.pdf,download via DOI/publisher/library/VPN; save into /Users/baiyixin/Downloads/pdf_386
4,Design methods,f16832406221,2014,A Framework for Systemic Design,A. Ryan,,,https://www.semanticscholar.org/paper/e7cf73c02d6b1359d48322826cd202eb83161e7a,A_Framework_for_Systemic_Design.pdf,download via DOI/publisher/library/VPN; save into /Users/baiyixin/Downloads/pdf_386
4,Design methods,b5d968168f35,2023,A Framework of Design Method Corroboration,"Thoring, Katja (1); Mueller, Roland M. (2); Lecuna, Alejandro (3); Badke-Schaub, Petra (4)",Proceedings of the Annual Hawaii International Conference on System Sciences,,,A_Framework_of_Design_Method_Corroboration.pdf,download via DOI/publisher/library/VPN; save into /Users/baiyixin/Downloads/pdf_386
4,Design methods,bee7b59885fa,2018,Adapting the FBS Model of Designing for Usage-Driven Innovation Processes,B. Yannou; Fran√ßois Cluzel; G. Lam√©,Volume 7: 30th International Conference on Design Theory and Methodology,,https://www.semanticscholar.org/paper/eca62463fe663c3015618cf05fc19693f7cec6fa,Adapting_the_FBS_Model_of_Designing_for_Usage-Driven_Innovation_Processes.pdf,download via DOI/publisher/library/VPN; save into /Users/baiyixin/Downloads/pdf_386
4,Design methods,27b32c0d515d,2019,Advancing service design research with design science research,J. Teixeira; L. Patr√≠cio; T. Tuunanen,,,https://www.semanticscholar.org/paper/f49d404b4031df752c7cb95c7b140dceff637616,Advancing_service_design_research_with_design_science_research.pdf,download via DOI/publisher/library/VPN; save into /Users/baiyixin/Downloads/pdf_386
4,Design methods,9fbb38d67689,2023,Analysis of methods of creating new technical systems,R. Zinko; T. Kruts; Andriy P. Polyakov,Journal of Mechanical Engineering and Transport,,https://www.semanticscholar.org/paper/cf5c6ebb3656965e5eb2a4543c370e0a41f32df1,Analysis_of_methods_of_creating_new_technical_systems.pdf,download via DOI/publisher/library/VPN; save into /Users/baiyixin/Downloads/pdf_386
4,Design methods,8ade38cacb53,2016,Architectural Design Method of Architectural Engineering,Jingtang He; K. Xiang,JOURNAL OF ENGINEERING STUDIES,,https://www.semanticscholar.org/paper/b60bd5a5811c98785d060b818ae48da7474ea5e7,Architectural_Design_Method_of_Architectural_Engineering.pdf,download via DOI/publisher/library/VPN; save into /Users/baiyixin/Downloads/pdf_386
4,Design methods,ac2f5510db32,2019,Beyond geometric complexity: a critical review of complexity theory and how it relates to architecture engineering and construction,Evangelos Pantazis; D. Gerber,Architectural Science Review,,https://www.semanticscholar.org/paper/b50cc2220c9a692e8c31e6465f08e7008ae10dbf,Beyond_geometric_complexity_a_critical_review_of_complexity_theory_and_how_it_relates_to_architecture_engineering_and_co.pdf,download via DOI/publisher/library/VPN; save into /Users/baiyixin/Downloads/pdf_386
4,Design methods,4934044e5959,2019,Constraint management for concept ideation in conceptual design,"Liu, Ang (1); Wang, Yuchen (1); Teo, Ivan (1); Lu, Stephen (2)",CIRP Journal of Manufacturing Science and Technology,10.1016/j.cirpj.2018.11.006,https://doi.org/10.1016/j.cirpj.2018.11.006,1016.j.cirpj.2018.11.006.pdf,download via DOI/publisher/library/VPN; save into /Users/baiyixin/Downloads/pdf_386
4,Design methods,714b3f6f8ac7,2011,Degrees of Interaction: Towards a Classification,H. Achten,Proceedings of the 29th International Conference on Education and Research in Computer Aided Architectural Design in Europe (eCAADe),,https://www.semanticscholar.org/paper/0e9390e0acbae28af61e300fca19b7e400e6a211,Degrees_of_Interaction_Towards_a_Classification.pdf,download via DOI/publisher/library/VPN; save into /Users/baiyixin/Downloads/pdf_386
4,Design methods,66218ff443f6,1996,Deliberated Evolution: Stalking the View Matcher in Design Space,John Millar Carroll; M. Rosson,Hum. Comput. Interact.,,https://www.semanticscholar.org/paper/7396740affd17f5cc3db5d1a68c15af8c79cb17e,Deliberated_Evolution_Stalking_the_View_Matcher_in_Design_Space.pdf,download via DOI/publisher/library/VPN; save into /Users/baiyixin/Downloads/pdf_386
4,Design methods,6e06768bb26b,2020,Design as Research in Landscape Architecture,S. Nijhuis; Jeroen de Vries,Landscape Journal,,https://www.semanticscholar.org/paper/9ccbde1f4c0beea16f19aefd301adc55e39d9928,Design_as_Research_in_Landscape_Architecture.pdf,download via DOI/publisher/library/VPN; save into /Users/baiyixin/Downloads/pdf_386
4,Design methods,b841f16ac5b3,1990,Design methods for real time software,K. Jackson,,,,Design_methods_for_real_time_software.pdf,download via DOI/publisher/library/VPN; save into /Users/baiyixin/Downloads/pdf_386
4,Design methods,878cf959ac53,2020,Designerly Research Methods and Researcherly Design Methods,R. Sosa,,,https://www.semanticscholar.org/paper/3c1e79eab204a59ccd27f91f5c60a8bc77fd660a,Designerly_Research_Methods_and_Researcherly_Design_Methods.pdf,download via DOI/publisher/library/VPN; save into /Users/baiyixin/Downloads/pdf_386
4,Design methods,5389fb1cc38b,2022,Elements of a design method ‚Äì a basis for describing and evaluating design methods,K. Gericke; C. Eckert; M. Stacey,Design Science,,https://www.semanticscholar.org/paper/c6983d646df77563eea8dc5d05abb895c9c8b87f,Elements_of_a_design_method_a_basis_for_describing_and_evaluating_design_methods.pdf,download via DOI/publisher/library/VPN; save into /Users/baiyixin/Downloads/pdf_386
4,Design methods,03ce61847eb3,2024,Emotion Semantics Construction in Industrial Product Application,Wenhao Jiang,Spectrum of Art,,https://www.semanticscholar.org/paper/6f02f16a16473889b3ceea6c87a753d0886a0bc5,Emotion_Semantics_Construction_in_Industrial_Product_Application.pdf,download via DOI/publisher/library/VPN; save into /Users/baiyixin/Downloads/pdf_386
4,Design methods,60c69d24c5a3,2023,Evaluating the efficacy and effectiveness of design methods: A systematic review and assessment framework,"Cash, Philip (1); Daalhuizen, Jaap (2); Hekkert, Paul (3)",Design Studies,10.1016/j.destud.2023.101204,https://doi.org/10.1016/j.destud.2023.101204,1016.j.destud.2023.101204.pdf,download via DOI/publisher/library/VPN; save into /Users/baiyixin/Downloads/pdf_386
4,Design methods,c825a5e5ab08,2020,Functional design framework for innovative design thinking in product development,Ang Liu; S. Lu,,,https://www.semanticscholar.org/paper/1af6479afed41181f7b7d7c315f80b691cb038f1,Functional_design_framework_for_innovative_design_thinking_in_product_development.pdf,download via DOI/publisher/library/VPN; save into /Users/baiyixin/Downloads/pdf_386
4,Design methods,55dc4ef842a6,2023,IMPLEMENTATION OF THE BASIC PRINCIPLES OF FORMING THE ARCHITECTURE OF NON-FORMAL EDUCATION INSTITUTIONS,Iryna L. Kravchenko; Valerij Tovbych,Urban development and spatial planning,,https://www.semanticscholar.org/paper/a720f8dc5c42c3805e61cfc84c13f6d8f708404b,IMPLEMENTATION_OF_THE_BASIC_PRINCIPLES_OF_FORMING_THE_ARCHITECTURE_OF_NON-FORMAL_EDUCATION_INSTITUTIONS.pdf,download via DOI/publisher/library/VPN; save into /Users/baiyixin/Downloads/pdf_386
4,Design methods,d330bde18c87,,Languaging design methods,"Gray, C.M. (1)",Design Studies,10.1016/j.destud.2021.101076,https://doi.org/10.1016/j.destud.2021.101076,1016.j.destud.2021.101076.pdf,download via DOI/publisher/library/VPN; save into /Users/baiyixin/Downloads/pdf_386
4,Design methods,721f009574ce,2006,On integration of interface design methods: Can debates be resolved?,Y. Lin; W. J. Zhang; R. J. Koubek; R. R. Mourant,,10.1016/j.intcom.2005.11.008,https://doi.org/10.1016/j.intcom.2005.11.008,1016.j.intcom.2005.11.008.pdf,download via DOI/publisher/library/VPN; save into /Users/baiyixin/Downloads/pdf_386
4,Design methods,dbf31702e533,2020,Patterns for living lab practice: describing key know-how to promote service co-creation with users,"Akasaka, Fumiya (1); Yasuoka, Mika (2); Nakatani, Momoko (1); Kimura, Atsunobu (1); Ihara, Masayuki (1)",International Journal of Automation Technology,10.20965/ijat.2020.p0769,https://doi.org/10.20965/ijat.2020.p0769,20965.ijat.2020.p0769.pdf,download via DOI/publisher/library/VPN; save into /Users/baiyixin/Downloads/pdf_386
4,Design methods,49719118a4a0,2019,Progressive collapse of structures ‚Äì review and outlook,"Starossek, U. (1)","Advances in Engineering Materials, Structures and Systems: Innovations, Mechanics and Applications - Proceedings of the 7th International Conference on Structural Engineering, Mechanics and Computation, 2019",10.1201/9780429426506-364,https://doi.org/10.1201/9780429426506-364,1201.9780429426506-364.pdf,download via DOI/publisher/library/VPN; save into /Users/baiyixin/Downloads/pdf_386
4,Design methods,da2bb1488305,2006,Rigor in MIS Survey Research: In Search of Ideal Survey Methodological Attributes,Teresa L. Ju; Yue Chen; Szu-Yuan Sun; Chang-Yao Wu,Journal of Computational Information Systems,,https://www.semanticscholar.org/paper/56503943bd26382896ce79aa8996e559b19ad0cd,Rigor_in_MIS_Survey_Research_In_Search_of_Ideal_Survey_Methodological_Attributes.pdf,download via DOI/publisher/library/VPN; save into /Users/baiyixin/Downloads/pdf_386
4,Design methods,799b06403189,2020,State of the Art on Robust Design Methods for Additive Manufacturing,Y. Malyani; M. Orqu√©ra; D. Millet,Lecture Notes in Mechanical Engineering,,https://www.semanticscholar.org/paper/5d5004424041e3ab71ae951f9013b54439ee2cf7,State_of_the_Art_on_Robust_Design_Methods_for_Additive_Manufacturing.pdf,download via DOI/publisher/library/VPN; save into /Users/baiyixin/Downloads/pdf_386
4,Design methods,885a1eee70e3,2024,"The Design of Business Models: What, How and Why",Lorenzo Massa,Journal of Business Models,,https://www.semanticscholar.org/paper/4ddeee32ce878180b4aa8e380f01a51103dc9b26,The_Design_of_Business_Models_What_How_and_Why.pdf,download via DOI/publisher/library/VPN; save into /Users/baiyixin/Downloads/pdf_386
4,Design methods,f47226c43979,2023,The Human-Centredness Metric: Early Assessment of the Quality of Human-Centred Design Activities,O. Sankowski; Dieter Krause,Applied Sciences,,https://www.semanticscholar.org/paper/e5f6abe0431dd1e20d6c555a3cdf31e1a8d632e9,The_Human-Centredness_Metric_Early_Assessment_of_the_Quality_of_Human-Centred_Design_Activities.pdf,download via DOI/publisher/library/VPN; save into /Users/baiyixin/Downloads/pdf_386
4,Design methods,4592ed134f14,2023,The relation between brain-learning physiology and conceptualization methods in the design process of architecture students1,A. Mahmoodi; Mahyar Bastani,"Art, Design &amp; Communication in Higher Education",,https://www.semanticscholar.org/paper/c5082819981d9c379c06ad40e4e00d558456836b,The_relation_between_brain-learning_physiology_and_conceptualization_methods_in_the_design_process_of_architecture_stude.pdf,download via DOI/publisher/library/VPN; save into /Users/baiyixin/Downloads/pdf_386
4,Design methods,9de0e13a7156,2019,Towards functional de novo designed proteins.,W. Dawson; G. G. Rhys; D. Woolfson,Current Opinion in Chemical Biology,,https://www.semanticscholar.org/paper/4c8fc56c0f81ebbdc38feccc5c71e2ef2926cfba,Towards_functional_de_novo_designed_proteins.pdf,download via DOI/publisher/library/VPN; save into /Users/baiyixin/Downloads/pdf_386
4,Design methods,f02904f836be,2019,Universal Participatory Design: Achievements and Challenges,R. Bonacin; J√∫lio Cesar dos Reis; M. Baranauskas,,,https://www.semanticscholar.org/paper/06bb9a92fbf53b9d7a93c86acc244c380656fc1f,Universal_Participatory_Design_Achievements_and_Challenges.pdf,download via DOI/publisher/library/VPN; save into /Users/baiyixin/Downloads/pdf_386
4,Design methods,94347a49c12b,2007,Using System Dynamics to Construct Design Theory for Community Information Systems,A. Moor,Journal of Community Informatics,,https://www.semanticscholar.org/paper/9898a05d24456f06fae80b2792799f42c78e97c2,Using_System_Dynamics_to_Construct_Design_Theory_for_Community_Information_Systems.pdf,download via DOI/publisher/library/VPN; save into /Users/baiyixin/Downloads/pdf_386
4,Design methods,5ba50396ff25,,What is a Convention in Interactive Narrative Design?,"Koenitz, H. (1); Roth, C. (1); Dubbelman, T. (1); Knoller, N. (1)","Interactive Storytelling. 10th International Conference on Interactive Digital Storytelling, ICIDS 2017. Proceedings: LNCS 10690",10.1007/978-3-319-71027-3_29,https://doi.org/10.1007/978-3-319-71027-3_29,1007.978-3-319-71027-3.29.pdf,download via DOI/publisher/library/VPN; save into /Users/baiyixin/Downloads/pdf_386
5,Design Guidelines,0176348439b8,2019,A Comparative Study of Chinese and American Rural Design Guidelines,D. Chu; R. Li,International Journal of Structural and Civil Engineering Research,,https://www.semanticscholar.org/paper/af67c18e22e351362a73fa3cb1d997e238f8c3d7,A_Comparative_Study_of_Chinese_and_American_Rural_Design_Guidelines.pdf,download via DOI/publisher/library/VPN; save into /Users/baiyixin/Downloads/pdf_386
5,Design Guidelines,9020aa145571,2016,A Process Framework for Designing Software Reference Architectures for Providing Tools as a Service,Muhammad Aufeef Chauhan; M. Babar; Christian W. Probst,International Conference on Product Focused Software Process Improvement,,https://www.semanticscholar.org/paper/67ea5b36bfc4ea94e7fb7aa36c54bef831deb69e,A_Process_Framework_for_Designing_Software_Reference_Architectures_for_Providing_Tools_as_a_Service.pdf,download via DOI/publisher/library/VPN; save into /Users/baiyixin/Downloads/pdf_386
5,Design Guidelines,d0a17557440f,2025,Avoiding virtual dystopia: A design theory for emancipatory participatory immersive platforms,Fabian Tingelhoff; Jens Joachim Marga,Journal of strategic information systems,,https://www.semanticscholar.org/paper/0118e4e235a32b2389d0a4caf0344774b888ca5c,Avoiding_virtual_dystopia_A_design_theory_for_emancipatory_participatory_immersive_platforms.pdf,download via DOI/publisher/library/VPN; save into /Users/baiyixin/Downloads/pdf_386
5,Design Guidelines,b077c606da41,2021,Classification approach for hybrid components in mechanical engineering with a focus on additive manufacturing,M. Ley; Ali Al-Zuhairi; R. Teutsch,,,https://www.semanticscholar.org/paper/059e9cf8f5148cf9c2aa96430fa38ec930824191,Classification_approach_for_hybrid_components_in_mechanical_engineering_with_a_focus_on_additive_manufacturing.pdf,download via DOI/publisher/library/VPN; save into /Users/baiyixin/Downloads/pdf_386
5,Design Guidelines,425cad2aba7c,2022,Design Guidelines and Examples,B. Shneiderman,Human-Centered AI,,https://www.semanticscholar.org/paper/48814299c7a7b6cbb6072c1a2afd03eb0ab7b7b4,Design_Guidelines_and_Examples.pdf,download via DOI/publisher/library/VPN; save into /Users/baiyixin/Downloads/pdf_386
5,Design Guidelines,2cceb8eaa8c9,2024,Design Guidelines and Strategies for Interim Innovation,Xin An Chen,"Creativity, Innovation and Entrepreneurship",,https://www.semanticscholar.org/paper/4ea3c5beca8287f43cdecca8c3ae507628cb8817,Design_Guidelines_and_Strategies_for_Interim_Innovation.pdf,download via DOI/publisher/library/VPN; save into /Users/baiyixin/Downloads/pdf_386
5,Design Guidelines,48af90d5dfe7,2014,Design Guidelines for Domain Specific Languages,Gabor Karsai; Holger Krahn; Claas Pinkernell; Bernhard Rumpe; Martin Schindler; Steven V√∂lkel,arXiv.org,,https://www.semanticscholar.org/paper/26640e6ab9ea74e28d9401eaf3f66a78a2ab19b7,Design_Guidelines_for_Domain_Specific_Languages.pdf,download via DOI/publisher/library/VPN; save into /Users/baiyixin/Downloads/pdf_386
5,Design Guidelines,cb5bf6a78d8e,2020,From surface realism to training considerations: a proposal for changing the focus in the design of training systems,Pooyan Doozandeh,Theoretical Issues in Ergonomics Science,,https://www.semanticscholar.org/paper/ccf1364334d003c0962a2718b0cd994071ef0106,From_surface_realism_to_training_considerations_a_proposal_for_changing_the_focus_in_the_design_of_training_systems.pdf,download via DOI/publisher/library/VPN; save into /Users/baiyixin/Downloads/pdf_386
5,Design Guidelines,866322a64dc5,2013,Healthy Eating Design Guidelines for School Architecture,T. Huang; D. S√∏rensen; Steven Davis; L. Frerichs; Jeri Brittin; Joseph Celentano; Kelly Callahan; M. Trowbridge,Preventing Chronic Disease,,https://www.semanticscholar.org/paper/8cf045de91534b74094162cb036d8acb5a6c74c4,Healthy_Eating_Design_Guidelines_for_School_Architecture.pdf,download via DOI/publisher/library/VPN; save into /Users/baiyixin/Downloads/pdf_386
5,Design Guidelines,139a1e71d8dc,2016,Separation of Modeling Principles and Design Principles in Enterprise Engineering,Tetsuya Suga; Peter De Bruyn; Philip Huysmans; J. Verelst; H. Mannaert,The Practice of Enterprise Modeling,,https://www.semanticscholar.org/paper/05ace0f237feda9c4e4dd78cdc60b3dd91738543,Separation_of_Modeling_Principles_and_Design_Principles_in_Enterprise_Engineering.pdf,download via DOI/publisher/library/VPN; save into /Users/baiyixin/Downloads/pdf_386
5,Design Guidelines,0ef759265f23,2019,The equitable use concept in sidewalk design,Mahdi Aghaabbasi; M. Moeinaddini; Zohreh Asadi-Shekari; M. Z. Shah,Cities,,https://www.semanticscholar.org/paper/5a686e01a536a318c32f70e8b1eb114fd34c05de,The_equitable_use_concept_in_sidewalk_design.pdf,download via DOI/publisher/library/VPN; save into /Users/baiyixin/Downloads/pdf_386
5,Design Guidelines,0842498049c7,2008,The Extended Likeability Framework: A Theoretical Framework for and a Practical Case of Designing Likeable Media Applications for Preschoolers,V. Abeele; B. Zaman,Adv. Hum. Comput. Interact.,,https://www.semanticscholar.org/paper/e2837ac0465e8cea18f2ab5b2f9f12f874ddbe1f,The_Extended_Likeability_Framework_A_Theoretical_Framework_for_and_a_Practical_Case_of_Designing_Likeable_Media_Applicat.pdf,download via DOI/publisher/library/VPN; save into /Users/baiyixin/Downloads/pdf_386
5,Design Guidelines,cb7daae2b94f,2013,User Experience Design in Professional Map-Based Geo-Portals,Bernd Resch; B. Zimmer,ISPRS Int. J. Geo Inf.,,https://www.semanticscholar.org/paper/f2125c2a28765c33506f17f80c8f8098c4408196,User_Experience_Design_in_Professional_Map-Based_Geo-Portals.pdf,download via DOI/publisher/library/VPN; save into /Users/baiyixin/Downloads/pdf_386
6,Design rationale,ab97fa9e6ec7,2011,"""Argumentative Design Rationale and the Object-Oriented Development Process: better analysis, better design""",L. Bronner; Jerry-Daryl Fletcher,2006 Fall ASEE Middle Atlantic Section Conference Proceedings,,https://www.semanticscholar.org/paper/40f61a83349d805ce7200a1424e4aa6df3e58313,Argumentative_Design_Rationale_and_the_Object-Oriented_Development_Process_better_analysis_better_design.pdf,download via DOI/publisher/library/VPN; save into /Users/baiyixin/Downloads/pdf_386
6,Design rationale,16b7f7939f93,2025,Characterizing Design Rationales Using Computational Linguistics and Human Evaluations,"Mirabito, Yakira (1); Liu, Xiaowen (2); Goucher-Lambert, Kosa (1)",Journal of Mechanical Design,10.1115/1.4069232,https://doi.org/10.1115/1.4069232,1115.1.4069232.pdf,download via DOI/publisher/library/VPN; save into /Users/baiyixin/Downloads/pdf_386
6,Design rationale,e875047efc35,,Design rationale capture as knowledge acquisition: tradeoffs in the design of interactive tools,"Gruber, T. (1); Baudin, C.; Boose, J.; Weber, J.",Machine Learning. Proceedings of the Eighth International Workshop on Machine Learning (ML91),,,Design_rationale_capture_as_knowledge_acquisition_tradeoffs_in_the_design_of_interactive_tools.pdf,download via DOI/publisher/library/VPN; save into /Users/baiyixin/Downloads/pdf_386
6,Design rationale,24bfa2182839,,Designing claims for reuse in interactive systems design,"Sutcliffe, A.G. (1); Carroll, J.M.",International Journal of Human-Computer Studies,10.1006/ijhc.1999.0245,https://doi.org/10.1006/ijhc.1999.0245,1006.ijhc.1999.0245.pdf,download via DOI/publisher/library/VPN; save into /Users/baiyixin/Downloads/pdf_386
6,Design rationale,0050f73e4373,1997,Integrating different perspective on design rationale: Supporting the emergence of design rationale from design communication,"Shipman III, Frank M. (1); McCall, Raymond J. (1)","Artificial Intelligence for Engineering Design, Analysis and Manufacturing: AIEDAM",,,Integrating_different_perspective_on_design_rationale_Supporting_the_emergence_of_design_rationale_from_design_communica.pdf,download via DOI/publisher/library/VPN; save into /Users/baiyixin/Downloads/pdf_386
6,Design rationale,4c8bdfbd1309,,Integrating different perspectives on design rationale: supporting the emergence of design rationale from design communication,"Shipman, F.M., III (1); McCall, R.J.","(AI EDAM) Artificial Intelligence for Engineering Design, Analysis and Manufacturing",10.1017/S089006040000192X,https://doi.org/10.1017/S089006040000192X,1017.s089006040000192x.pdf,download via DOI/publisher/library/VPN; save into /Users/baiyixin/Downloads/pdf_386
6,Design rationale,866d8935b9e0,1994,"Issues critical to the development of design history, design rationale and design intent systems","Ullman, David G. (1)","American Society of Mechanical Engineers, Design Engineering Division (Publication) DE",,,Issues_critical_to_the_development_of_design_history_design_rationale_and_design_intent_systems.pdf,download via DOI/publisher/library/VPN; save into /Users/baiyixin/Downloads/pdf_386
6,Design rationale,4567075d70b4,1996,Making Argumentation Serve Design,G. Fischer; A. C. Lemke; Ray McCall; A. M√∏rch,Hum. Comput. Interact.,,https://www.semanticscholar.org/paper/3030e27be928a7240a7e390ad8a09ba979d0cac9,Making_Argumentation_Serve_Design.pdf,download via DOI/publisher/library/VPN; save into /Users/baiyixin/Downloads/pdf_386
6,Design rationale,d5d39efbe945,,Method rationale in method engineering,"Rossi, M. (1); Tolvanen, J.-P.; Ramesh, B.; Lyytinen, K.; Kaipala, J.",Proceedings of the 33rd Annual Hawaii International Conference on System Sciences,,,Method_rationale_in_method_engineering.pdf,download via DOI/publisher/library/VPN; save into /Users/baiyixin/Downloads/pdf_386
6,Design rationale,40034332988c,2007,Redesigning the rationale for design rationale,"Atwood, Michael E. (1); Horner, John (1)",Lecture Notes in Computer Science (including subseries Lecture Notes in Artificial Intelligence and Lecture Notes in Bioinformatics),10.1007/978-3-540-73105-4_2,https://doi.org/10.1007/978-3-540-73105-4_2,1007.978-3-540-73105-4.2.pdf,download via DOI/publisher/library/VPN; save into /Users/baiyixin/Downloads/pdf_386
6,Design rationale,9378ab34b041,,Redesigning the rationale for design rationale,"Atwood, M.E. (1); Horner, J. (1)","Human-Computer Interaction - Interaction Design and Usability. Proceedings 12th International Conference, HCI International 2007",,,Redesigning_the_rationale_for_design_rationale.pdf,download via DOI/publisher/library/VPN; save into /Users/baiyixin/Downloads/pdf_386
6,Design rationale,a60240423604,,"Reviewing the state-of-the-art design rationale definitions, representations and capabilities","Sagoo, J. (1); Tiwari, A. (1); Alcock, J. (1)",International Journal of Design Engineering,10.1504/IJDE.2014.062377,https://doi.org/10.1504/IJDE.2014.062377,1504.ijde.2014.062377.pdf,download via DOI/publisher/library/VPN; save into /Users/baiyixin/Downloads/pdf_386
6,Design rationale,19c286f4e44f,2008,Scientific design rationale,"Haynes, Steven R. (1, 2); Bach, Paula M. (1); Carroll, John M. (1)","Artificial Intelligence for Engineering Design, Analysis and Manufacturing: AIEDAM",10.1017/S0890060408000243,https://doi.org/10.1017/S0890060408000243,1017.s0890060408000243.pdf,download via DOI/publisher/library/VPN; save into /Users/baiyixin/Downloads/pdf_386
6,Design rationale,6d339b25d458,,Shared Mental Models for Collaborative Mechanical Design in Mechanical Engineering,Junmin Du (1),Advanced Materials Research,10.4028/www.scientific.net/AMR.644.378,https://doi.org/10.4028/www.scientific.net/AMR.644.378,4028.www.scientific.net.amr.644.378.pdf,download via DOI/publisher/library/VPN; save into /Users/baiyixin/Downloads/pdf_386
6,Design rationale,7a42dd52852e,1991,What's in design rationale?,"Lee, Jintae (1); Lai, Kum-Yew (1)",Human-Computer Interaction,,,What_s_in_design_rationale.pdf,download via DOI/publisher/library/VPN; save into /Users/baiyixin/Downloads/pdf_386
