paper_id,title,authors,abstract,doi,year,venue,url,keyword,source_repos,abstract_quality,format_excluded,scope_excluded,c2,c3,fulltext_flag,c2_and_c3,disposition,advances_to_fulltext,primary_reason,val_reason,pdf_found,pdf_extract_method,full_text_chars,paragraph_count,matched_paragraph_count,discussion_found,discussion_paragraph_count,keyword_conditioned_paragraph_count,focus_keyword,embedding_model,text_view,cluster_method,cluster,cluster_theme_terms,umap_x,umap_y,distance_to_centroid,representative_rank,is_representative_top3,medoid_rank,lda_topic,lda_topic_probability,lda_topic_words,cluster_label_candidate,cluster_summary_candidate,facet_population_or_context,facet_stakeholder_or_population,facet_method_or_lens,facet_artifact_or_domain,facet_contribution_or_outcome,nearest_papers,design_knowledge_form,design_knowledge_action,design_knowledge_contribution
00d7fbafe65f,"Demystifying Tacit Knowledge in Graphic Design: Characteristics, Instances, Approaches, and Guidelines","Son, Kihoon and Choi, DaEun and Kim, Tae Soo and Kim, Juho","Despite the growing demand for professional graphic design knowledge, the tacit nature of design inhibits knowledge sharing. However, there is a limited understanding on the characteristics and instances of tacit knowledge in graphic design. In this work, we build a comprehensive set of tacit knowledge characteristics through a literature review. Through interviews with 10 professional graphic designers, we collected 123 tacit knowledge instances and labeled their characteristics. By qualitatively coding the instances, we identified the prominent elements, actions, and purposes of tacit knowledge. To identify which instances have been addressed the least, we conducted a systematic literature review of prior system support to graphic design. By understanding the reasons for the lack of support on these instances based on their characteristics, we propose design guidelines for capturing and applying tacit knowledge in design tools. This work takes a step towards understanding tacit knowledge, and how this knowledge can be communicated.",10.1145/3613904.3642886,2024,Proceedings of the 2024 CHI Conference on Human Factors in Computing Systems,https://doi.org/10.1145/3613904.3642886,Design Guidelines,acm|engineering_village|semantic_scholar,full,False,False,True,True,True,True,advance_criteria,True,"Builds a comprehensive set of tacit knowledge characteristics via literature review and characterizes/defines tacit design knowledge in graphic design, satisfying C2 and likely C3.","The paper develops a VR Deceptive Game Design Assessment Guide based on a critical literature review, which indicates synthesis/categorization of design patterns, but the abstract does not clearly state an explicit adapted or original definition.",True,pdfplumber,73017,52,10,False,0,6,Design guidelines,tfidf-svd,knowledge-type,hdbscan,-1,noise / outliers,13.615276,9.182549,,-1,True,-1,3,0.961974472489776,"guidelines, visualization, concept, usability, task, characteristics, aesthetics, rules",Unclustered papers,HDBSCAN did not assign these papers to a dense cluster. They are retained for inspection but should not be interpreted as a thematic cluster.,,,,,,"[{'paper_id': '2cceb8eaa8c9', 'title': 'Design Guidelines and Strategies for Interim Innovation', 'cluster': -1, 'distance': 0.5638314821915724}, {'paper_id': 'cb7daae2b94f', 'title': 'User Experience Design in Professional Map-Based Geo-Portals', 'cluster': -1, 'distance': 0.8280731887748992}, {'paper_id': 'b14f85b19a87', 'title': 'Design Study Methodology: Reflections from the Trenches and the Stacks', 'cluster': -1, 'distance': 0.8375162650960958}, {'paper_id': '14dcaf15aa66', 'title': 'Terminologia kohtaa k√§ytett√§vyyden. Terminologisen k√§ytett√§vyyden ydint√§ rakentamassa', 'cluster': -1, 'distance': 0.8475661582805957}, {'paper_id': 'c216cc01fe23', 'title': 'A Preliminary Proposal Towards Unambiguous Definitions for Modular Interfaces and Interactions', 'cluster': -1, 'distance': 0.8549163108210349}]",n/a,n/a,Not interpreted as a cluster theme.
ca185d91b684,Embracing Non-Natural Design in Human-Computer Interaction,"Vatavu, Radu-Daniel","Decades ago, the natural interaction design paradigm has brought about a revolutionary shift in perspective regarding how interactions with computer systems could and should take place. By promoting intuition, familiarity, and context matching, natural interactions leverage users‚Äô best capabilities to engage in effective dialogue with their computer interlocutors. Natural interaction has prevailed and transpires today in the way we use gestures, voice, or eye gaze to interact with mobile and wearable devices, communicate with personal assistants, play video games through whole-body movements, and engage with public ambient displays. However, recent contexts of use, represented by novel extended reality environments, computer systems designed to augment the human body, and creative designs of assistive technology, have resulted in interactions that can no longer be characterized as ‚Äúnatural.‚Äù In fact, the opposite of natural is true for them. An interaction technique for retrieving digital files from thin air, without any feedback other than within users‚Äô own imagination, does not follow natural design guidelines, but can nevertheless prove effective. Alternating between normal and whispered voices is not a natural speech behavior, yet it enables effective discrimination between commands addressed to the system and actual speech to be transformed into text input. Eyelid gestures, reproducing movement patterns, are not natural for how we normally close and open our eyes, but are effective input for users with motor impairments. In this context, I will discuss non-natural interaction design&nbsp;[5], a transformative and creative process in Human-Computer Interaction research and practice that leads to highly usable and effective interactions with computer systems by deliberately deviating from users‚Äô expectations and their experience of engaging with the natural, physical world. Non-natural interactions are surprising, unexpected, thought-provoking and, by design, non natural. Yet, they foster usability, accessibility, and efficiency for users. In my talk, I will exemplify the paradigm of non-natural interaction design through practical use cases developed and examined in my lab, spanning from wearable devices that challenge user agency&nbsp;[1] to smart buildings featuring invisible layers of digital content anchored in thin air&nbsp;[3], augmenting and extending the human body with virtual limbs&nbsp;[4], and computer-supported worlds that enable switching between different reality augmentations&nbsp;[2].",10.1145/3656650.3660545,2024,Proceedings of the 2024 International Conference on Advanced Visual Interfaces,https://doi.org/10.1145/3656650.3660545,Design Guidelines,acm|engineering_village|semantic_scholar,full,False,False,True,True,True,True,advance_criteria,True,"Discusses and critiques the natural interaction design paradigm, plausibly synthesizing and redefining design paradigms/constructs (e.g., non-natural design), so C2/C3 plausible pending full text.","The paper appears to discuss a design paradigm in HCI rather than an algorithm or system, but the truncated abstract does not clearly show a synthesis from prior work or an explicit definition, so full text is needed.",True,pdfplumber,5002,4,1,False,0,1,Design guidelines,tfidf-svd,knowledge-type,hdbscan,-1,noise / outliers,13.793479,11.257895,,-1,True,-1,5,0.935716900435678,"guidelines, practical, paradigm, environment, effective, introduce, brought, decades",Unclustered papers,HDBSCAN did not assign these papers to a dense cluster. They are retained for inspection but should not be interpreted as a thematic cluster.,,,,,,"[{'paper_id': 'c216cc01fe23', 'title': 'A Preliminary Proposal Towards Unambiguous Definitions for Modular Interfaces and Interactions', 'cluster': -1, 'distance': 0.724206058809395}, {'paper_id': '425cad2aba7c', 'title': 'Design Guidelines and Examples', 'cluster': -1, 'distance': 0.7929740873511948}, {'paper_id': '85ba95ab4fa0', 'title': 'Six Guidelines for Trustworthy, Ethical and Responsible Automation Design', 'cluster': -1, 'distance': 0.8371303197430657}, {'paper_id': '615169de6f0e', 'title': 'From interaction to trajectories: designing coherent journeys through user experiences', 'cluster': -1, 'distance': 0.8477155330882344}, {'paper_id': 'cb5bf6a78d8e', 'title': 'From surface realism to training considerations: a proposal for changing the focus in the design of training systems', 'cluster': -1, 'distance': 0.8610659511380359}]",n/a,n/a,Not interpreted as a cluster theme.
f0b2517a04a4,Don't Do That! Hunting Down Visual Design Smells in Complex UIs against Design Guidelines,"Yang, Bo and Xing, Zhenchang and Xia, Xin and Chen, Chunyang and Ye, Deheng and Li, Shanping","Just like code smells in source code, UI design has visual design smells. We study 93 don't-do-that guidelines in the Material Design, a complex design system created by Google. We find that these don't-guidelines go far beyond UI aesthetics, and involve seven general design dimensions (layout, typography, iconography, navigation, communication, color, and shape) and four component design aspects (anatomy, placement, behavior, and usage). Violating these guidelines results in visual design smells in UIs (or UI design smells). In a study of 60,756 UIs of 9,286 Android apps, we find that 7,497 UIs of 2,587 apps have at least one violation of some Material Design guidelines. This reveals the lack of developer training and tool support to avoid UI design smells. To fill this gap, we design an automated UI design smell detector (UIS-Hunter) that extracts and validates multi-modal UI information (component metadata, typography, iconography, color, and edge) for detecting the violation of diverse don't-guidelines in Material Design. The detection accuracy of UIS-Hunter is high (precision=0.81, recall=0.90) on the 60,756 UIs of 9,286 apps. We build a guideline gallery with real-world UI design smells that UIS-Hunter detects for developers to learn the best Material Design practices. Our user studies show that UIS-Hunter is more effective than manual detection of UI design smells, and the UI design smells that are detected by UIS-Hunter have severely negative impacts on app users.",10.1109/icse43902.2021.00075,2021,Proceedings of the 43rd International Conference on Software Engineering,https://doi.org/10.1109/ICSE43902.2021.00075,Design Guidelines,acm|engineering_village|ieee|semantic_scholar,full,False,False,True,True,True,True,advance_criteria,True,"Studies and categorizes 93 design guidelines across design dimensions and defines the concept of UI design smells, plausibly satisfying both C2 and C3; flagged to confirm in full text.","This appears to be an empirical study of stroke rehabilitation context intended to inform interaction design, and while design implications are plausible, the abstract does not clearly indicate synthesis or explicit definition of design knowledge from prior work.",True,pdfplumber,69877,43,10,False,0,6,Design guidelines,tfidf-svd,knowledge-type,hdbscan,-1,noise / outliers,12.860602,9.232349,,-1,True,-1,1,0.9535468986637192,"guidelines, architecture, visual, immersive, self, complex, developed, environments",Unclustered papers,HDBSCAN did not assign these papers to a dense cluster. They are retained for inspection but should not be interpreted as a thematic cluster.,,,,,,"[{'paper_id': 'ee0a5b26f6dc', 'title': 'Formalizing Visualization Design Knowledge as Constraints: Actionable and Extensible Models in Draco', 'cluster': -1, 'distance': 0.7981578575624282}, {'paper_id': '48af90d5dfe7', 'title': 'Design Guidelines for Domain Specific Languages', 'cluster': -1, 'distance': 0.7994805024349367}, {'paper_id': '75f43821c56f', 'title': 'Towards a Model of Information Aesthetics in Information Visualization', 'cluster': -1, 'distance': 0.8685732727083201}, {'paper_id': '615169de6f0e', 'title': 'From interaction to trajectories: designing coherent journeys through user experiences', 'cluster': -1, 'distance': 0.8709021414720839}, {'paper_id': '866322a64dc5', 'title': 'Healthy Eating Design Guidelines for School Architecture', 'cluster': -1, 'distance': 0.8867643497300927}]",n/a,n/a,Not interpreted as a cluster theme.
65c31c577170,The Rough Mile: Testing a Framework of Immersive Practice,"Spence, Jocelyn and Hazzard, Adrian and McGrath, Sean and Greenhalgh, Chris and Benford, Steve","We present our case study on gifting digital music, The Rough Mile, as an example of a Framework of Immersive Practice, intended for researchers and practitioners in HCI and interaction design. Although immersion is a frequently used term in the HCI and related literatures, we find no definitions or frameworks that are robust enough to capture the full range of multi-sensory, emotional, and cognitive engagement that the richest of these experiences can entail. We therefore turn to the theatrical performance literature to distil a theory-based framework of practices that can apply to interdisciplinary projects as well as works with an entirely aesthetic aim. The design choices and findings of The Rough Mile are presented in terms of this framework, leading to a discussion of the design guidelines that can shape its use in any HCI or interaction design project aiming for a deep, personal engagement through technology.",10.1145/3064663.3064756,2017,Proceedings of the 2017 Conference on Designing Interactive Systems,https://doi.org/10.1145/3064663.3064756,Design Guidelines,acm,full,False,False,True,True,True,True,advance_criteria,True,"Distills a theory-based framework of immersive practice from theatrical literature for HCI design and notes absence of robust existing definitions, suggesting synthesis and its own framework definition.","The paper explicitly distils a theory-based framework from theatrical performance literature and states that existing definitions/frameworks are inadequate, indicating both synthesis and an adapted or newly articulated framework/definition for immersive practice.",True,pdfplumber,59439,38,10,False,0,1,Design guidelines,tfidf-svd,knowledge-type,hdbscan,-1,noise / outliers,12.36131,11.298785,,-1,True,-1,0,0.9475645353657344,"guidelines, provide, guidance, definitions, high, immersive, literature, reflect",Unclustered papers,HDBSCAN did not assign these papers to a dense cluster. They are retained for inspection but should not be interpreted as a thematic cluster.,,,,,,"[{'paper_id': '0842498049c7', 'title': 'The Extended Likeability Framework: A Theoretical Framework for and a Practical Case of Designing Likeable Media Applications for Preschoolers', 'cluster': -1, 'distance': 0.638867673625086}, {'paper_id': 'd0a17557440f', 'title': 'Avoiding virtual dystopia: A design theory for emancipatory participatory immersive platforms', 'cluster': -1, 'distance': 0.6507295612274392}, {'paper_id': '615169de6f0e', 'title': 'From interaction to trajectories: designing coherent journeys through user experiences', 'cluster': -1, 'distance': 0.7512465845204473}, {'paper_id': '425cad2aba7c', 'title': 'Design Guidelines and Examples', 'cluster': -1, 'distance': 0.8630030140197541}, {'paper_id': 'b077c606da41', 'title': 'Classification approach for hybrid components in mechanical engineering with a focus on additive manufacturing', 'cluster': -1, 'distance': 0.8657750308715841}]",n/a,n/a,Not interpreted as a cluster theme.
615169de6f0e,From interaction to trajectories: designing coherent journeys through user experiences,"Benford, Steve and Giannachi, Gabriella and Koleva, Boriana and Rodden, Tom","The idea of interactional trajectories through interfaces has emerged as a sensitizing concept from recent studies of tangible interfaces and interaction in museums and galleries. We put this concept to work as a lens to reflect on published studies of complex user experiences that extend over space and time and involve multiple roles and interfaces. We develop a conceptual framework in which trajectories explain these user experiences as journeys through hybrid structures, punctuated by transitions, and in which interactivity and collaboration are orchestrated. Our framework is intended to sensitize future studies, help distill craft knowledge into design guidelines and patterns, identify technology requirements, and provide a boundary object to connect HCI with Performance Studies.",10.1145/1518701.1518812,2009,Proceedings of the SIGCHI Conference on Human Factors in Computing Systems,https://doi.org/10.1145/1518701.1518812,Design Guidelines,acm,full,False,False,True,True,True,True,advance_criteria,True,"Develops a conceptual framework of trajectories by reflecting on published studies, synthesizing prior work and defining the construct, satisfying C2 and likely C3.","Uses the concept of interactional trajectories to reflect on published studies and develops a conceptual framework synthesizing prior work, but the abstract does not clearly state an explicit original or adapted definition, so full text is needed for C3.",True,pdfplumber,52454,36,10,False,0,2,Design guidelines,tfidf-svd,knowledge-type,hdbscan,-1,noise / outliers,14.653017,11.016296,,-1,True,-1,3,0.9600395630987432,"guidelines, visualization, concept, usability, task, characteristics, aesthetics, rules",Unclustered papers,HDBSCAN did not assign these papers to a dense cluster. They are retained for inspection but should not be interpreted as a thematic cluster.,,,,,,"[{'paper_id': 'c216cc01fe23', 'title': 'A Preliminary Proposal Towards Unambiguous Definitions for Modular Interfaces and Interactions', 'cluster': -1, 'distance': 0.7306688910748776}, {'paper_id': '65c31c577170', 'title': 'The Rough Mile: Testing a Framework of Immersive Practice', 'cluster': -1, 'distance': 0.7512465845204473}, {'paper_id': '14dcaf15aa66', 'title': 'Terminologia kohtaa k√§ytett√§vyyden. Terminologisen k√§ytett√§vyyden ydint√§ rakentamassa', 'cluster': -1, 'distance': 0.8089263467911771}, {'paper_id': '0ef759265f23', 'title': 'The equitable use concept in sidewalk design', 'cluster': -1, 'distance': 0.827873955563495}, {'paper_id': 'ca185d91b684', 'title': 'Embracing Non-Natural Design in Human-Computer Interaction', 'cluster': -1, 'distance': 0.8477155330882344}]",n/a,n/a,Not interpreted as a cluster theme.
85ba95ab4fa0,"Six Guidelines for Trustworthy, Ethical and Responsible Automation Design","Jel√≠nek, Matou≈° ; Schlicker, Nadine ; de Visser, Ewart","Calibrated trust in automated systems (Lee and See 2004) is critical for their safe and seamless integration into society. The common goal of the various definitions of calibrated trust1 is to optimize outcomes in human-automation interaction. In other words, users should only rely on a system recommendation when it is actually correct and reject it when it is factually wrong. One requirement to achieve this goal is an accurate trustworthiness assessment, ensuring that the user's perception of the system's trustworthiness aligns with its actual trustworthiness, allowing users to make informed decisions about the extent to which they can rely on the system (Schlicker et al. 2022). The field of pragmatics offers valuable insights into the communication processes essential for developing accurate trustworthiness assessments by helping to find strategies to bridging the gap between user expectations and system capabilities, emphasizing the importance of context and mutual understanding in communication. We propose six design guidelines to help designers to optimize for accurate trustworthiness assessments, thus fostering ethical, and responsible human-automation interactions. The proposed guidelines are derived from existing literature in various fields, such as human-computer interaction, cognitive psychology, automation research, user-experience design, and ethics. We are incorporating key principles from the field of pragmatics, specifically the cultivation of common ground (H. H. Clark 1996) and Gricean communication maxims (Grice 1975). These principles are essential for the design of automated systems because the user‚Äôs perception of the system‚Äôs trustworthiness is shaped by both environmental contexts, such as organizational culture or societal norms, and by situational context, including the specific circumstances or scenarios in which the interaction occurs (Hoff and Bashir 2015). Pragmatics principles provide valuable insights into these contexts, thus enhancing our understanding and design of trustworthy systems. Our proposed guidelines provide actionable insights for designers to create automated systems that make relevant trustworthiness cues available. This would ideally foster calibrated trust and more satisfactory, productive, and safe interactions between humans and automated systems. Furthermore, the proposed heuristics might work as a tool for evaluating to what extent existing systems enable users to accurately assess a system‚Äôs trustworthiness. ¬© 2025, CC BY-NC-ND.",10.48550/arXiv.2508.02371,2025,arXiv,,Design Guidelines,engineering_village|semantic_scholar,full,False,False,True,True,True,True,advance_criteria,True,"Proposes six guidelines for automation design and engages with definitions of calibrated trust, plausibly synthesizing/defining design constructs; flagged to confirm in full text.","The paper appears to present six guidelines about automation design as its topic, but the abstract fragment does not clearly show whether these guidelines are synthesized from prior literature or whether any explicit definition/adaptation of a design-knowledge construct is provided.",True,pdfplumber,44460,30,10,True,6,6,Design guidelines,tfidf-svd,knowledge-type,hdbscan,-1,noise / outliers,13.570722,10.659342,,-1,True,-1,4,0.95359597065591,"guidelines, definitions, interfaces, goal, clear, hybrid, types, strategies",Unclustered papers,HDBSCAN did not assign these papers to a dense cluster. They are retained for inspection but should not be interpreted as a thematic cluster.,,,,,,"[{'paper_id': '425cad2aba7c', 'title': 'Design Guidelines and Examples', 'cluster': -1, 'distance': 0.6616889952169664}, {'paper_id': 'b077c606da41', 'title': 'Classification approach for hybrid components in mechanical engineering with a focus on additive manufacturing', 'cluster': -1, 'distance': 0.7481641530727732}, {'paper_id': '2cceb8eaa8c9', 'title': 'Design Guidelines and Strategies for Interim Innovation', 'cluster': -1, 'distance': 0.7481940770816657}, {'paper_id': 'ca185d91b684', 'title': 'Embracing Non-Natural Design in Human-Computer Interaction', 'cluster': -1, 'distance': 0.8371303197430657}, {'paper_id': '0176348439b8', 'title': 'A Comparative Study of Chinese and American Rural Design Guidelines', 'cluster': -1, 'distance': 0.8821434467281197}]",n/a,n/a,Not interpreted as a cluster theme.
75f43821c56f,Towards a Model of Information Aesthetics in Information Visualization,A. Lau; A. Vande Moere,"This paper proposes a model of information aesthetics in the context of information visualization. It addresses the need to acknowledge a recently emerging number of visualization projects that combine information visualization techniques with principles of creative design. The proposed model contributes to a better understanding of information aesthetics as a potentially independent research field within visualization that specifically focuses on the experience of aesthetics, dataset interpretation and interaction. The proposed model is based on analysing existing visualization techniques by their interpretative intent and data mapping inspiration. It reveals information aesthetics as the conceptual link between information visualization and visualization art, and includes the fields of social and ambient visualization. This model is unique in its focus on aesthetics as the artistic influence on the technical implementation and intended purpose of a visualization technique, rather than subjective aesthetic judgments of the visualization outcome. This research provides a framework for understanding aesthetics in visualization, and allows for new design guidelines and reviewing criteria.",10.1109/IV.2007.114,2007,,,Design Guidelines,ieee,full,False,False,True,True,True,True,advance_criteria,True,"Proposes a model of information aesthetics based on analyzing existing visualization techniques, plausibly synthesizing and defining a design-related construct, so C2/C3 are plausible but warrant full-text confirmation.","The paper proposes a model of information aesthetics based on analyzing existing visualization techniques and creative design principles, indicating synthesis of related constructs, but the abstract does not clearly state an explicit original or adapted definition, so full text is needed for C3.",True,pdfplumber,30250,21,10,False,0,2,Design guidelines,tfidf-svd,knowledge-type,hdbscan,-1,noise / outliers,12.152493,9.262214,,-1,True,-1,3,0.9636645838833058,"guidelines, visualization, concept, usability, task, characteristics, aesthetics, rules",Unclustered papers,HDBSCAN did not assign these papers to a dense cluster. They are retained for inspection but should not be interpreted as a thematic cluster.,,,,,,"[{'paper_id': 'ee0a5b26f6dc', 'title': 'Formalizing Visualization Design Knowledge as Constraints: Actionable and Extensible Models in Draco', 'cluster': -1, 'distance': 0.5774929409479233}, {'paper_id': 'b14f85b19a87', 'title': 'Design Study Methodology: Reflections from the Trenches and the Stacks', 'cluster': -1, 'distance': 0.8198089726488476}, {'paper_id': 'f0b2517a04a4', 'title': ""Don't Do That! Hunting Down Visual Design Smells in Complex UIs against Design Guidelines"", 'cluster': -1, 'distance': 0.8685732727083201}, {'paper_id': 'b357bc5a3d3b', 'title': 'Towards Canonical Task Types for User Interface Design', 'cluster': -1, 'distance': 0.8783085037203127}, {'paper_id': 'cb7daae2b94f', 'title': 'User Experience Design in Professional Map-Based Geo-Portals', 'cluster': -1, 'distance': 0.9043066103243039}]",n/a,n/a,Not interpreted as a cluster theme.
b357bc5a3d3b,Towards Canonical Task Types for User Interface Design,J. M. Gonzalez-Calleros; J. Guerrero-Garcia; J. Vanderdonckt; J. Munoz-Arteaga,"Task models are the cornerstone of user-centred design methodologies for user interface design. Therefore, they deserve attention in order to produce them effectively and efficiently, while guaranteeing the reproducibility of a task model: different persons should in principle obtain the same task model, or a similar one, for the same problem. In order to provide user interface designers with some guidance for task modelling, a list of canonical task types is proposed that offers a unified definition of frequently used tasks types in a consistent way. Each task type consists of a task action coupled with a task object, each of them being written according to design guidelines. This list provides the following benefits: tasks are modelled in a more consistent way, their definition is more communicable and shared, task models can be efficiently used for model-driven engineering of user interfaces.",10.1109/LA-WEB.2009.33,2009,,,Design Guidelines,ieee,full,False,False,True,True,True,True,advance_criteria,True,"Proposes a unified set of canonical task types offering consistent definitions of frequently used task types for UI design, synthesizing and defining design-knowledge constructs.","The paper proposes canonical task types to guide UI task modelling and explicitly offers unified definitions of frequently used task types, indicating both categorization/definition of design-related constructs and explicit definitional work.",True,pdfplumber,36361,22,5,False,0,1,Design guidelines,tfidf-svd,knowledge-type,hdbscan,-1,noise / outliers,12.579099,9.758347,,-1,True,-1,3,0.966591150803025,"guidelines, visualization, concept, usability, task, characteristics, aesthetics, rules",Unclustered papers,HDBSCAN did not assign these papers to a dense cluster. They are retained for inspection but should not be interpreted as a thematic cluster.,,,,,,"[{'paper_id': '48af90d5dfe7', 'title': 'Design Guidelines for Domain Specific Languages', 'cluster': -1, 'distance': 0.8247797574465442}, {'paper_id': 'b14f85b19a87', 'title': 'Design Study Methodology: Reflections from the Trenches and the Stacks', 'cluster': -1, 'distance': 0.8449913167434904}, {'paper_id': '75f43821c56f', 'title': 'Towards a Model of Information Aesthetics in Information Visualization', 'cluster': -1, 'distance': 0.8783085037203127}, {'paper_id': '14dcaf15aa66', 'title': 'Terminologia kohtaa k√§ytett√§vyyden. Terminologisen k√§ytett√§vyyden ydint√§ rakentamassa', 'cluster': -1, 'distance': 0.8867530875680985}, {'paper_id': 'b077c606da41', 'title': 'Classification approach for hybrid components in mechanical engineering with a focus on additive manufacturing', 'cluster': -1, 'distance': 0.9008781041761338}]",n/a,n/a,Not interpreted as a cluster theme.
b14f85b19a87,Design Study Methodology: Reflections from the Trenches and the Stacks,M. Sedlmair; M. Meyer; T. Munzner,"Design studies are an increasingly popular form of problem-driven visualization research, yet there is little guidance available about how to do them effectively. In this paper we reflect on our combined experience of conducting twenty-one design studies, as well as reading and reviewing many more, and on an extensive literature review of other field work methods and methodologies. Based on this foundation we provide definitions, propose a methodological framework, and provide practical guidance for conducting design studies. We define a design study as a project in which visualization researchers analyze a specific real-world problem faced by domain experts, design a visualization system that supports solving this problem, validate the design, and reflect about lessons learned in order to refine visualization design guidelines. We characterize two axes - a task clarity axis from fuzzy to crisp and an information location axis from the domain expert's head to the computer - and use these axes to reason about design study contributions, their suitability, and uniqueness from other approaches. The proposed methodological framework consists of 9 stages: learn, winnow, cast, discover, design, implement, deploy, reflect, and write. For each stage we provide practical guidance and outline potential pitfalls. We also conducted an extensive literature survey of related methodological approaches that involve a significant amount of qualitative field work, and compare design study methodology to that of ethnography, grounded theory, and action research.",10.1109/TVCG.2012.213,2012,,,Design Guidelines,ieee,full,False,False,True,True,False,True,advance_criteria,True,"Synthesizes literature and experience to define design studies and propose a methodological framework, providing original definitions, satisfying C2 and C3.","The paper explicitly reflects on prior design studies and related methodology literature to provide definitions, a methodological framework, and guidance for design studies, satisfying both synthesis and definition criteria.",True,pdfplumber,66697,42,10,False,0,4,Design guidelines,tfidf-svd,knowledge-type,hdbscan,-1,noise / outliers,11.7809,9.896761,,-1,True,-1,0,0.967816502565854,"guidelines, provide, guidance, definitions, high, immersive, literature, reflect",Unclustered papers,HDBSCAN did not assign these papers to a dense cluster. They are retained for inspection but should not be interpreted as a thematic cluster.,,,,,,"[{'paper_id': 'ee0a5b26f6dc', 'title': 'Formalizing Visualization Design Knowledge as Constraints: Actionable and Extensible Models in Draco', 'cluster': -1, 'distance': 0.6874281770963269}, {'paper_id': 'c216cc01fe23', 'title': 'A Preliminary Proposal Towards Unambiguous Definitions for Modular Interfaces and Interactions', 'cluster': -1, 'distance': 0.7893279373657669}, {'paper_id': '866322a64dc5', 'title': 'Healthy Eating Design Guidelines for School Architecture', 'cluster': -1, 'distance': 0.7914041118438909}, {'paper_id': '0842498049c7', 'title': 'The Extended Likeability Framework: A Theoretical Framework for and a Practical Case of Designing Likeable Media Applications for Preschoolers', 'cluster': -1, 'distance': 0.810266844097186}, {'paper_id': '75f43821c56f', 'title': 'Towards a Model of Information Aesthetics in Information Visualization', 'cluster': -1, 'distance': 0.8198089726488476}]",n/a,n/a,Not interpreted as a cluster theme.
d0a17557440f,Avoiding virtual dystopia: A design theory for emancipatory participatory immersive platforms,Fabian Tingelhoff; Jens Joachim Marga,"Immersive platforms, accessed via VR and AR interfaces, offer a profound digital experience but raise significant privacy and ethical concerns. Current systems collect extensive user data; this enables manipulative advertising and behavior control, fosters self-censorship, and diminishes authentic self-expression ‚Äì especially among marginalized communities. The unchecked development of immersive platforms threatens to create oppressive environments due to power imbalances and a lack of regulation. This paper addresses the urgent need for emancipatory design guidelines to prevent such outcomes. By integrating critical theory with Participatory Design, we propose Emancipatory Participatory Immersive Platforms. These platforms involve users in their design and dismantle oppressive structures through four emancipatory tools (i.e., agency, dialogue, inclusion, and rationality), substantiated by eight actionable design principles. Our framework aims to empower users, promote inclusivity, and ensure rational engagement ‚Äì and thereby foster immersive platforms that maintain functional benefits while enhancing freedom and equity.",,2025,Journal of strategic information systems,https://www.semanticscholar.org/paper/0118e4e235a32b2389d0a4caf0344774b888ca5c,Design Guidelines,semantic_scholar,full,False,False,True,True,True,True,advance_criteria,True,"Presents a design theory and emancipatory design guidelines as its central contribution, plausibly satisfying C2 and likely defining its construct, though full text confirmation is warranted.","The paper addresses issues, guidelines, and recommendations for school green spaces, suggesting possible relevance to design knowledge, but the abstract does not confirm a literature-based synthesis or an explicit definition, requiring full-text review.",False,,0,0,0,False,0,0,Design guidelines,tfidf-svd,knowledge-type,hdbscan,-1,noise / outliers,12.711753,11.571318,,-1,True,-1,1,0.9619630622591274,"guidelines, architecture, visual, immersive, self, complex, developed, environments",Unclustered papers,HDBSCAN did not assign these papers to a dense cluster. They are retained for inspection but should not be interpreted as a thematic cluster.,,,,,,"[{'paper_id': '65c31c577170', 'title': 'The Rough Mile: Testing a Framework of Immersive Practice', 'cluster': -1, 'distance': 0.6507295612274392}, {'paper_id': '139a1e71d8dc', 'title': 'Separation of Modeling Principles and Design Principles in Enterprise Engineering', 'cluster': -1, 'distance': 0.7585631491325374}, {'paper_id': '425cad2aba7c', 'title': 'Design Guidelines and Examples', 'cluster': -1, 'distance': 0.8028564800688993}, {'paper_id': '0176348439b8', 'title': 'A Comparative Study of Chinese and American Rural Design Guidelines', 'cluster': -1, 'distance': 0.8122898504067511}, {'paper_id': '866322a64dc5', 'title': 'Healthy Eating Design Guidelines for School Architecture', 'cluster': -1, 'distance': 0.8299365195800805}]",n/a,n/a,Not interpreted as a cluster theme.
b077c606da41,Classification approach for hybrid components in mechanical engineering with a focus on additive manufacturing,M. Ley; Ali Al-Zuhairi; R. Teutsch,"Abstract While considering processes, machines and components, the term ‚Äúhybrid‚Äù is often used to describe an interaction, combination or integration. This paper focusses on hybrid components (HC). Because of different definitions and classifications for various HC-types, a common sense is not intuitively clear. This is worsened by more and new types of additively manufactured (AM) HC-variants, nowadays. Due to this, a generalized and AM-compatible definition and classification for HC are proposed. Additionally, the classification serves an appropriate assignment and access of related design guidelines, which are needed for making the potentials of AM-HC more perceptible and achieving manufacturability.",,2021,,https://www.semanticscholar.org/paper/059e9cf8f5148cf9c2aa96430fa38ec930824191,Design Guidelines,semantic_scholar,full,False,False,True,True,True,True,advance_criteria,True,"Proposes a generalized definition and classification of hybrid components from differing prior definitions, suggesting both synthesis (C2) and definitional contribution (C3); flag to confirm.","This paper proposes applying the SIMIC theoretical approach as a foundation for digital intervention design, plausibly engaging design rationale or principles, but the abstract does not clearly confirm a synthesis or explicit definition of design-knowledge constructs.",False,,0,0,0,False,0,0,Design guidelines,tfidf-svd,knowledge-type,hdbscan,-1,noise / outliers,14.099304,10.689229,,-1,True,-1,4,0.9535874023071832,"guidelines, definitions, interfaces, goal, clear, hybrid, types, strategies",Unclustered papers,HDBSCAN did not assign these papers to a dense cluster. They are retained for inspection but should not be interpreted as a thematic cluster.,,,,,,"[{'paper_id': '85ba95ab4fa0', 'title': 'Six Guidelines for Trustworthy, Ethical and Responsible Automation Design', 'cluster': -1, 'distance': 0.7481641530727732}, {'paper_id': '139a1e71d8dc', 'title': 'Separation of Modeling Principles and Design Principles in Enterprise Engineering', 'cluster': -1, 'distance': 0.8485532903043291}, {'paper_id': '0ef759265f23', 'title': 'The equitable use concept in sidewalk design', 'cluster': -1, 'distance': 0.856088517042801}, {'paper_id': '65c31c577170', 'title': 'The Rough Mile: Testing a Framework of Immersive Practice', 'cluster': -1, 'distance': 0.8657750308715841}, {'paper_id': '615169de6f0e', 'title': 'From interaction to trajectories: designing coherent journeys through user experiences', 'cluster': -1, 'distance': 0.86778480591465}]",n/a,n/a,Not interpreted as a cluster theme.
139a1e71d8dc,Separation of Modeling Principles and Design Principles in Enterprise Engineering,Tetsuya Suga; Peter De Bruyn; Philip Huysmans; J. Verelst; H. Mannaert,"An agile enterprise requires evolvable information systems and organizational structures. Some design theories, e.g. Normalized Systems theory, which were originally developed for designing information systems, have been generalized and extended for the design of organizations. In addition to information systems, Normalized Systems theory has recently expanded its applicability into the organizational level, including business process. This resulted in a set of 25 design guidelines for Normalized Systems Business Processes. On the other hand, Enterprise Ontology provides advantages in understanding the essence of organizations for massive abstraction and complexity reduction. Since these two streams of research apparently have similar goals, i.e. designing enterprises, using different approaches, some early studies tried to compare or combine them. However, most of them achieved limited success. This research investigates the literature, looking for a new way to connect them. It concludes that it may be possible to sequentially utilize those two artifacts in two different phases of enterprise engineering.",,2016,The Practice of Enterprise Modeling,https://www.semanticscholar.org/paper/05ace0f237feda9c4e4dd78cdc60b3dd91738543,Design Guidelines,semantic_scholar,full,False,False,True,True,True,True,advance_criteria,True,"Separates and characterizes modeling vs design principles drawing on existing design theories, addressing forms of design knowledge (C2) and distinguishing definitions (C3); flag to confirm.","It appears to analyze and distinguish modeling principles from design principles across prior enterprise-engineering theories, suggesting synthesis/categorization, but the abstract does not clearly state an explicit definition so full text is needed for C3.",False,,0,0,0,False,0,0,Design guidelines,tfidf-svd,knowledge-type,hdbscan,-1,noise / outliers,12.397863,10.523327,,-1,True,-1,0,0.9507109161692724,"guidelines, provide, guidance, definitions, high, immersive, literature, reflect",Unclustered papers,HDBSCAN did not assign these papers to a dense cluster. They are retained for inspection but should not be interpreted as a thematic cluster.,,,,,,"[{'paper_id': '866322a64dc5', 'title': 'Healthy Eating Design Guidelines for School Architecture', 'cluster': -1, 'distance': 0.5660153943361357}, {'paper_id': 'd0a17557440f', 'title': 'Avoiding virtual dystopia: A design theory for emancipatory participatory immersive platforms', 'cluster': -1, 'distance': 0.7585631491325374}, {'paper_id': '425cad2aba7c', 'title': 'Design Guidelines and Examples', 'cluster': -1, 'distance': 0.7771247847189852}, {'paper_id': 'c216cc01fe23', 'title': 'A Preliminary Proposal Towards Unambiguous Definitions for Modular Interfaces and Interactions', 'cluster': -1, 'distance': 0.815980419219859}, {'paper_id': '0842498049c7', 'title': 'The Extended Likeability Framework: A Theoretical Framework for and a Practical Case of Designing Likeable Media Applications for Preschoolers', 'cluster': -1, 'distance': 0.8212276726662447}]",n/a,n/a,Not interpreted as a cluster theme.
14dcaf15aa66,Terminologia kohtaa k√§ytett√§vyyden. Terminologisen k√§ytett√§vyyden ydint√§ rakentamassa,Suvi Isohella; Anita Nuopponen,"In this paper the principles of usability and user interface design and those of terminology work are brought together in order to introduce the concept of ‚Äúterminological usability‚Äù. The concept forms a basis for developing an additional method for usability research. As long as there has been technology for man-machine communication, there has also been a variety of design rules and design guidelines to assess the usability of user interfaces. We discuss those rules and guidelines that concern linguistic elements on computer and software user interfaces and contrast them with the principles of a ‚Äúgood term‚Äù that can be found in manuals and textbooks for terminology work. Acceptability, consistency and transparency that are shared with both of these approaches are scrutinized more detailed. This paper is part of an ongoing research project that focuses on the usability of user interfaces from terminological perspective.",,2016,VAKKI Publications,https://www.semanticscholar.org/paper/11c6a0fa8fc166972194899f747f6bd2d3e40b34,Design Guidelines,semantic_scholar,full,False,False,True,True,True,True,advance_criteria,True,"Brings together usability/UI design rules and guidelines with terminology work and introduces the concept of 'terminological usability', indicating synthesis of design knowledge and an original definitional construct.","The paper presents a first version of design guidelines for rehabilitation-support virtual environments based on user research and complementary literature review, which plausibly constitutes synthesis of design knowledge, but no explicit definition is stated in the abstract.",True,pdfplumber,34970,24,2,False,0,1,Design guidelines,tfidf-svd,knowledge-type,hdbscan,-1,noise / outliers,14.589068,9.525992,,-1,True,-1,3,0.966542575452742,"guidelines, visualization, concept, usability, task, characteristics, aesthetics, rules",Unclustered papers,HDBSCAN did not assign these papers to a dense cluster. They are retained for inspection but should not be interpreted as a thematic cluster.,,,,,,"[{'paper_id': '0ef759265f23', 'title': 'The equitable use concept in sidewalk design', 'cluster': -1, 'distance': 0.6540362162287023}, {'paper_id': 'c216cc01fe23', 'title': 'A Preliminary Proposal Towards Unambiguous Definitions for Modular Interfaces and Interactions', 'cluster': -1, 'distance': 0.7830667666163292}, {'paper_id': 'cb7daae2b94f', 'title': 'User Experience Design in Professional Map-Based Geo-Portals', 'cluster': -1, 'distance': 0.7991290588290425}, {'paper_id': '615169de6f0e', 'title': 'From interaction to trajectories: designing coherent journeys through user experiences', 'cluster': -1, 'distance': 0.8089263467911771}, {'paper_id': '2cceb8eaa8c9', 'title': 'Design Guidelines and Strategies for Interim Innovation', 'cluster': -1, 'distance': 0.8471968611761609}]",n/a,n/a,Not interpreted as a cluster theme.
48af90d5dfe7,Design Guidelines for Domain Specific Languages,Gabor Karsai; Holger Krahn; Claas Pinkernell; Bernhard Rumpe; Martin Schindler; Steven V√∂lkel,"Designing a new domain specific language is as any other complex task sometimes error-prone and usually time consuming, especially if the language shall be of high-quality and comfortably usable. Existing tool support focuses on the simplification of technical aspects but lacks support for an enforcement of principles for a good language design. In this paper we investigate guidelines that are useful for designing domain specific languages, largely based on our experience in developing languages as well as relying on existing guidelines on general purpose (GPLs) and modeling languages. We defined guidelines to support a DSL developer to achieve better quality of the language design and a better acceptance among its users.",,2014,arXiv.org,https://www.semanticscholar.org/paper/26640e6ab9ea74e28d9401eaf3f66a78a2ab19b7,Design Guidelines,semantic_scholar,full,False,False,True,True,True,True,advance_criteria,True,"Investigates and synthesizes design guidelines for domain-specific languages from existing guidelines and experience, satisfying C2 and likely defining them, so flagged for confirmation.","The paper investigates guidelines for designing domain specific languages based on prior guidelines and experience and explicitly states that it defines relevant constructs, satisfying both synthesis/categorization and definition criteria.",False,,0,0,0,False,0,0,Design guidelines,tfidf-svd,knowledge-type,hdbscan,-1,noise / outliers,13.09224,9.699765,,-1,True,-1,2,0.955964858473309,"guidelines, specific, developing, complex, focuses, aspects, tool, especially",Unclustered papers,HDBSCAN did not assign these papers to a dense cluster. They are retained for inspection but should not be interpreted as a thematic cluster.,,,,,,"[{'paper_id': 'f0b2517a04a4', 'title': ""Don't Do That! Hunting Down Visual Design Smells in Complex UIs against Design Guidelines"", 'cluster': -1, 'distance': 0.7994805024349367}, {'paper_id': 'b357bc5a3d3b', 'title': 'Towards Canonical Task Types for User Interface Design', 'cluster': -1, 'distance': 0.8247797574465442}, {'paper_id': '2cceb8eaa8c9', 'title': 'Design Guidelines and Strategies for Interim Innovation', 'cluster': -1, 'distance': 0.8405463219798444}, {'paper_id': '9020aa145571', 'title': 'A Process Framework for Designing Software Reference Architectures for Providing Tools as a Service', 'cluster': -1, 'distance': 0.8499803223701599}, {'paper_id': 'cb5bf6a78d8e', 'title': 'From surface realism to training considerations: a proposal for changing the focus in the design of training systems', 'cluster': -1, 'distance': 0.859340844238023}]",n/a,n/a,Not interpreted as a cluster theme.
425cad2aba7c,Design Guidelines and Examples,B. Shneiderman,"Successful designs are comprehensible, predictable, and controllable, thereby increasing the users‚Äô self-efficacy, leading to reliable, safe, and trustworthy systems. These successes require careful design of the fine structure of interaction, which emerges from validated theories, clear principles, and actionable guidelines. In turn, this knowledge becomes easy to apply when it is embedded in programming tools that favor human control. The examples clarify the key ideas of supporting users to express their intent through visual interfaces (although auditory and haptic interfaces are also valuable in many situations and for users with disabilities). These designs give users informative feedback about the machine state, with progress indicators and completion reports, thereby giving users meaningful control.",,2022,Human-Centered AI,https://www.semanticscholar.org/paper/48814299c7a7b6cbb6072c1a2afd03eb0ab7b7b4,Design Guidelines,semantic_scholar,full,False,False,True,True,False,True,advance_criteria,True,"Synthesizes theories, principles, and actionable guidelines as a form of design knowledge and articulates definitions of what makes successful design, satisfying C2 and C3.","The paper develops a design framework for metacognition from existing literature and cases, which is a synthesis/categorization of design-relevant knowledge, but the abstract does not clearly provide or adapt a definition of the construct.",False,,0,0,0,False,0,0,Design guidelines,tfidf-svd,knowledge-type,hdbscan,-1,noise / outliers,13.145923,10.907927,,-1,True,-1,4,0.9507571955386072,"guidelines, definitions, interfaces, goal, clear, hybrid, types, strategies",Unclustered papers,HDBSCAN did not assign these papers to a dense cluster. They are retained for inspection but should not be interpreted as a thematic cluster.,,,,,,"[{'paper_id': '85ba95ab4fa0', 'title': 'Six Guidelines for Trustworthy, Ethical and Responsible Automation Design', 'cluster': -1, 'distance': 0.6616889952169664}, {'paper_id': '139a1e71d8dc', 'title': 'Separation of Modeling Principles and Design Principles in Enterprise Engineering', 'cluster': -1, 'distance': 0.7771247847189852}, {'paper_id': 'ca185d91b684', 'title': 'Embracing Non-Natural Design in Human-Computer Interaction', 'cluster': -1, 'distance': 0.7929740873511948}, {'paper_id': 'd0a17557440f', 'title': 'Avoiding virtual dystopia: A design theory for emancipatory participatory immersive platforms', 'cluster': -1, 'distance': 0.8028564800688993}, {'paper_id': 'ee0a5b26f6dc', 'title': 'Formalizing Visualization Design Knowledge as Constraints: Actionable and Extensible Models in Draco', 'cluster': -1, 'distance': 0.8308864830452818}]",n/a,n/a,Not interpreted as a cluster theme.
2cceb8eaa8c9,Design Guidelines and Strategies for Interim Innovation,Xin An Chen,"This study introduces and explores the concept of 'interim innovation' as a novel category of innovation. While sharing some innovative functions, interim innovations demonstrate a unique ability to overcome traditional innovation resistances. Despite their potential significance, scholarly research on interim innovations remains scarce. Thus, this study aims to identify and analyze the patterns and characteristics of interim innovations, with the ultimate goal of developing comprehensive design guidelines and strategic frameworks for effectively fostering and implementing these innovations.Every year, innovative products with unique or advanced functionalities emerge in the market. However, these innovations often face slow adoption due to significant barriers such as high costs and performance uncertainties, with early benefits typically accruing to consumers in premium markets. Addressing this gap, this study introduces the concept of 'interim innovation.' An interim innovation incorporates innovative functions derived from an emerging product and is specifically designed to function as an accessory for an established mainstream product. For instance, an electric stand-capable desk converter, placed on a regular desk, mimics the functionalities of an electrically height-adjustable standing desk. Similarly, an electrical bike conversion kit can transform a standard bicycle into an electric bike. These interim innovations not only replicate the functions of more advanced products but also offer considerable advantages in reducing resistance to innovation and accelerating market diffusion. Despite their potential impact, academic exploration in this field is limited. This study, therefore, seeks to analyze interim innovations and establish detailed design guidelines and strategic approaches to effectively nurture and implement these innovations.This study adopts a case study methodology to explore the under-researched area of interim innovations, focusing on their patterns and characteristics. Interim innovations are categorized into three distinct groups: electric interim products, non-electric interim products, and exceptions. Each case study involves a comparative analysis between an interim innovation and its corresponding innovation. Employing the framework of innovation diffusion theory, the study analyzes these innovations across seven key characteristics: relative advantage, compatibility, complexity, trialability, observability, perceived risks, and familiarity. The findings from these case studies are then synthesized to develop practical design guidelines and strategic recommendations for interim innovation development.Interim innovations are a strategic approach to product development. This approach involves integrating emerging innovations as compatible add-ons to existing mainstream products. By combining these two, innovative features are created. This makes interim innovations notable for their cost-effectiveness and high compatibility with mainstream products. Additionally, they provide opportunities for promoting sustainability and inclusion. However, there are risks associated with interim innovations, such as a slight reduction in utility compared to the corresponding emerging innovations and concerns with their aesthetic appeal. This study addresses this gap in research by establishing guidelines and strategies for the development of interim innovation products. It emphasizes enhancing their functionality, compatibility, and appeal within the market.",,2024,"Creativity, Innovation and Entrepreneurship",https://www.semanticscholar.org/paper/4ea3c5beca8287f43cdecca8c3ae507628cb8817,Design Guidelines,semantic_scholar,full,False,False,True,True,True,True,advance_criteria,True,"Defines the novel construct of 'interim innovation' and develops design guidelines/strategic frameworks by analyzing patterns, plausibly satisfying both C2 and C3; flagged to confirm.","The abstract explicitly says the research synthesizes radiation oncology department design guidelines, satisfying C2, but no clear definition or adaptation of a design-knowledge construct is visible in the truncated abstract, so C3 requires full-text review.",False,,0,0,0,False,0,0,Design guidelines,tfidf-svd,knowledge-type,hdbscan,-1,noise / outliers,14.150316,9.826203,,-1,True,-1,4,0.935589240427686,"guidelines, definitions, interfaces, goal, clear, hybrid, types, strategies",Unclustered papers,HDBSCAN did not assign these papers to a dense cluster. They are retained for inspection but should not be interpreted as a thematic cluster.,,,,,,"[{'paper_id': '00d7fbafe65f', 'title': 'Demystifying Tacit Knowledge in Graphic Design: Characteristics, Instances, Approaches, and Guidelines', 'cluster': -1, 'distance': 0.5638314821915724}, {'paper_id': '85ba95ab4fa0', 'title': 'Six Guidelines for Trustworthy, Ethical and Responsible Automation Design', 'cluster': -1, 'distance': 0.7481940770816657}, {'paper_id': '0ef759265f23', 'title': 'The equitable use concept in sidewalk design', 'cluster': -1, 'distance': 0.8208963557484397}, {'paper_id': '48af90d5dfe7', 'title': 'Design Guidelines for Domain Specific Languages', 'cluster': -1, 'distance': 0.8405463219798444}, {'paper_id': '866322a64dc5', 'title': 'Healthy Eating Design Guidelines for School Architecture', 'cluster': -1, 'distance': 0.8448457810879986}]",n/a,n/a,Not interpreted as a cluster theme.
0ef759265f23,The equitable use concept in sidewalk design,Mahdi Aghaabbasi; M. Moeinaddini; Zohreh Asadi-Shekari; M. Z. Shah,"Abstract Equitable use (EU) is the first principle of universal design and promotes the usefulness and marketability of products for people with diverse abilities. Sidewalks, as the main circulation path for pedestrian transportation, can be designed and assessed based on this principle to improve their usability for all pedestrians. Currently, there is no clear definition of EU in the sidewalk design criteria; consequently, no design and assessment guidelines are based on this concept. This study aims to remedy this shortcoming in knowledge by defining and translating the theoretical and conceptual components of the characteristics of EU for sidewalks. This study also attempts to identify the contributions of sidewalk design factors in the main dimensions of EU applied to sidewalks. To achieve these objectives, we conduct an extensive literature review of available universal design guidelines and handbooks as well as scientific articles regarding the implementation of EU in outdoor environments and sidewalks. The results of this review contribute to the development of conceptual models to define EU in sidewalk design. A questionnaire was administered to collect data to test the fitness of these conceptual models. Fitness tests are conducted with structural equation modelling (SEM). The EU translation can be useful for designing and assessing sidewalks to ensure that sidewalks serve people with various abilities on an equal basis.",,2019,Cities,https://www.semanticscholar.org/paper/5a686e01a536a318c32f70e8b1eb114fd34c05de,Design Guidelines,semantic_scholar,full,False,False,True,True,False,True,advance_criteria,True,"Defines the equitable-use principle for sidewalk design and translates it into guidelines, satisfying both C2 and C3.","The abstract explicitly identifies a missing definition of equitable use in sidewalk design and states that the study defines and translates this concept into design and assessment guidance, satisfying both synthesis/definition criteria.",False,,0,0,0,False,0,0,Design guidelines,tfidf-svd,knowledge-type,hdbscan,-1,noise / outliers,14.561685,9.974346,,-1,True,-1,3,0.923948333921308,"guidelines, visualization, concept, usability, task, characteristics, aesthetics, rules",Unclustered papers,HDBSCAN did not assign these papers to a dense cluster. They are retained for inspection but should not be interpreted as a thematic cluster.,,,,,,"[{'paper_id': '14dcaf15aa66', 'title': 'Terminologia kohtaa k√§ytett√§vyyden. Terminologisen k√§ytett√§vyyden ydint√§ rakentamassa', 'cluster': -1, 'distance': 0.6540362162287023}, {'paper_id': '2cceb8eaa8c9', 'title': 'Design Guidelines and Strategies for Interim Innovation', 'cluster': -1, 'distance': 0.8208963557484397}, {'paper_id': '615169de6f0e', 'title': 'From interaction to trajectories: designing coherent journeys through user experiences', 'cluster': -1, 'distance': 0.827873955563495}, {'paper_id': 'b077c606da41', 'title': 'Classification approach for hybrid components in mechanical engineering with a focus on additive manufacturing', 'cluster': -1, 'distance': 0.856088517042801}, {'paper_id': '425cad2aba7c', 'title': 'Design Guidelines and Examples', 'cluster': -1, 'distance': 0.8732666156647885}]",n/a,n/a,Not interpreted as a cluster theme.
9020aa145571,A Process Framework for Designing Software Reference Architectures for Providing Tools as a Service,Muhammad Aufeef Chauhan; M. Babar; Christian W. Probst,"Software Reference Architecture (SRA), which is a generic architecture solution for a specific type of software systems, provides foundation for the design of concrete architectures in terms of architecture design guidelines and architecture elements. The complexity and size of certain types of software systems need customized and systematic SRA design and evaluation methods. In this paper, we present a software Reference Architecture Design process Framework (RADeF) that can be used for analysis, design and evaluation of the SRA for provisioning of Tools as a Service as part of a cloud-enabled workSPACE (TSPACE). The framework is based on the state of the art results from literature and our experiences with designing software architectures for cloud-based systems. We have applied RADeF SRA design two types of TSPACE: software architecting TSPACE and software implementation TSPACE. The presented framework emphasizes on keeping the conceptual meta-model of the domain under investigation at the core of SRA design strategy and use it as a guiding tool for design, evaluation, implementation and evolution of the SRA. The framework also emphasizes to consider the nature of the tools to be provisioned and underlying cloud platforms to be used while designing SRA. The framework recommends adoption of the multi-faceted approach for evaluation of SRA and quantifiable measurement scheme to evaluate quality of the SRA. We foresee that RADeF can facilitate software architects and researchers during design, application and evaluation of a SRA and its instantiations into concrete software systems.",,2016,International Conference on Product Focused Software Process Improvement,https://www.semanticscholar.org/paper/67ea5b36bfc4ea94e7fb7aa36c54bef831deb69e,Design Guidelines,semantic_scholar,full,False,False,True,True,True,True,advance_criteria,True,"Presents a reference architecture design process framework with design guidelines as its topic, plausibly synthesizing and defining constructs; flagged for full-text confirmation.","The paper presents a process framework for designing software reference architectures and may concern design process knowledge, but the abstract does not clearly indicate synthesis from prior literature or an explicit definition, warranting full-text review.",False,,0,0,0,False,0,0,Design guidelines,tfidf-svd,knowledge-type,hdbscan,-1,noise / outliers,11.604179,11.0668,,-1,True,-1,1,0.9601089125213442,"guidelines, architecture, visual, immersive, self, complex, developed, environments",Unclustered papers,HDBSCAN did not assign these papers to a dense cluster. They are retained for inspection but should not be interpreted as a thematic cluster.,,,,,,"[{'paper_id': '866322a64dc5', 'title': 'Healthy Eating Design Guidelines for School Architecture', 'cluster': -1, 'distance': 0.2855035383407435}, {'paper_id': '0842498049c7', 'title': 'The Extended Likeability Framework: A Theoretical Framework for and a Practical Case of Designing Likeable Media Applications for Preschoolers', 'cluster': -1, 'distance': 0.758779008566097}, {'paper_id': '48af90d5dfe7', 'title': 'Design Guidelines for Domain Specific Languages', 'cluster': -1, 'distance': 0.8499803223701599}, {'paper_id': '65c31c577170', 'title': 'The Rough Mile: Testing a Framework of Immersive Practice', 'cluster': -1, 'distance': 0.8731510873633708}, {'paper_id': 'ee0a5b26f6dc', 'title': 'Formalizing Visualization Design Knowledge as Constraints: Actionable and Extensible Models in Draco', 'cluster': -1, 'distance': 0.875005520537865}]",n/a,n/a,Not interpreted as a cluster theme.
866322a64dc5,Healthy Eating Design Guidelines for School Architecture,T. Huang; D. S√∏rensen; Steven Davis; L. Frerichs; Jeri Brittin; Joseph Celentano; Kelly Callahan; M. Trowbridge,"We developed a new tool, Healthy Eating Design Guidelines for School Architecture, to provide practitioners in architecture and public health with a practical set of spatially organized and theory-based strategies for making school environments more conducive to learning about and practicing healthy eating by optimizing physical resources and learning spaces. The design guidelines, developed through multidisciplinary collaboration, cover 10 domains of the school food environment (eg, cafeteria, kitchen, garden) and 5 core healthy eating design principles. A school redesign project in Dillwyn, Virginia, used the tool to improve the schools‚Äô ability to adopt a healthy nutrition curriculum and promote healthy eating. The new tool, now in a pilot version, is expected to evolve as its components are tested and evaluated through public health and design research.",,2013,Preventing Chronic Disease,https://www.semanticscholar.org/paper/8cf045de91534b74094162cb036d8acb5a6c74c4,Design Guidelines,semantic_scholar,full,False,False,True,True,False,True,advance_criteria,True,"Develops theory-based design guidelines and 5 core design principles synthesized through multidisciplinary work, satisfying C2 and providing its own defined principles for C3.","It presents new healthy eating design guidelines for school architecture, but the abstract does not clearly show that these guidelines are synthesized from prior literature as the topic of study or that any construct is explicitly defined, so full text is needed.",False,,0,0,0,False,0,0,Design guidelines,tfidf-svd,knowledge-type,hdbscan,-1,noise / outliers,11.915745,10.675777,,-1,True,-1,1,0.9601318096359358,"guidelines, architecture, visual, immersive, self, complex, developed, environments",Unclustered papers,HDBSCAN did not assign these papers to a dense cluster. They are retained for inspection but should not be interpreted as a thematic cluster.,,,,,,"[{'paper_id': '9020aa145571', 'title': 'A Process Framework for Designing Software Reference Architectures for Providing Tools as a Service', 'cluster': -1, 'distance': 0.2855035383407435}, {'paper_id': '139a1e71d8dc', 'title': 'Separation of Modeling Principles and Design Principles in Enterprise Engineering', 'cluster': -1, 'distance': 0.5660153943361357}, {'paper_id': 'b14f85b19a87', 'title': 'Design Study Methodology: Reflections from the Trenches and the Stacks', 'cluster': -1, 'distance': 0.7914041118438909}, {'paper_id': 'd0a17557440f', 'title': 'Avoiding virtual dystopia: A design theory for emancipatory participatory immersive platforms', 'cluster': -1, 'distance': 0.8299365195800805}, {'paper_id': '0176348439b8', 'title': 'A Comparative Study of Chinese and American Rural Design Guidelines', 'cluster': -1, 'distance': 0.8324660507958143}]",n/a,n/a,Not interpreted as a cluster theme.
ee0a5b26f6dc,Formalizing Visualization Design Knowledge as Constraints: Actionable and Extensible Models in Draco,Dominik Moritz; Chenglong Wang; Greg L. Nelson; Halden Lin; Adam M. Smith; Bill Howe; Jeffrey Heer,"There exists a gap between visualization design guidelines and their application in visualization tools. While empirical studies can provide design guidance, we lack a formal framework for representing design knowledge, integrating results across studies, and applying this knowledge in automated design tools that promote effective encodings and facilitate visual exploration. We propose modeling visualization design knowledge as a collection of constraints, in conjunction with a method to learn weights for soft constraints from experimental data. Using constraints, we can take theoretical design knowledge and express it in a concrete, extensible, and testable form: the resulting models can recommend visualization designs and can easily be augmented with additional constraints or updated weights. We implement our approach in Draco, a constraint-based system based on Answer Set Programming (ASP). We demonstrate how to construct increasingly sophisticated automated visualization design systems, including systems based on weights learned directly from the results of graphical perception experiments.",,2018,IEEE Transactions on Visualization and Computer Graphics,https://www.semanticscholar.org/paper/8db0faf2764f8b578c5d702989d437ff8bea9f14,Design Guidelines,semantic_scholar,full,False,False,True,True,True,True,advance_criteria,True,"Proposes a formal framework for representing visualization design knowledge as constraints integrating results across studies, addressing definition and synthesis of design knowledge; flagged to confirm in full text.","The paper centrally addresses visualization design knowledge and explicitly proposes a formal framework modeling it as constraints, but the abstract does not clearly indicate a synthesis from prior literature, so full text is needed to assess C2.",True,pdfplumber,141778,90,10,False,0,6,Design guidelines,tfidf-svd,knowledge-type,hdbscan,-1,noise / outliers,11.6307335,9.491631,,-1,True,-1,3,0.9635517796179988,"guidelines, visualization, concept, usability, task, characteristics, aesthetics, rules",Unclustered papers,HDBSCAN did not assign these papers to a dense cluster. They are retained for inspection but should not be interpreted as a thematic cluster.,,,,,,"[{'paper_id': '75f43821c56f', 'title': 'Towards a Model of Information Aesthetics in Information Visualization', 'cluster': -1, 'distance': 0.5774929409479233}, {'paper_id': 'b14f85b19a87', 'title': 'Design Study Methodology: Reflections from the Trenches and the Stacks', 'cluster': -1, 'distance': 0.6874281770963269}, {'paper_id': 'f0b2517a04a4', 'title': ""Don't Do That! Hunting Down Visual Design Smells in Complex UIs against Design Guidelines"", 'cluster': -1, 'distance': 0.7981578575624282}, {'paper_id': '425cad2aba7c', 'title': 'Design Guidelines and Examples', 'cluster': -1, 'distance': 0.8308864830452818}, {'paper_id': '9020aa145571', 'title': 'A Process Framework for Designing Software Reference Architectures for Providing Tools as a Service', 'cluster': -1, 'distance': 0.875005520537865}]",n/a,n/a,Not interpreted as a cluster theme.
0176348439b8,A Comparative Study of Chinese and American Rural Design Guidelines,D. Chu; R. Li,"Rural design guidelines is one of the statutory instruments identifying and interpreting directions for rural development on the basis of the actual needs of rural development, securing and normalizing procedures of rural design, construction, and management, guiding and controlling environment and landscape features of the rural space. Guidance and control mechanisms have been respectively established in China and the U.S for rural development, for which rural design guidelines are critical evaluation references, guidance standards, and instruction documentations. This paper outputs a definition for rural design guidelines, and thoroughly analyzes 37 pieces of rural design guidelines from 15 states of the U.S and 44 pieces of guidelines from 15 Chinese provinces collected and sorted out by the authors. It intends to disclose the features and differences of Chinese and American rural design guidelines via the induction of guidance and control factors and the classified comparison of the guidelines, and to compare the guideline-making procedures and application mechanisms between the Chinese and American rural design guidelines under the different circumstances of rural development, in order to offer effective references for rural development practices and studies in different countries.",,2019,International Journal of Structural and Civil Engineering Research,https://www.semanticscholar.org/paper/af67c18e22e351362a73fa3cb1d997e238f8c3d7,Design Guidelines,semantic_scholar,full,False,False,True,True,True,True,advance_criteria,True,"Comparative study of rural design guidelines that appears to offer a definition and synthesize guidance mechanisms, plausibly satisfying C2 and C3; flagged to confirm in full text.","This comparative study centers rural design guidelines and appears to produce a definitional or comparative framework from existing Chinese and U.S. guidance, but any explicit adapted or original definition is truncated and cannot be confirmed from the abstract alone.",False,,0,0,0,False,0,0,Design guidelines,tfidf-svd,knowledge-type,hdbscan,-1,noise / outliers,13.003711,11.854689,,-1,True,-1,3,0.9401384074722324,"guidelines, visualization, concept, usability, task, characteristics, aesthetics, rules",Unclustered papers,HDBSCAN did not assign these papers to a dense cluster. They are retained for inspection but should not be interpreted as a thematic cluster.,,,,,,"[{'paper_id': 'd0a17557440f', 'title': 'Avoiding virtual dystopia: A design theory for emancipatory participatory immersive platforms', 'cluster': -1, 'distance': 0.8122898504067511}, {'paper_id': '866322a64dc5', 'title': 'Healthy Eating Design Guidelines for School Architecture', 'cluster': -1, 'distance': 0.8324660507958143}, {'paper_id': '425cad2aba7c', 'title': 'Design Guidelines and Examples', 'cluster': -1, 'distance': 0.838001883698253}, {'paper_id': 'c216cc01fe23', 'title': 'A Preliminary Proposal Towards Unambiguous Definitions for Modular Interfaces and Interactions', 'cluster': -1, 'distance': 0.844656754791145}, {'paper_id': '85ba95ab4fa0', 'title': 'Six Guidelines for Trustworthy, Ethical and Responsible Automation Design', 'cluster': -1, 'distance': 0.8821434467281197}]",n/a,n/a,Not interpreted as a cluster theme.
cb5bf6a78d8e,From surface realism to training considerations: a proposal for changing the focus in the design of training systems,Pooyan Doozandeh,"Abstract Traditionally, it was believed that realistic, high-fidelity simulation could result in effective training-systems. By showing the potentials of low-fidelity simulations, numerous research projects cast doubt on the traditional belief in high-fidelity simulation. Because the construct of fidelity has guided the training-system design for decades, a growing disbelief in fidelity has created a void in design, leaving designers without resources in their decision-making. This article first presents a historical review that shows how fidelity has been used in research and design, and how it was later challenged by researchers. Then, in filling the void of fidelity, attempts at providing design guidelines, such as trainee- and task-analysis, are reviewed and their strengths and limitations are discussed. Toward the end, the lessons from the review are used to call for the creation of design methods. An example of such a method is discussed that uses the videorecording of expert performance as a resource in design.",,2020,Theoretical Issues in Ergonomics Science,https://www.semanticscholar.org/paper/ccf1364334d003c0962a2718b0cd994071ef0106,Design Guidelines,semantic_scholar,full,False,False,True,True,True,True,advance_criteria,True,"Reviews the historical use of the fidelity construct in training-system design and proposes a refocused design approach, plausibly synthesizing and redefining a design construct, warranting full-text review.","The abstract reports a historical review of how fidelity has been used in research and design of training systems, indicating synthesis of a design-related construct, but any explicit adapted or original definition is not clear from the abstract alone.",False,,0,0,0,False,0,0,Design guidelines,tfidf-svd,knowledge-type,hdbscan,-1,noise / outliers,13.560777,9.9495945,,-1,True,-1,0,0.9402631072519684,"guidelines, provide, guidance, definitions, high, immersive, literature, reflect",Unclustered papers,HDBSCAN did not assign these papers to a dense cluster. They are retained for inspection but should not be interpreted as a thematic cluster.,,,,,,"[{'paper_id': '48af90d5dfe7', 'title': 'Design Guidelines for Domain Specific Languages', 'cluster': -1, 'distance': 0.859340844238023}, {'paper_id': 'ca185d91b684', 'title': 'Embracing Non-Natural Design in Human-Computer Interaction', 'cluster': -1, 'distance': 0.8610659511380359}, {'paper_id': '2cceb8eaa8c9', 'title': 'Design Guidelines and Strategies for Interim Innovation', 'cluster': -1, 'distance': 0.895110321602099}, {'paper_id': 'c216cc01fe23', 'title': 'A Preliminary Proposal Towards Unambiguous Definitions for Modular Interfaces and Interactions', 'cluster': -1, 'distance': 0.9018337692811005}, {'paper_id': '866322a64dc5', 'title': 'Healthy Eating Design Guidelines for School Architecture', 'cluster': -1, 'distance': 0.9073196088060012}]",n/a,n/a,Not interpreted as a cluster theme.
0842498049c7,The Extended Likeability Framework: A Theoretical Framework for and a Practical Case of Designing Likeable Media Applications for Preschoolers,V. Abeele; B. Zaman,"A theoretical framework and practical case for designing likeable interactive media applications for preschoolers in the home environment are introduced. First, we elaborate on the theoretical framework. We introduce the uses and gratifications paradigm (U&G). We argue that U&G is a good approach to researching likeability of media applications. Next, we complete the U&G framework with expectancy-value (EV) theory. EV theory helps us move from theoretical insights to concrete design guidelines. Together, the U&G framework and the EV model form the foundation of our extended likeability framework for the design and evaluation of interactive media applications, for preschoolers in the home environment. Finally, we demonstrate a practical case of our extended likeability framework via the research project CuTI. The CuTI project aims at revealing those particular user gratifications and design attributes that are important to support playful behaviour and fun activities of preschoolers in the home environment.",,2008,Adv. Hum. Comput. Interact.,https://www.semanticscholar.org/paper/e2837ac0465e8cea18f2ab5b2f9f12f874ddbe1f,Design Guidelines,semantic_scholar,full,False,False,True,True,False,True,advance_criteria,True,"Synthesizes U&G and EV theories into an extended likeability framework yielding design guidelines and defines its own framework construct, satisfying C2 and C3.","The paper develops a universal design‚Äìintegrated accessibility framework while critically engaging existing accessibility standards and design guidelines, which plausibly satisfies synthesis of related constructs, but the abstract does not clearly state whether it explicitly defines or adapts a key construct, so full text should be checked.",False,,0,0,0,False,0,0,Design guidelines,tfidf-svd,knowledge-type,hdbscan,-1,noise / outliers,11.918761,11.373926,,-1,True,-1,5,0.958203517666089,"guidelines, practical, paradigm, environment, effective, introduce, brought, decades",Unclustered papers,HDBSCAN did not assign these papers to a dense cluster. They are retained for inspection but should not be interpreted as a thematic cluster.,,,,,,"[{'paper_id': '65c31c577170', 'title': 'The Rough Mile: Testing a Framework of Immersive Practice', 'cluster': -1, 'distance': 0.638867673625086}, {'paper_id': '9020aa145571', 'title': 'A Process Framework for Designing Software Reference Architectures for Providing Tools as a Service', 'cluster': -1, 'distance': 0.758779008566097}, {'paper_id': 'b14f85b19a87', 'title': 'Design Study Methodology: Reflections from the Trenches and the Stacks', 'cluster': -1, 'distance': 0.810266844097186}, {'paper_id': '139a1e71d8dc', 'title': 'Separation of Modeling Principles and Design Principles in Enterprise Engineering', 'cluster': -1, 'distance': 0.8212276726662447}, {'paper_id': '866322a64dc5', 'title': 'Healthy Eating Design Guidelines for School Architecture', 'cluster': -1, 'distance': 0.8465859889768762}]",n/a,n/a,Not interpreted as a cluster theme.
cb7daae2b94f,User Experience Design in Professional Map-Based Geo-Portals,Bernd Resch; B. Zimmer,"We have recently been witnessing the growing establishment of map-centered web-based geo-portals on national, regional and local levels. However, a particular issue with these geo-portals is that each instance has been implemented in different ways in terms of design, usability, functionality, interaction possibilities, map size and symbologies. In this paper, we try to tackle these shortcomings by analyzing and formalizing the requirements for map-based geo-portals in a user experience based approach. First, we propose a holistic definition the term of a ‚Äúgeo-portal‚Äù. Then, we present our approach to user experience design for map-based geo-portals by defining the functional requirements of a geo-portal, by analyzing previous geo-portal developments, by distilling the results of our empirical user study to perform practically-oriented user requirements, and finally by establishing a set of user experience design guidelines for the creation of map-based geo-portals. These design guidelines have been extracted for each of the main components of a geo-portal, i.e., the map, the search dialogue, the presentation of the search results, symbologies, and other aspects. These guidelines shall constitute the basis for future geo-portal developments to achieve standardization in the user-experience design of map-based geo-portals.",,2013,ISPRS Int. J. Geo Inf.,https://www.semanticscholar.org/paper/f2125c2a28765c33506f17f80c8f8098c4408196,Design Guidelines,semantic_scholar,full,False,False,True,True,True,True,advance_criteria,True,"Analyzes and formalizes UX requirements for geo-portals and proposes a holistic definition of 'geo-portal', suggesting synthesis and definitional work warranting full-text review.","The paper appears to develop sustainable design strategies for agritourism accommodations and may synthesize prior work, but the truncated abstract does not clearly confirm C2 or C3.",False,,0,0,0,False,0,0,Design guidelines,tfidf-svd,knowledge-type,hdbscan,-1,noise / outliers,14.15311,9.019861,,-1,True,-1,3,0.9302604913545176,"guidelines, visualization, concept, usability, task, characteristics, aesthetics, rules",Unclustered papers,HDBSCAN did not assign these papers to a dense cluster. They are retained for inspection but should not be interpreted as a thematic cluster.,,,,,,"[{'paper_id': '14dcaf15aa66', 'title': 'Terminologia kohtaa k√§ytett√§vyyden. Terminologisen k√§ytett√§vyyden ydint√§ rakentamassa', 'cluster': -1, 'distance': 0.7991290588290425}, {'paper_id': '00d7fbafe65f', 'title': 'Demystifying Tacit Knowledge in Graphic Design: Characteristics, Instances, Approaches, and Guidelines', 'cluster': -1, 'distance': 0.8280731887748992}, {'paper_id': 'ca185d91b684', 'title': 'Embracing Non-Natural Design in Human-Computer Interaction', 'cluster': -1, 'distance': 0.863138933910679}, {'paper_id': '48af90d5dfe7', 'title': 'Design Guidelines for Domain Specific Languages', 'cluster': -1, 'distance': 0.892210900167172}, {'paper_id': '0ef759265f23', 'title': 'The equitable use concept in sidewalk design', 'cluster': -1, 'distance': 0.8988456456968008}]",n/a,n/a,Not interpreted as a cluster theme.
c216cc01fe23,A Preliminary Proposal Towards Unambiguous Definitions for Modular Interfaces and Interactions,Lorenzo Fiorineschi; F. Rotini,"Modularity is acknowledged to provide benefits across the whole product lifecycle. Accordingly, many literature contributions can be found about modularization methods, metrics and definitions. In particular, recent studies focused on the development of heuristic principles for exploiting modularity early in the design process. However, to design modules it is necessary to define their mutual interactions, the related interfaces and their production strategies. Concerning interfaces and interactions, this paper highlights that current definitions are often ambiguous and overlapping each other. Therefore, extracting univocal information about interfaces and interactions of existent modular products could be difficult. This could hinder the identification of comprehensive heuristic design guidelines, about how to design modules from a structural point of view. This paper proposes a new set of interface and interaction definitions, which allows to overcome the flaw observed for current ones. The proposed set and the classical one have been applied on 110 products identified on the web, showing that the new definitions allow to extract more reliable information.",,2019,Proceedings of the Design Society,https://www.semanticscholar.org/paper/fac005c1d5ad4e966d06ca69426e26c52795b094,Design Guidelines,semantic_scholar,full,False,False,True,True,True,True,advance_criteria,True,"Reviews ambiguous existing definitions of modular interfaces/interactions and proposes its own unambiguous definitions, addressing definitional constructs as the topic.","The paper explicitly addresses ambiguous literature definitions of modular interfaces and interactions and proposes unambiguous definitions, satisfying both synthesis/definitional focus and original definition criteria.",True,pdfplumber,31993,23,7,True,4,2,Design guidelines,tfidf-svd,knowledge-type,hdbscan,-1,noise / outliers,14.163234,11.705341,,-1,True,-1,4,0.966512586472386,"guidelines, definitions, interfaces, goal, clear, hybrid, types, strategies",Unclustered papers,HDBSCAN did not assign these papers to a dense cluster. They are retained for inspection but should not be interpreted as a thematic cluster.,,,,,,"[{'paper_id': 'ca185d91b684', 'title': 'Embracing Non-Natural Design in Human-Computer Interaction', 'cluster': -1, 'distance': 0.724206058809395}, {'paper_id': '615169de6f0e', 'title': 'From interaction to trajectories: designing coherent journeys through user experiences', 'cluster': -1, 'distance': 0.7306688910748776}, {'paper_id': '14dcaf15aa66', 'title': 'Terminologia kohtaa k√§ytett√§vyyden. Terminologisen k√§ytett√§vyyden ydint√§ rakentamassa', 'cluster': -1, 'distance': 0.7830667666163292}, {'paper_id': 'b14f85b19a87', 'title': 'Design Study Methodology: Reflections from the Trenches and the Stacks', 'cluster': -1, 'distance': 0.7893279373657669}, {'paper_id': '139a1e71d8dc', 'title': 'Separation of Modeling Principles and Design Principles in Enterprise Engineering', 'cluster': -1, 'distance': 0.815980419219859}]",n/a,n/a,Not interpreted as a cluster theme.
